customer_id,churn_flag,churn_date,churn_reason
CUST00001,0,,Not Churned
CUST00002,0,,Not Churned
CUST00003,0,,Not Churned
CUST00004,0,,Not Churned
CUST00005,1,2026-07-25,Not Using Product
CUST00006,0,,Not Churned
CUST00007,0,,Not Churned
CUST00008,0,,Not Churned
CUST00009,0,,Not Churned
CUST00010,1,2026-01-08,Technical Issues
CUST00011,0,,Not Churned
CUST00012,1,2026-02-15,Competitor
CUST00013,1,2026-07-15,Other
CUST00014,0,,Not Churned
CUST00015,0,,Not Churned
CUST00016,0,,Not Churned
CUST00017,0,,Not Churned
CUST00018,1,2026-04-03,Technical Issues
CUST00019,0,,Not Churned
CUST00020,1,2026-06-25,Other
CUST00021,0,,Not Churned
CUST00022,1,2026-05-31,Competitor
CUST00023,0,,Not Churned
CUST00024,1,2026-07-19,Customer Support
CUST00025,1,2026-08-19,High Price
CUST00026,1,2026-08-27,Poor Service
CUST00027,0,,Not Churned
CUST00028,1,2026-01-11,Not Using Product
CUST00029,0,,Not Churned
CUST00030,1,2026-06-06,Customer Support
CUST00031,0,,Not Churned
CUST00032,1,2026-06-15,Poor Service
CUST00033,0,,Not Churned
CUST00034,0,,Not Churned
CUST00035,0,,Not Churned
CUST00036,1,2026-05-05,Other
CUST00037,0,,Not Churned
CUST00038,1,2026-03-01,Other
CUST00039,0,,Not Churned
CUST00040,0,,Not Churned
CUST00041,1,2026-08-02,Customer Support
CUST00042,0,,Not Churned
CUST00043,0,,Not Churned
CUST00044,0,,Not Churned
CUST00045,1,2026-02-15,Competitor
CUST00046,0,,Not Churned
CUST00047,0,,Not Churned
CUST00048,0,,Not Churned
CUST00049,0,,Not Churned
CUST00050,0,,Not Churned
CUST00051,0,,Not Churned
CUST00052,1,2026-04-11,High Price
CUST00053,0,,Not Churned
CUST00054,0,,Not Churned
CUST00055,0,,Not Churned
CUST00056,0,,Not Churned
CUST00057,0,,Not Churned
CUST00058,0,,Not Churned
CUST00059,0,,Not Churned
CUST00060,0,,Not Churned
CUST00061,0,,Not Churned
CUST00062,1,2026-01-14,Poor Service
CUST00063,0,,Not Churned
CUST00064,0,,Not Churned
CUST00065,0,,Not Churned
CUST00066,0,,Not Churned
CUST00067,0,,Not Churned
CUST00068,0,,Not Churned
CUST00069,0,,Not Churned
CUST00070,0,,Not Churned
CUST00071,1,2026-01-27,High Price
CUST00072,0,,Not Churned
CUST00073,1,2026-06-05,Other
CUST00074,0,,Not Churned
CUST00075,0,,Not Churned
CUST00076,0,,Not Churned
CUST00077,0,,Not Churned
CUST00078,0,,Not Churned
CUST00079,0,,Not Churned
CUST00080,1,2026-08-24,Other
CUST00081,0,,Not Churned
CUST00082,0,,Not Churned
CUST00083,0,,Not Churned
CUST00084,1,2026-03-01,Customer Support
CUST00085,0,,Not Churned
CUST00086,0,,Not Churned
CUST00087,0,,Not Churned
CUST00088,0,,Not Churned
CUST00089,1,2026-07-07,Poor Service
CUST00090,0,,Not Churned
CUST00091,0,,Not Churned
CUST00092,0,,Not Churned
CUST00093,0,,Not Churned
CUST00094,1,2026-03-26,Competitor
CUST00095,0,,Not Churned
CUST00096,0,,Not Churned
CUST00097,1,2026-04-10,Poor Service
CUST00098,1,2026-04-18,Customer Support
CUST00099,0,,Not Churned
CUST00100,0,,Not Churned
CUST00101,1,2026-03-27,Other
CUST00102,0,,Not Churned
CUST00103,1,2026-08-05,Technical Issues
CUST00104,0,,Not Churned
CUST00105,0,,Not Churned
CUST00106,0,,Not Churned
CUST00107,0,,Not Churned
CUST00108,1,2026-03-17,Competitor
CUST00109,0,,Not Churned
CUST00110,0,,Not Churned
CUST00111,0,,Not Churned
CUST00112,0,,Not Churned
CUST00113,0,,Not Churned
CUST00114,0,,Not Churned
CUST00115,1,2026-06-11,Poor Service
CUST00116,1,2026-04-08,Not Using Product
CUST00117,0,,Not Churned
CUST00118,0,,Not Churned
CUST00119,0,,Not Churned
CUST00120,0,,Not Churned
CUST00121,0,,Not Churned
CUST00122,1,2026-02-09,High Price
CUST00123,0,,Not Churned
CUST00124,0,,Not Churned
CUST00125,0,,Not Churned
CUST00126,0,,Not Churned
CUST00127,0,,Not Churned
CUST00128,0,,Not Churned
CUST00129,0,,Not Churned
CUST00130,0,,Not Churned
CUST00131,0,,Not Churned
CUST00132,0,,Not Churned
CUST00133,0,,Not Churned
CUST00134,0,,Not Churned
CUST00135,1,2026-05-12,Poor Service
CUST00136,0,,Not Churned
CUST00137,0,,Not Churned
CUST00138,0,,Not Churned
CUST00139,0,,Not Churned
CUST00140,1,2026-08-08,Technical Issues
CUST00141,0,,Not Churned
CUST00142,0,,Not Churned
CUST00143,0,,Not Churned
CUST00144,1,2026-03-25,Customer Support
CUST00145,0,,Not Churned
CUST00146,0,,Not Churned
CUST00147,0,,Not Churned
CUST00148,0,,Not Churned
CUST00149,0,,Not Churned
CUST00150,0,,Not Churned
CUST00151,0,,Not Churned
CUST00152,1,2026-04-26,Poor Service
CUST00153,0,,Not Churned
CUST00154,0,,Not Churned
CUST00155,0,,Not Churned
CUST00156,1,2026-03-29,Customer Support
CUST00157,0,,Not Churned
CUST00158,0,,Not Churned
CUST00159,1,2026-07-22,High Price
CUST00160,1,2026-07-02,High Price
CUST00161,0,,Not Churned
CUST00162,1,2026-05-09,Poor Service
CUST00163,0,,Not Churned
CUST00164,0,,Not Churned
CUST00165,1,2026-04-12,Customer Support
CUST00166,1,2026-04-22,Customer Support
CUST00167,0,,Not Churned
CUST00168,0,,Not Churned
CUST00169,0,,Not Churned
CUST00170,0,,Not Churned
CUST00171,0,,Not Churned
CUST00172,0,,Not Churned
CUST00173,0,,Not Churned
CUST00174,0,,Not Churned
CUST00175,1,2026-08-17,Competitor
CUST00176,0,,Not Churned
CUST00177,1,2026-07-02,Competitor
CUST00178,1,2026-05-04,Other
CUST00179,0,,Not Churned
CUST00180,0,,Not Churned
CUST00181,0,,Not Churned
CUST00182,0,,Not Churned
CUST00183,1,2026-02-20,Other
CUST00184,0,,Not Churned
CUST00185,0,,Not Churned
CUST00186,0,,Not Churned
CUST00187,0,,Not Churned
CUST00188,0,,Not Churned
CUST00189,1,2026-04-12,Poor Service
CUST00190,0,,Not Churned
CUST00191,0,,Not Churned
CUST00192,0,,Not Churned
CUST00193,1,2026-02-19,Other
CUST00194,0,,Not Churned
CUST00195,0,,Not Churned
CUST00196,0,,Not Churned
CUST00197,0,,Not Churned
CUST00198,1,2026-08-26,Competitor
CUST00199,0,,Not Churned
CUST00200,0,,Not Churned
CUST00201,0,,Not Churned
CUST00202,0,,Not Churned
CUST00203,0,,Not Churned
CUST00204,1,2026-02-22,Technical Issues
CUST00205,1,2026-07-03,High Price
CUST00206,1,2026-04-29,Technical Issues
CUST00207,1,2026-06-13,Technical Issues
CUST00208,1,2026-01-14,Technical Issues
CUST00209,0,,Not Churned
CUST00210,1,2026-03-20,Not Using Product
CUST00211,1,2026-05-25,Poor Service
CUST00212,0,,Not Churned
CUST00213,0,,Not Churned
CUST00214,1,2026-07-19,Customer Support
CUST00215,0,,Not Churned
CUST00216,1,2026-06-04,Competitor
CUST00217,1,2026-02-08,Technical Issues
CUST00218,0,,Not Churned
CUST00219,0,,Not Churned
CUST00220,1,2026-08-18,Not Using Product
CUST00221,1,2026-02-08,Competitor
CUST00222,0,,Not Churned
CUST00223,1,2026-06-04,Technical Issues
CUST00224,0,,Not Churned
CUST00225,0,,Not Churned
CUST00226,0,,Not Churned
CUST00227,0,,Not Churned
CUST00228,0,,Not Churned
CUST00229,0,,Not Churned
CUST00230,0,,Not Churned
CUST00231,0,,Not Churned
CUST00232,0,,Not Churned
CUST00233,0,,Not Churned
CUST00234,0,,Not Churned
CUST00235,0,,Not Churned
CUST00236,0,,Not Churned
CUST00237,0,,Not Churned
CUST00238,0,,Not Churned
CUST00239,0,,Not Churned
CUST00240,0,,Not Churned
CUST00241,1,2026-07-05,High Price
CUST00242,0,,Not Churned
CUST00243,0,,Not Churned
CUST00244,1,2026-01-16,High Price
CUST00245,0,,Not Churned
CUST00246,0,,Not Churned
CUST00247,0,,Not Churned
CUST00248,0,,Not Churned
CUST00249,0,,Not Churned
CUST00250,1,2026-06-22,Customer Support
CUST00251,0,,Not Churned
CUST00252,0,,Not Churned
CUST00253,0,,Not Churned
CUST00254,1,2026-07-10,Customer Support
CUST00255,0,,Not Churned
CUST00256,0,,Not Churned
CUST00257,1,2026-06-12,Poor Service
CUST00258,1,2026-01-18,Customer Support
CUST00259,1,2026-06-16,Technical Issues
CUST00260,0,,Not Churned
CUST00261,1,2026-06-16,Poor Service
CUST00262,0,,Not Churned
CUST00263,1,2026-08-23,Customer Support
CUST00264,0,,Not Churned
CUST00265,1,2026-03-22,Not Using Product
CUST00266,0,,Not Churned
CUST00267,0,,Not Churned
CUST00268,0,,Not Churned
CUST00269,0,,Not Churned
CUST00270,0,,Not Churned
CUST00271,0,,Not Churned
CUST00272,0,,Not Churned
CUST00273,0,,Not Churned
CUST00274,0,,Not Churned
CUST00275,0,,Not Churned
CUST00276,1,2026-06-20,Poor Service
CUST00277,0,,Not Churned
CUST00278,0,,Not Churned
CUST00279,0,,Not Churned
CUST00280,0,,Not Churned
CUST00281,0,,Not Churned
CUST00282,0,,Not Churned
CUST00283,1,2026-01-20,Other
CUST00284,0,,Not Churned
CUST00285,0,,Not Churned
CUST00286,0,,Not Churned
CUST00287,0,,Not Churned
CUST00288,1,2026-01-12,Competitor
CUST00289,0,,Not Churned
CUST00290,0,,Not Churned
CUST00291,1,2026-05-19,Other
CUST00292,0,,Not Churned
CUST00293,1,2026-03-22,Not Using Product
CUST00294,0,,Not Churned
CUST00295,0,,Not Churned
CUST00296,0,,Not Churned
CUST00297,0,,Not Churned
CUST00298,1,2026-07-24,Technical Issues
CUST00299,0,,Not Churned
CUST00300,0,,Not Churned
CUST00301,1,2026-03-06,Not Using Product
CUST00302,0,,Not Churned
CUST00303,0,,Not Churned
CUST00304,1,2026-07-03,High Price
CUST00305,0,,Not Churned
CUST00306,1,2026-04-01,Competitor
CUST00307,0,,Not Churned
CUST00308,0,,Not Churned
CUST00309,0,,Not Churned
CUST00310,1,2026-06-05,High Price
CUST00311,1,2026-07-24,Competitor
CUST00312,0,,Not Churned
CUST00313,0,,Not Churned
CUST00314,1,2026-02-19,Competitor
CUST00315,0,,Not Churned
CUST00316,0,,Not Churned
CUST00317,0,,Not Churned
CUST00318,0,,Not Churned
CUST00319,0,,Not Churned
CUST00320,1,2026-05-28,Not Using Product
CUST00321,0,,Not Churned
CUST00322,0,,Not Churned
CUST00323,0,,Not Churned
CUST00324,0,,Not Churned
CUST00325,0,,Not Churned
CUST00326,0,,Not Churned
CUST00327,0,,Not Churned
CUST00328,0,,Not Churned
CUST00329,0,,Not Churned
CUST00330,0,,Not Churned
CUST00331,0,,Not Churned
CUST00332,1,2026-05-10,Technical Issues
CUST00333,0,,Not Churned
CUST00334,1,2026-01-05,Other
CUST00335,0,,Not Churned
CUST00336,1,2026-08-07,Not Using Product
CUST00337,0,,Not Churned
CUST00338,1,2026-04-27,Technical Issues
CUST00339,0,,Not Churned
CUST00340,0,,Not Churned
CUST00341,0,,Not Churned
CUST00342,0,,Not Churned
CUST00343,0,,Not Churned
CUST00344,1,2026-05-30,Other
CUST00345,0,,Not Churned
CUST00346,1,2026-03-09,Customer Support
CUST00347,0,,Not Churned
CUST00348,0,,Not Churned
CUST00349,1,2026-05-26,Customer Support
CUST00350,1,2026-07-06,Competitor
CUST00351,0,,Not Churned
CUST00352,1,2026-02-07,Customer Support
CUST00353,1,2026-08-15,Customer Support
CUST00354,0,,Not Churned
CUST00355,0,,Not Churned
CUST00356,0,,Not Churned
CUST00357,1,2026-06-15,Customer Support
CUST00358,0,,Not Churned
CUST00359,1,2026-05-27,Technical Issues
CUST00360,0,,Not Churned
CUST00361,0,,Not Churned
CUST00362,1,2026-06-10,Competitor
CUST00363,0,,Not Churned
CUST00364,1,2026-01-28,Other
CUST00365,0,,Not Churned
CUST00366,1,2026-02-14,Not Using Product
CUST00367,0,,Not Churned
CUST00368,0,,Not Churned
CUST00369,0,,Not Churned
CUST00370,0,,Not Churned
CUST00371,0,,Not Churned
CUST00372,0,,Not Churned
CUST00373,1,2026-06-29,Other
CUST00374,0,,Not Churned
CUST00375,1,2026-01-28,Poor Service
CUST00376,0,,Not Churned
CUST00377,1,2026-03-23,Technical Issues
CUST00378,1,2026-08-03,Not Using Product
CUST00379,0,,Not Churned
CUST00380,0,,Not Churned
CUST00381,0,,Not Churned
CUST00382,0,,Not Churned
CUST00383,0,,Not Churned
CUST00384,0,,Not Churned
CUST00385,1,2026-04-09,Not Using Product
CUST00386,0,,Not Churned
CUST00387,0,,Not Churned
CUST00388,1,2026-01-22,Technical Issues
CUST00389,0,,Not Churned
CUST00390,1,2026-08-28,Other
CUST00391,0,,Not Churned
CUST00392,0,,Not Churned
CUST00393,1,2026-02-07,Not Using Product
CUST00394,0,,Not Churned
CUST00395,0,,Not Churned
CUST00396,0,,Not Churned
CUST00397,0,,Not Churned
CUST00398,0,,Not Churned
CUST00399,0,,Not Churned
CUST00400,0,,Not Churned
CUST00401,0,,Not Churned
CUST00402,0,,Not Churned
CUST00403,0,,Not Churned
CUST00404,0,,Not Churned
CUST00405,1,2026-01-25,High Price
CUST00406,0,,Not Churned
CUST00407,0,,Not Churned
CUST00408,1,2026-03-09,Customer Support
CUST00409,1,2026-07-17,Technical Issues
CUST00410,1,2026-06-27,Poor Service
CUST00411,0,,Not Churned
CUST00412,0,,Not Churned
CUST00413,0,,Not Churned
CUST00414,0,,Not Churned
CUST00415,1,2026-08-08,Not Using Product
CUST00416,1,2026-04-28,Poor Service
CUST00417,0,,Not Churned
CUST00418,0,,Not Churned
CUST00419,1,2026-08-02,High Price
CUST00420,1,2026-08-08,Other
CUST00421,0,,Not Churned
CUST00422,0,,Not Churned
CUST00423,0,,Not Churned
CUST00424,1,2026-04-17,Competitor
CUST00425,0,,Not Churned
CUST00426,0,,Not Churned
CUST00427,1,2026-06-28,Poor Service
CUST00428,1,2026-06-04,Poor Service
CUST00429,1,2026-04-02,Poor Service
CUST00430,0,,Not Churned
CUST00431,1,2026-08-06,Customer Support
CUST00432,0,,Not Churned
CUST00433,0,,Not Churned
CUST00434,0,,Not Churned
CUST00435,0,,Not Churned
CUST00436,1,2026-01-05,Other
CUST00437,1,2026-07-07,Customer Support
CUST00438,0,,Not Churned
CUST00439,0,,Not Churned
CUST00440,0,,Not Churned
CUST00441,0,,Not Churned
CUST00442,1,2026-02-28,Technical Issues
CUST00443,1,2026-07-18,Technical Issues
CUST00444,0,,Not Churned
CUST00445,1,2026-08-23,Not Using Product
CUST00446,1,2026-04-19,Competitor
CUST00447,1,2026-07-13,Competitor
CUST00448,0,,Not Churned
CUST00449,1,2026-01-12,Poor Service
CUST00450,0,,Not Churned
CUST00451,0,,Not Churned
CUST00452,0,,Not Churned
CUST00453,0,,Not Churned
CUST00454,0,,Not Churned
CUST00455,0,,Not Churned
CUST00456,0,,Not Churned
CUST00457,1,2026-05-11,Competitor
CUST00458,0,,Not Churned
CUST00459,0,,Not Churned
CUST00460,0,,Not Churned
CUST00461,0,,Not Churned
CUST00462,0,,Not Churned
CUST00463,0,,Not Churned
CUST00464,0,,Not Churned
CUST00465,0,,Not Churned
CUST00466,1,2026-03-26,Poor Service
CUST00467,0,,Not Churned
CUST00468,1,2026-08-19,Not Using Product
CUST00469,0,,Not Churned
CUST00470,0,,Not Churned
CUST00471,0,,Not Churned
CUST00472,0,,Not Churned
CUST00473,0,,Not Churned
CUST00474,1,2026-08-13,Not Using Product
CUST00475,0,,Not Churned
CUST00476,0,,Not Churned
CUST00477,0,,Not Churned
CUST00478,1,2026-07-11,Not Using Product
CUST00479,1,2026-05-03,Technical Issues
CUST00480,0,,Not Churned
CUST00481,1,2026-04-20,Not Using Product
CUST00482,0,,Not Churned
CUST00483,0,,Not Churned
CUST00484,0,,Not Churned
CUST00485,1,2026-03-18,Other
CUST00486,0,,Not Churned
CUST00487,0,,Not Churned
CUST00488,0,,Not Churned
CUST00489,0,,Not Churned
CUST00490,0,,Not Churned
CUST00491,1,2026-06-02,Technical Issues
CUST00492,0,,Not Churned
CUST00493,0,,Not Churned
CUST00494,0,,Not Churned
CUST00495,0,,Not Churned
CUST00496,0,,Not Churned
CUST00497,1,2026-05-09,Poor Service
CUST00498,0,,Not Churned
CUST00499,0,,Not Churned
CUST00500,0,,Not Churned
CUST00501,0,,Not Churned
CUST00502,0,,Not Churned
CUST00503,0,,Not Churned
CUST00504,0,,Not Churned
CUST00505,0,,Not Churned
CUST00506,0,,Not Churned
CUST00507,0,,Not Churned
CUST00508,1,2026-05-21,Poor Service
CUST00509,0,,Not Churned
CUST00510,0,,Not Churned
CUST00511,0,,Not Churned
CUST00512,1,2026-08-28,Poor Service
CUST00513,0,,Not Churned
CUST00514,1,2026-07-12,Competitor
CUST00515,0,,Not Churned
CUST00516,0,,Not Churned
CUST00517,1,2026-04-05,Technical Issues
CUST00518,0,,Not Churned
CUST00519,0,,Not Churned
CUST00520,0,,Not Churned
CUST00521,0,,Not Churned
CUST00522,0,,Not Churned
CUST00523,0,,Not Churned
CUST00524,0,,Not Churned
CUST00525,1,2026-04-28,Other
CUST00526,1,2026-06-27,Technical Issues
CUST00527,1,2026-07-19,Poor Service
CUST00528,0,,Not Churned
CUST00529,1,2026-05-22,High Price
CUST00530,0,,Not Churned
CUST00531,0,,Not Churned
CUST00532,0,,Not Churned
CUST00533,0,,Not Churned
CUST00534,0,,Not Churned
CUST00535,1,2026-06-04,Poor Service
CUST00536,0,,Not Churned
CUST00537,0,,Not Churned
CUST00538,1,2026-07-09,Technical Issues
CUST00539,0,,Not Churned
CUST00540,0,,Not Churned
CUST00541,1,2026-07-01,Other
CUST00542,0,,Not Churned
CUST00543,1,2026-04-28,Poor Service
CUST00544,1,2026-04-18,Technical Issues
CUST00545,0,,Not Churned
CUST00546,0,,Not Churned
CUST00547,0,,Not Churned
CUST00548,1,2026-07-23,Competitor
CUST00549,1,2026-04-20,Competitor
CUST00550,0,,Not Churned
CUST00551,0,,Not Churned
CUST00552,0,,Not Churned
CUST00553,1,2026-05-06,Technical Issues
CUST00554,0,,Not Churned
CUST00555,0,,Not Churned
CUST00556,0,,Not Churned
CUST00557,1,2026-01-13,Poor Service
CUST00558,0,,Not Churned
CUST00559,1,2026-06-05,Poor Service
CUST00560,0,,Not Churned
CUST00561,1,2026-01-12,Customer Support
CUST00562,0,,Not Churned
CUST00563,0,,Not Churned
CUST00564,0,,Not Churned
CUST00565,1,2026-01-17,Competitor
CUST00566,0,,Not Churned
CUST00567,1,2026-02-23,High Price
CUST00568,0,,Not Churned
CUST00569,0,,Not Churned
CUST00570,1,2026-04-27,High Price
CUST00571,1,2026-01-06,Poor Service
CUST00572,0,,Not Churned
CUST00573,0,,Not Churned
CUST00574,0,,Not Churned
CUST00575,0,,Not Churned
CUST00576,1,2026-02-28,Competitor
CUST00577,0,,Not Churned
CUST00578,1,2026-03-30,Competitor
CUST00579,0,,Not Churned
CUST00580,1,2026-04-02,Technical Issues
CUST00581,0,,Not Churned
CUST00582,0,,Not Churned
CUST00583,0,,Not Churned
CUST00584,0,,Not Churned
CUST00585,0,,Not Churned
CUST00586,1,2026-03-28,Competitor
CUST00587,0,,Not Churned
CUST00588,0,,Not Churned
CUST00589,0,,Not Churned
CUST00590,1,2026-08-12,Customer Support
CUST00591,0,,Not Churned
CUST00592,0,,Not Churned
CUST00593,1,2026-08-26,Not Using Product
CUST00594,0,,Not Churned
CUST00595,0,,Not Churned
CUST00596,1,2026-03-17,Customer Support
CUST00597,1,2026-01-16,Other
CUST00598,0,,Not Churned
CUST00599,1,2026-03-05,High Price
CUST00600,1,2026-08-19,Not Using Product
CUST00601,0,,Not Churned
CUST00602,0,,Not Churned
CUST00603,0,,Not Churned
CUST00604,1,2026-07-24,Poor Service
CUST00605,0,,Not Churned
CUST00606,0,,Not Churned
CUST00607,1,2026-07-13,Poor Service
CUST00608,0,,Not Churned
CUST00609,1,2026-04-09,Other
CUST00610,0,,Not Churned
CUST00611,0,,Not Churned
CUST00612,0,,Not Churned
CUST00613,0,,Not Churned
CUST00614,0,,Not Churned
CUST00615,1,2026-05-24,Technical Issues
CUST00616,0,,Not Churned
CUST00617,0,,Not Churned
CUST00618,1,2026-01-18,Other
CUST00619,0,,Not Churned
CUST00620,0,,Not Churned
CUST00621,1,2026-04-14,Other
CUST00622,0,,Not Churned
CUST00623,1,2026-04-22,Competitor
CUST00624,1,2026-08-09,Other
CUST00625,0,,Not Churned
CUST00626,0,,Not Churned
CUST00627,0,,Not Churned
CUST00628,0,,Not Churned
CUST00629,0,,Not Churned
CUST00630,0,,Not Churned
CUST00631,0,,Not Churned
CUST00632,1,2026-03-10,Competitor
CUST00633,0,,Not Churned
CUST00634,0,,Not Churned
CUST00635,1,2026-03-02,Other
CUST00636,1,2026-06-28,Not Using Product
CUST00637,0,,Not Churned
CUST00638,0,,Not Churned
CUST00639,1,2026-06-28,Poor Service
CUST00640,0,,Not Churned
CUST00641,0,,Not Churned
CUST00642,1,2026-08-28,Other
CUST00643,0,,Not Churned
CUST00644,0,,Not Churned
CUST00645,1,2026-01-27,Customer Support
CUST00646,1,2026-07-08,Other
CUST00647,0,,Not Churned
CUST00648,0,,Not Churned
CUST00649,1,2026-08-14,Not Using Product
CUST00650,0,,Not Churned
CUST00651,0,,Not Churned
CUST00652,0,,Not Churned
CUST00653,0,,Not Churned
CUST00654,0,,Not Churned
CUST00655,1,2026-03-12,Competitor
CUST00656,0,,Not Churned
CUST00657,1,2026-02-26,Customer Support
CUST00658,0,,Not Churned
CUST00659,0,,Not Churned
CUST00660,1,2026-03-20,High Price
CUST00661,1,2026-05-07,High Price
CUST00662,0,,Not Churned
CUST00663,1,2026-04-22,Competitor
CUST00664,0,,Not Churned
CUST00665,0,,Not Churned
CUST00666,0,,Not Churned
CUST00667,1,2026-02-01,Poor Service
CUST00668,0,,Not Churned
CUST00669,0,,Not Churned
CUST00670,0,,Not Churned
CUST00671,0,,Not Churned
CUST00672,0,,Not Churned
CUST00673,0,,Not Churned
CUST00674,0,,Not Churned
CUST00675,0,,Not Churned
CUST00676,0,,Not Churned
CUST00677,0,,Not Churned
CUST00678,1,2026-05-22,High Price
CUST00679,0,,Not Churned
CUST00680,0,,Not Churned
CUST00681,0,,Not Churned
CUST00682,0,,Not Churned
CUST00683,0,,Not Churned
CUST00684,0,,Not Churned
CUST00685,1,2026-05-15,Competitor
CUST00686,0,,Not Churned
CUST00687,0,,Not Churned
CUST00688,0,,Not Churned
CUST00689,1,2026-05-20,Not Using Product
CUST00690,0,,Not Churned
CUST00691,0,,Not Churned
CUST00692,0,,Not Churned
CUST00693,0,,Not Churned
CUST00694,1,2026-03-19,Technical Issues
CUST00695,1,2026-06-03,Technical Issues
CUST00696,0,,Not Churned
CUST00697,0,,Not Churned
CUST00698,0,,Not Churned
CUST00699,0,,Not Churned
CUST00700,0,,Not Churned
CUST00701,0,,Not Churned
CUST00702,0,,Not Churned
CUST00703,0,,Not Churned
CUST00704,0,,Not Churned
CUST00705,0,,Not Churned
CUST00706,1,2026-03-09,Customer Support
CUST00707,0,,Not Churned
CUST00708,0,,Not Churned
CUST00709,1,2026-07-24,Not Using Product
CUST00710,1,2026-03-08,Customer Support
CUST00711,0,,Not Churned
CUST00712,0,,Not Churned
CUST00713,0,,Not Churned
CUST00714,0,,Not Churned
CUST00715,1,2026-07-17,Competitor
CUST00716,1,2026-03-20,High Price
CUST00717,0,,Not Churned
CUST00718,1,2026-06-22,High Price
CUST00719,0,,Not Churned
CUST00720,0,,Not Churned
CUST00721,1,2026-03-04,Poor Service
CUST00722,0,,Not Churned
CUST00723,1,2026-03-07,Competitor
CUST00724,1,2026-05-20,High Price
CUST00725,0,,Not Churned
CUST00726,0,,Not Churned
CUST00727,0,,Not Churned
CUST00728,0,,Not Churned
CUST00729,1,2026-04-18,High Price
CUST00730,1,2026-06-12,Poor Service
CUST00731,0,,Not Churned
CUST00732,0,,Not Churned
CUST00733,1,2026-04-28,Poor Service
CUST00734,0,,Not Churned
CUST00735,0,,Not Churned
CUST00736,0,,Not Churned
CUST00737,1,2026-06-02,Poor Service
CUST00738,0,,Not Churned
CUST00739,0,,Not Churned
CUST00740,0,,Not Churned
CUST00741,0,,Not Churned
CUST00742,0,,Not Churned
CUST00743,0,,Not Churned
CUST00744,0,,Not Churned
CUST00745,0,,Not Churned
CUST00746,0,,Not Churned
CUST00747,0,,Not Churned
CUST00748,0,,Not Churned
CUST00749,0,,Not Churned
CUST00750,0,,Not Churned
CUST00751,0,,Not Churned
CUST00752,0,,Not Churned
CUST00753,1,2026-05-01,Technical Issues
CUST00754,1,2026-02-14,Technical Issues
CUST00755,0,,Not Churned
CUST00756,0,,Not Churned
CUST00757,1,2026-07-24,High Price
CUST00758,0,,Not Churned
CUST00759,0,,Not Churned
CUST00760,0,,Not Churned
CUST00761,0,,Not Churned
CUST00762,0,,Not Churned
CUST00763,0,,Not Churned
CUST00764,0,,Not Churned
CUST00765,0,,Not Churned
CUST00766,1,2026-04-25,Customer Support
CUST00767,0,,Not Churned
CUST00768,0,,Not Churned
CUST00769,0,,Not Churned
CUST00770,0,,Not Churned
CUST00771,1,2026-04-13,Other
CUST00772,1,2026-06-16,Not Using Product
CUST00773,0,,Not Churned
CUST00774,0,,Not Churned
CUST00775,0,,Not Churned
CUST00776,0,,Not Churned
CUST00777,0,,Not Churned
CUST00778,0,,Not Churned
CUST00779,0,,Not Churned
CUST00780,0,,Not Churned
CUST00781,0,,Not Churned
CUST00782,0,,Not Churned
CUST00783,1,2026-05-25,Competitor
CUST00784,0,,Not Churned
CUST00785,0,,Not Churned
CUST00786,1,2026-04-01,Not Using Product
CUST00787,0,,Not Churned
CUST00788,0,,Not Churned
CUST00789,0,,Not Churned
CUST00790,0,,Not Churned
CUST00791,0,,Not Churned
CUST00792,0,,Not Churned
CUST00793,0,,Not Churned
CUST00794,1,2026-07-22,Poor Service
CUST00795,0,,Not Churned
CUST00796,0,,Not Churned
CUST00797,0,,Not Churned
CUST00798,0,,Not Churned
CUST00799,1,2026-04-05,Other
CUST00800,1,2026-07-20,High Price
CUST00801,0,,Not Churned
CUST00802,1,2026-02-06,High Price
CUST00803,1,2026-08-30,Customer Support
CUST00804,0,,Not Churned
CUST00805,0,,Not Churned
CUST00806,0,,Not Churned
CUST00807,0,,Not Churned
CUST00808,0,,Not Churned
CUST00809,1,2026-06-01,Poor Service
CUST00810,1,2026-07-30,Other
CUST00811,0,,Not Churned
CUST00812,0,,Not Churned
CUST00813,0,,Not Churned
CUST00814,1,2026-07-16,High Price
CUST00815,0,,Not Churned
CUST00816,0,,Not Churned
CUST00817,0,,Not Churned
CUST00818,0,,Not Churned
CUST00819,1,2026-06-26,Competitor
CUST00820,0,,Not Churned
CUST00821,0,,Not Churned
CUST00822,0,,Not Churned
CUST00823,0,,Not Churned
CUST00824,0,,Not Churned
CUST00825,0,,Not Churned
CUST00826,1,2026-01-05,Technical Issues
CUST00827,0,,Not Churned
CUST00828,0,,Not Churned
CUST00829,0,,Not Churned
CUST00830,0,,Not Churned
CUST00831,0,,Not Churned
CUST00832,0,,Not Churned
CUST00833,0,,Not Churned
CUST00834,0,,Not Churned
CUST00835,0,,Not Churned
CUST00836,0,,Not Churned
CUST00837,0,,Not Churned
CUST00838,0,,Not Churned
CUST00839,1,2026-04-22,Customer Support
CUST00840,0,,Not Churned
CUST00841,1,2026-02-08,Technical Issues
CUST00842,0,,Not Churned
CUST00843,0,,Not Churned
CUST00844,1,2026-08-23,Customer Support
CUST00845,0,,Not Churned
CUST00846,0,,Not Churned
CUST00847,1,2026-02-23,High Price
CUST00848,0,,Not Churned
CUST00849,1,2026-05-15,Other
CUST00850,0,,Not Churned
CUST00851,0,,Not Churned
CUST00852,0,,Not Churned
CUST00853,0,,Not Churned
CUST00854,0,,Not Churned
CUST00855,0,,Not Churned
CUST00856,1,2026-08-24,Poor Service
CUST00857,0,,Not Churned
CUST00858,0,,Not Churned
CUST00859,1,2026-05-25,Not Using Product
CUST00860,0,,Not Churned
CUST00861,0,,Not Churned
CUST00862,1,2026-05-21,High Price
CUST00863,1,2026-07-21,Competitor
CUST00864,0,,Not Churned
CUST00865,1,2026-08-09,Poor Service
CUST00866,0,,Not Churned
CUST00867,0,,Not Churned
CUST00868,1,2026-04-10,Not Using Product
CUST00869,0,,Not Churned
CUST00870,0,,Not Churned
CUST00871,0,,Not Churned
CUST00872,0,,Not Churned
CUST00873,0,,Not Churned
CUST00874,0,,Not Churned
CUST00875,0,,Not Churned
CUST00876,0,,Not Churned
CUST00877,1,2026-02-26,High Price
CUST00878,0,,Not Churned
CUST00879,0,,Not Churned
CUST00880,0,,Not Churned
CUST00881,0,,Not Churned
CUST00882,0,,Not Churned
CUST00883,1,2026-05-30,Other
CUST00884,0,,Not Churned
CUST00885,0,,Not Churned
CUST00886,0,,Not Churned
CUST00887,0,,Not Churned
CUST00888,0,,Not Churned
CUST00889,1,2026-05-27,Other
CUST00890,0,,Not Churned
CUST00891,1,2026-06-22,Customer Support
CUST00892,1,2026-05-16,Technical Issues
CUST00893,0,,Not Churned
CUST00894,0,,Not Churned
CUST00895,0,,Not Churned
CUST00896,0,,Not Churned
CUST00897,0,,Not Churned
CUST00898,0,,Not Churned
CUST00899,0,,Not Churned
CUST00900,0,,Not Churned
CUST00901,0,,Not Churned
CUST00902,0,,Not Churned
CUST00903,1,2026-06-06,Other
CUST00904,1,2026-03-04,Technical Issues
CUST00905,1,2026-04-23,Poor Service
CUST00906,0,,Not Churned
CUST00907,1,2026-01-15,Not Using Product
CUST00908,0,,Not Churned
CUST00909,1,2026-04-27,Competitor
CUST00910,0,,Not Churned
CUST00911,0,,Not Churned
CUST00912,1,2026-05-15,Competitor
CUST00913,0,,Not Churned
CUST00914,0,,Not Churned
CUST00915,0,,Not Churned
CUST00916,0,,Not Churned
CUST00917,1,2026-08-02,Other
CUST00918,0,,Not Churned
CUST00919,0,,Not Churned
CUST00920,1,2026-03-19,Technical Issues
CUST00921,0,,Not Churned
CUST00922,0,,Not Churned
CUST00923,1,2026-02-24,Competitor
CUST00924,0,,Not Churned
CUST00925,0,,Not Churned
CUST00926,0,,Not Churned
CUST00927,1,2026-02-09,Customer Support
CUST00928,0,,Not Churned
CUST00929,1,2026-05-09,Other
CUST00930,0,,Not Churned
CUST00931,0,,Not Churned
CUST00932,0,,Not Churned
CUST00933,0,,Not Churned
CUST00934,0,,Not Churned
CUST00935,1,2026-02-12,Customer Support
CUST00936,0,,Not Churned
CUST00937,0,,Not Churned
CUST00938,1,2026-08-24,Customer Support
CUST00939,0,,Not Churned
CUST00940,0,,Not Churned
CUST00941,0,,Not Churned
CUST00942,0,,Not Churned
CUST00943,1,2026-01-25,Technical Issues
CUST00944,1,2026-03-13,Poor Service
CUST00945,0,,Not Churned
CUST00946,0,,Not Churned
CUST00947,0,,Not Churned
CUST00948,0,,Not Churned
CUST00949,0,,Not Churned
CUST00950,1,2026-04-11,Other
CUST00951,0,,Not Churned
CUST00952,0,,Not Churned
CUST00953,0,,Not Churned
CUST00954,0,,Not Churned
CUST00955,0,,Not Churned
CUST00956,0,,Not Churned
CUST00957,1,2026-03-20,Poor Service
CUST00958,0,,Not Churned
CUST00959,0,,Not Churned
CUST00960,1,2026-07-31,Not Using Product
CUST00961,1,2026-07-17,Competitor
CUST00962,1,2026-03-19,Poor Service
CUST00963,0,,Not Churned
CUST00964,0,,Not Churned
CUST00965,0,,Not Churned
CUST00966,0,,Not Churned
CUST00967,1,2026-05-22,Technical Issues
CUST00968,0,,Not Churned
CUST00969,1,2026-05-29,Other
CUST00970,1,2026-04-12,Technical Issues
CUST00971,1,2026-07-17,High Price
CUST00972,0,,Not Churned
CUST00973,0,,Not Churned
CUST00974,1,2026-05-04,Technical Issues
CUST00975,0,,Not Churned
CUST00976,0,,Not Churned
CUST00977,1,2026-02-04,Competitor
CUST00978,0,,Not Churned
CUST00979,1,2026-04-06,High Price
CUST00980,0,,Not Churned
CUST00981,1,2026-05-06,Competitor
CUST00982,0,,Not Churned
CUST00983,0,,Not Churned
CUST00984,0,,Not Churned
CUST00985,0,,Not Churned
CUST00986,0,,Not Churned
CUST00987,0,,Not Churned
CUST00988,1,2026-07-13,Competitor
CUST00989,0,,Not Churned
CUST00990,0,,Not Churned
CUST00991,0,,Not Churned
CUST00992,0,,Not Churned
CUST00993,1,2026-06-02,Poor Service
CUST00994,0,,Not Churned
CUST00995,1,2026-04-17,Poor Service
CUST00996,0,,Not Churned
CUST00997,0,,Not Churned
CUST00998,0,,Not Churned
CUST00999,1,2026-03-11,Not Using Product
CUST01000,0,,Not Churned
CUST01001,0,,Not Churned
CUST01002,0,,Not Churned
CUST01003,1,2026-01-24,Other
CUST01004,0,,Not Churned
CUST01005,0,,Not Churned
CUST01006,0,,Not Churned
CUST01007,1,2026-05-06,Technical Issues
CUST01008,0,,Not Churned
CUST01009,1,2026-07-21,Competitor
CUST01010,0,,Not Churned
CUST01011,1,2026-07-23,Customer Support
CUST01012,1,2026-04-20,Competitor
CUST01013,0,,Not Churned
CUST01014,1,2026-01-11,High Price
CUST01015,0,,Not Churned
CUST01016,0,,Not Churned
CUST01017,0,,Not Churned
CUST01018,1,2026-08-11,Competitor
CUST01019,1,2026-05-28,Customer Support
CUST01020,0,,Not Churned
CUST01021,0,,Not Churned
CUST01022,1,2026-08-20,Other
CUST01023,1,2026-03-22,Competitor
CUST01024,0,,Not Churned
CUST01025,0,,Not Churned
CUST01026,0,,Not Churned
CUST01027,0,,Not Churned
CUST01028,1,2026-02-11,Competitor
CUST01029,0,,Not Churned
CUST01030,0,,Not Churned
CUST01031,0,,Not Churned
CUST01032,0,,Not Churned
CUST01033,0,,Not Churned
CUST01034,1,2026-03-31,Poor Service
CUST01035,1,2026-05-23,Customer Support
CUST01036,0,,Not Churned
CUST01037,0,,Not Churned
CUST01038,0,,Not Churned
CUST01039,1,2026-07-15,Competitor
CUST01040,0,,Not Churned
CUST01041,0,,Not Churned
CUST01042,1,2026-02-13,Poor Service
CUST01043,0,,Not Churned
CUST01044,1,2026-08-16,Customer Support
CUST01045,0,,Not Churned
CUST01046,0,,Not Churned
CUST01047,0,,Not Churned
CUST01048,1,2026-03-21,Technical Issues
CUST01049,1,2026-02-14,Not Using Product
CUST01050,1,2026-08-25,Poor Service
CUST01051,1,2026-01-30,Poor Service
CUST01052,0,,Not Churned
CUST01053,0,,Not Churned
CUST01054,0,,Not Churned
CUST01055,1,2026-04-26,Customer Support
CUST01056,0,,Not Churned
CUST01057,0,,Not Churned
CUST01058,1,2026-02-28,Not Using Product
CUST01059,0,,Not Churned
CUST01060,1,2026-01-14,Other
CUST01061,0,,Not Churned
CUST01062,0,,Not Churned
CUST01063,0,,Not Churned
CUST01064,0,,Not Churned
CUST01065,0,,Not Churned
CUST01066,0,,Not Churned
CUST01067,1,2026-07-10,Poor Service
CUST01068,1,2026-05-18,Customer Support
CUST01069,0,,Not Churned
CUST01070,0,,Not Churned
CUST01071,0,,Not Churned
CUST01072,0,,Not Churned
CUST01073,0,,Not Churned
CUST01074,1,2026-02-25,Customer Support
CUST01075,0,,Not Churned
CUST01076,1,2026-02-03,Other
CUST01077,0,,Not Churned
CUST01078,0,,Not Churned
CUST01079,1,2026-03-23,Technical Issues
CUST01080,0,,Not Churned
CUST01081,1,2026-01-17,Other
CUST01082,0,,Not Churned
CUST01083,0,,Not Churned
CUST01084,0,,Not Churned
CUST01085,1,2026-07-11,Not Using Product
CUST01086,0,,Not Churned
CUST01087,0,,Not Churned
CUST01088,0,,Not Churned
CUST01089,0,,Not Churned
CUST01090,0,,Not Churned
CUST01091,0,,Not Churned
CUST01092,0,,Not Churned
CUST01093,1,2026-06-23,Customer Support
CUST01094,0,,Not Churned
CUST01095,1,2026-04-12,Technical Issues
CUST01096,0,,Not Churned
CUST01097,1,2026-08-12,Competitor
CUST01098,0,,Not Churned
CUST01099,1,2026-04-28,Customer Support
CUST01100,1,2026-05-01,High Price
CUST01101,0,,Not Churned
CUST01102,0,,Not Churned
CUST01103,1,2026-03-19,Technical Issues
CUST01104,0,,Not Churned
CUST01105,0,,Not Churned
CUST01106,0,,Not Churned
CUST01107,0,,Not Churned
CUST01108,0,,Not Churned
CUST01109,1,2026-03-03,Poor Service
CUST01110,0,,Not Churned
CUST01111,0,,Not Churned
CUST01112,0,,Not Churned
CUST01113,1,2026-07-15,Not Using Product
CUST01114,0,,Not Churned
CUST01115,1,2026-03-01,Customer Support
CUST01116,0,,Not Churned
CUST01117,1,2026-04-21,Poor Service
CUST01118,1,2026-08-01,Not Using Product
CUST01119,1,2026-05-11,Customer Support
CUST01120,0,,Not Churned
CUST01121,0,,Not Churned
CUST01122,0,,Not Churned
CUST01123,0,,Not Churned
CUST01124,0,,Not Churned
CUST01125,1,2026-03-24,High Price
CUST01126,1,2026-06-26,Competitor
CUST01127,0,,Not Churned
CUST01128,0,,Not Churned
CUST01129,0,,Not Churned
CUST01130,0,,Not Churned
CUST01131,0,,Not Churned
CUST01132,0,,Not Churned
CUST01133,0,,Not Churned
CUST01134,1,2026-05-09,Competitor
CUST01135,0,,Not Churned
CUST01136,0,,Not Churned
CUST01137,0,,Not Churned
CUST01138,1,2026-01-18,Other
CUST01139,0,,Not Churned
CUST01140,1,2026-07-28,Customer Support
CUST01141,1,2026-03-18,Poor Service
CUST01142,0,,Not Churned
CUST01143,0,,Not Churned
CUST01144,0,,Not Churned
CUST01145,1,2026-02-28,Other
CUST01146,0,,Not Churned
CUST01147,0,,Not Churned
CUST01148,0,,Not Churned
CUST01149,0,,Not Churned
CUST01150,0,,Not Churned
CUST01151,0,,Not Churned
CUST01152,0,,Not Churned
CUST01153,0,,Not Churned
CUST01154,1,2026-07-03,Technical Issues
CUST01155,1,2026-02-01,High Price
CUST01156,0,,Not Churned
CUST01157,1,2026-06-11,Other
CUST01158,0,,Not Churned
CUST01159,0,,Not Churned
CUST01160,0,,Not Churned
CUST01161,1,2026-04-18,Technical Issues
CUST01162,0,,Not Churned
CUST01163,0,,Not Churned
CUST01164,1,2026-07-13,High Price
CUST01165,1,2026-07-29,Not Using Product
CUST01166,1,2026-05-29,High Price
CUST01167,1,2026-07-13,Customer Support
CUST01168,0,,Not Churned
CUST01169,0,,Not Churned
CUST01170,1,2026-01-16,High Price
CUST01171,0,,Not Churned
CUST01172,1,2026-02-09,High Price
CUST01173,0,,Not Churned
CUST01174,0,,Not Churned
CUST01175,0,,Not Churned
CUST01176,0,,Not Churned
CUST01177,1,2026-08-21,Not Using Product
CUST01178,0,,Not Churned
CUST01179,0,,Not Churned
CUST01180,0,,Not Churned
CUST01181,1,2026-08-19,Customer Support
CUST01182,0,,Not Churned
CUST01183,0,,Not Churned
CUST01184,0,,Not Churned
CUST01185,1,2026-08-14,Not Using Product
CUST01186,0,,Not Churned
CUST01187,0,,Not Churned
CUST01188,1,2026-06-08,Other
CUST01189,0,,Not Churned
CUST01190,0,,Not Churned
CUST01191,0,,Not Churned
CUST01192,0,,Not Churned
CUST01193,0,,Not Churned
CUST01194,1,2026-08-25,Competitor
CUST01195,1,2026-05-29,Customer Support
CUST01196,0,,Not Churned
CUST01197,0,,Not Churned
CUST01198,0,,Not Churned
CUST01199,1,2026-03-27,Other
CUST01200,0,,Not Churned
CUST01201,0,,Not Churned
CUST01202,0,,Not Churned
CUST01203,1,2026-06-25,Customer Support
CUST01204,1,2026-02-07,Other
CUST01205,0,,Not Churned
CUST01206,0,,Not Churned
CUST01207,1,2026-02-16,Poor Service
CUST01208,0,,Not Churned
CUST01209,0,,Not Churned
CUST01210,1,2026-07-04,Other
CUST01211,1,2026-06-19,Not Using Product
CUST01212,0,,Not Churned
CUST01213,1,2026-08-08,Other
CUST01214,1,2026-07-27,Customer Support
CUST01215,1,2026-08-14,Technical Issues
CUST01216,0,,Not Churned
CUST01217,1,2026-05-02,Not Using Product
CUST01218,0,,Not Churned
CUST01219,0,,Not Churned
CUST01220,1,2026-08-14,Customer Support
CUST01221,1,2026-07-10,Other
CUST01222,0,,Not Churned
CUST01223,0,,Not Churned
CUST01224,0,,Not Churned
CUST01225,1,2026-03-21,Competitor
CUST01226,0,,Not Churned
CUST01227,0,,Not Churned
CUST01228,0,,Not Churned
CUST01229,0,,Not Churned
CUST01230,0,,Not Churned
CUST01231,1,2026-05-03,Other
CUST01232,1,2026-01-23,Technical Issues
CUST01233,1,2026-02-18,Poor Service
CUST01234,1,2026-03-27,High Price
CUST01235,1,2026-06-07,Competitor
CUST01236,1,2026-04-19,Competitor
CUST01237,1,2026-07-25,Technical Issues
CUST01238,0,,Not Churned
CUST01239,0,,Not Churned
CUST01240,0,,Not Churned
CUST01241,1,2026-04-25,Poor Service
CUST01242,0,,Not Churned
CUST01243,0,,Not Churned
CUST01244,0,,Not Churned
CUST01245,0,,Not Churned
CUST01246,1,2026-06-14,High Price
CUST01247,0,,Not Churned
CUST01248,0,,Not Churned
CUST01249,0,,Not Churned
CUST01250,1,2026-02-20,Poor Service
CUST01251,0,,Not Churned
CUST01252,0,,Not Churned
CUST01253,1,2026-04-18,Technical Issues
CUST01254,1,2026-08-20,Technical Issues
CUST01255,0,,Not Churned
CUST01256,0,,Not Churned
CUST01257,0,,Not Churned
CUST01258,0,,Not Churned
CUST01259,0,,Not Churned
CUST01260,1,2026-02-19,Other
CUST01261,1,2026-07-10,High Price
CUST01262,1,2026-07-15,High Price
CUST01263,1,2026-01-14,Customer Support
CUST01264,1,2026-01-09,Poor Service
CUST01265,0,,Not Churned
CUST01266,0,,Not Churned
CUST01267,1,2026-06-01,Customer Support
CUST01268,0,,Not Churned
CUST01269,0,,Not Churned
CUST01270,0,,Not Churned
CUST01271,0,,Not Churned
CUST01272,1,2026-04-02,Not Using Product
CUST01273,0,,Not Churned
CUST01274,0,,Not Churned
CUST01275,1,2026-02-20,Competitor
CUST01276,1,2026-04-18,Technical Issues
CUST01277,1,2026-06-27,Other
CUST01278,1,2026-08-12,Customer Support
CUST01279,0,,Not Churned
CUST01280,1,2026-04-17,Customer Support
CUST01281,0,,Not Churned
CUST01282,0,,Not Churned
CUST01283,0,,Not Churned
CUST01284,0,,Not Churned
CUST01285,0,,Not Churned
CUST01286,1,2026-07-30,Other
CUST01287,0,,Not Churned
CUST01288,0,,Not Churned
CUST01289,0,,Not Churned
CUST01290,1,2026-07-14,Other
CUST01291,0,,Not Churned
CUST01292,0,,Not Churned
CUST01293,0,,Not Churned
CUST01294,0,,Not Churned
CUST01295,0,,Not Churned
CUST01296,0,,Not Churned
CUST01297,0,,Not Churned
CUST01298,1,2026-03-13,Poor Service
CUST01299,0,,Not Churned
CUST01300,0,,Not Churned
CUST01301,1,2026-01-09,High Price
CUST01302,0,,Not Churned
CUST01303,0,,Not Churned
CUST01304,0,,Not Churned
CUST01305,0,,Not Churned
CUST01306,0,,Not Churned
CUST01307,0,,Not Churned
CUST01308,0,,Not Churned
CUST01309,1,2026-07-24,Other
CUST01310,1,2026-04-20,Competitor
CUST01311,0,,Not Churned
CUST01312,0,,Not Churned
CUST01313,1,2026-07-17,Competitor
CUST01314,0,,Not Churned
CUST01315,0,,Not Churned
CUST01316,0,,Not Churned
CUST01317,0,,Not Churned
CUST01318,1,2026-01-05,Technical Issues
CUST01319,0,,Not Churned
CUST01320,0,,Not Churned
CUST01321,0,,Not Churned
CUST01322,0,,Not Churned
CUST01323,0,,Not Churned
CUST01324,0,,Not Churned
CUST01325,0,,Not Churned
CUST01326,0,,Not Churned
CUST01327,1,2026-03-01,Not Using Product
CUST01328,0,,Not Churned
CUST01329,0,,Not Churned
CUST01330,1,2026-07-31,High Price
CUST01331,1,2026-02-08,Other
CUST01332,1,2026-07-28,Not Using Product
CUST01333,0,,Not Churned
CUST01334,0,,Not Churned
CUST01335,1,2026-04-29,Poor Service
CUST01336,0,,Not Churned
CUST01337,0,,Not Churned
CUST01338,0,,Not Churned
CUST01339,0,,Not Churned
CUST01340,0,,Not Churned
CUST01341,0,,Not Churned
CUST01342,1,2026-05-09,Other
CUST01343,0,,Not Churned
CUST01344,0,,Not Churned
CUST01345,0,,Not Churned
CUST01346,0,,Not Churned
CUST01347,0,,Not Churned
CUST01348,1,2026-07-17,High Price
CUST01349,0,,Not Churned
CUST01350,1,2026-08-30,Poor Service
CUST01351,0,,Not Churned
CUST01352,0,,Not Churned
CUST01353,0,,Not Churned
CUST01354,0,,Not Churned
CUST01355,0,,Not Churned
CUST01356,0,,Not Churned
CUST01357,0,,Not Churned
CUST01358,0,,Not Churned
CUST01359,1,2026-05-18,Other
CUST01360,1,2026-03-22,Customer Support
CUST01361,0,,Not Churned
CUST01362,0,,Not Churned
CUST01363,0,,Not Churned
CUST01364,0,,Not Churned
CUST01365,0,,Not Churned
CUST01366,0,,Not Churned
CUST01367,1,2026-06-20,Competitor
CUST01368,0,,Not Churned
CUST01369,1,2026-01-13,Competitor
CUST01370,0,,Not Churned
CUST01371,0,,Not Churned
CUST01372,0,,Not Churned
CUST01373,1,2026-01-29,Poor Service
CUST01374,0,,Not Churned
CUST01375,0,,Not Churned
CUST01376,1,2026-05-27,Poor Service
CUST01377,1,2026-02-07,Competitor
CUST01378,0,,Not Churned
CUST01379,0,,Not Churned
CUST01380,0,,Not Churned
CUST01381,0,,Not Churned
CUST01382,1,2026-06-11,Other
CUST01383,1,2026-01-04,Other
CUST01384,1,2026-03-13,Technical Issues
CUST01385,0,,Not Churned
CUST01386,1,2026-03-28,High Price
CUST01387,0,,Not Churned
CUST01388,1,2026-01-30,Other
CUST01389,0,,Not Churned
CUST01390,1,2026-03-28,High Price
CUST01391,0,,Not Churned
CUST01392,1,2026-08-12,Customer Support
CUST01393,0,,Not Churned
CUST01394,0,,Not Churned
CUST01395,0,,Not Churned
CUST01396,0,,Not Churned
CUST01397,0,,Not Churned
CUST01398,0,,Not Churned
CUST01399,0,,Not Churned
CUST01400,0,,Not Churned
CUST01401,0,,Not Churned
CUST01402,1,2026-05-02,Not Using Product
CUST01403,0,,Not Churned
CUST01404,1,2026-07-12,Competitor
CUST01405,0,,Not Churned
CUST01406,1,2026-06-27,Other
CUST01407,0,,Not Churned
CUST01408,0,,Not Churned
CUST01409,0,,Not Churned
CUST01410,0,,Not Churned
CUST01411,0,,Not Churned
CUST01412,0,,Not Churned
CUST01413,1,2026-02-28,Poor Service
CUST01414,0,,Not Churned
CUST01415,1,2026-03-27,Technical Issues
CUST01416,0,,Not Churned
CUST01417,1,2026-02-20,Competitor
CUST01418,1,2026-03-01,Poor Service
CUST01419,0,,Not Churned
CUST01420,1,2026-05-20,Poor Service
CUST01421,0,,Not Churned
CUST01422,1,2026-08-14,Poor Service
CUST01423,1,2026-01-17,Other
CUST01424,1,2026-02-03,Customer Support
CUST01425,0,,Not Churned
CUST01426,1,2026-04-26,Other
CUST01427,0,,Not Churned
CUST01428,0,,Not Churned
CUST01429,0,,Not Churned
CUST01430,0,,Not Churned
CUST01431,0,,Not Churned
CUST01432,0,,Not Churned
CUST01433,1,2026-06-15,Customer Support
CUST01434,0,,Not Churned
CUST01435,0,,Not Churned
CUST01436,0,,Not Churned
CUST01437,0,,Not Churned
CUST01438,0,,Not Churned
CUST01439,1,2026-04-03,Customer Support
CUST01440,0,,Not Churned
CUST01441,1,2026-04-22,Customer Support
CUST01442,0,,Not Churned
CUST01443,0,,Not Churned
CUST01444,0,,Not Churned
CUST01445,1,2026-05-03,High Price
CUST01446,1,2026-03-31,High Price
CUST01447,0,,Not Churned
CUST01448,0,,Not Churned
CUST01449,0,,Not Churned
CUST01450,0,,Not Churned
CUST01451,0,,Not Churned
CUST01452,1,2026-06-20,Customer Support
CUST01453,0,,Not Churned
CUST01454,1,2026-01-25,High Price
CUST01455,1,2026-02-14,Not Using Product
CUST01456,0,,Not Churned
CUST01457,0,,Not Churned
CUST01458,0,,Not Churned
CUST01459,1,2026-04-09,Customer Support
CUST01460,0,,Not Churned
CUST01461,0,,Not Churned
CUST01462,1,2026-06-10,Other
CUST01463,0,,Not Churned
CUST01464,0,,Not Churned
CUST01465,0,,Not Churned
CUST01466,0,,Not Churned
CUST01467,0,,Not Churned
CUST01468,1,2026-05-04,Not Using Product
CUST01469,0,,Not Churned
CUST01470,0,,Not Churned
CUST01471,0,,Not Churned
CUST01472,0,,Not Churned
CUST01473,1,2026-07-21,High Price
CUST01474,0,,Not Churned
CUST01475,1,2026-02-23,Poor Service
CUST01476,0,,Not Churned
CUST01477,0,,Not Churned
CUST01478,1,2026-07-18,High Price
CUST01479,1,2026-04-22,Other
CUST01480,0,,Not Churned
CUST01481,0,,Not Churned
CUST01482,0,,Not Churned
CUST01483,0,,Not Churned
CUST01484,0,,Not Churned
CUST01485,0,,Not Churned
CUST01486,1,2026-08-24,High Price
CUST01487,0,,Not Churned
CUST01488,0,,Not Churned
CUST01489,1,2026-06-20,High Price
CUST01490,0,,Not Churned
CUST01491,0,,Not Churned
CUST01492,0,,Not Churned
CUST01493,0,,Not Churned
CUST01494,0,,Not Churned
CUST01495,1,2026-02-22,Technical Issues
CUST01496,1,2026-05-16,Not Using Product
CUST01497,0,,Not Churned
CUST01498,1,2026-02-09,High Price
CUST01499,1,2026-01-29,Customer Support
CUST01500,1,2026-06-10,Other
CUST01501,0,,Not Churned
CUST01502,0,,Not Churned
CUST01503,0,,Not Churned
CUST01504,0,,Not Churned
CUST01505,1,2026-06-18,Not Using Product
CUST01506,0,,Not Churned
CUST01507,0,,Not Churned
CUST01508,0,,Not Churned
CUST01509,0,,Not Churned
CUST01510,0,,Not Churned
CUST01511,0,,Not Churned
CUST01512,0,,Not Churned
CUST01513,0,,Not Churned
CUST01514,1,2026-01-21,Technical Issues
CUST01515,0,,Not Churned
CUST01516,0,,Not Churned
CUST01517,0,,Not Churned
CUST01518,0,,Not Churned
CUST01519,0,,Not Churned
CUST01520,1,2026-02-14,High Price
CUST01521,0,,Not Churned
CUST01522,0,,Not Churned
CUST01523,0,,Not Churned
CUST01524,0,,Not Churned
CUST01525,1,2026-07-31,Not Using Product
CUST01526,1,2026-04-25,Poor Service
CUST01527,0,,Not Churned
CUST01528,1,2026-02-13,Other
CUST01529,0,,Not Churned
CUST01530,0,,Not Churned
CUST01531,0,,Not Churned
CUST01532,0,,Not Churned
CUST01533,0,,Not Churned
CUST01534,0,,Not Churned
CUST01535,0,,Not Churned
CUST01536,0,,Not Churned
CUST01537,0,,Not Churned
CUST01538,1,2026-07-18,Customer Support
CUST01539,1,2026-03-23,High Price
CUST01540,0,,Not Churned
CUST01541,0,,Not Churned
CUST01542,0,,Not Churned
CUST01543,0,,Not Churned
CUST01544,0,,Not Churned
CUST01545,0,,Not Churned
CUST01546,0,,Not Churned
CUST01547,1,2026-03-31,Technical Issues
CUST01548,0,,Not Churned
CUST01549,0,,Not Churned
CUST01550,0,,Not Churned
CUST01551,0,,Not Churned
CUST01552,0,,Not Churned
CUST01553,1,2026-03-03,Customer Support
CUST01554,1,2026-02-06,Technical Issues
CUST01555,0,,Not Churned
CUST01556,0,,Not Churned
CUST01557,0,,Not Churned
CUST01558,0,,Not Churned
CUST01559,1,2026-02-23,Other
CUST01560,1,2026-08-08,Other
CUST01561,0,,Not Churned
CUST01562,0,,Not Churned
CUST01563,0,,Not Churned
CUST01564,0,,Not Churned
CUST01565,0,,Not Churned
CUST01566,0,,Not Churned
CUST01567,0,,Not Churned
CUST01568,0,,Not Churned
CUST01569,0,,Not Churned
CUST01570,0,,Not Churned
CUST01571,0,,Not Churned
CUST01572,1,2026-01-14,High Price
CUST01573,1,2026-05-29,Other
CUST01574,0,,Not Churned
CUST01575,0,,Not Churned
CUST01576,0,,Not Churned
CUST01577,0,,Not Churned
CUST01578,1,2026-06-13,Technical Issues
CUST01579,0,,Not Churned
CUST01580,0,,Not Churned
CUST01581,1,2026-02-27,Other
CUST01582,1,2026-06-08,Technical Issues
CUST01583,0,,Not Churned
CUST01584,0,,Not Churned
CUST01585,1,2026-05-16,Competitor
CUST01586,0,,Not Churned
CUST01587,0,,Not Churned
CUST01588,1,2026-06-29,Technical Issues
CUST01589,1,2026-07-15,Other
CUST01590,1,2026-08-21,Customer Support
CUST01591,0,,Not Churned
CUST01592,1,2026-06-04,Not Using Product
CUST01593,0,,Not Churned
CUST01594,1,2026-04-20,Poor Service
CUST01595,1,2026-06-14,Other
CUST01596,0,,Not Churned
CUST01597,0,,Not Churned
CUST01598,0,,Not Churned
CUST01599,0,,Not Churned
CUST01600,0,,Not Churned
CUST01601,1,2026-04-07,Competitor
CUST01602,0,,Not Churned
CUST01603,1,2026-07-02,Other
CUST01604,1,2026-05-28,Poor Service
CUST01605,1,2026-06-29,Technical Issues
CUST01606,0,,Not Churned
CUST01607,0,,Not Churned
CUST01608,1,2026-02-16,High Price
CUST01609,1,2026-08-28,Poor Service
CUST01610,0,,Not Churned
CUST01611,1,2026-05-26,High Price
CUST01612,0,,Not Churned
CUST01613,1,2026-04-16,Other
CUST01614,0,,Not Churned
CUST01615,0,,Not Churned
CUST01616,0,,Not Churned
CUST01617,1,2026-02-27,Poor Service
CUST01618,0,,Not Churned
CUST01619,0,,Not Churned
CUST01620,0,,Not Churned
CUST01621,1,2026-08-21,Not Using Product
CUST01622,1,2026-01-29,Other
CUST01623,1,2026-06-01,Customer Support
CUST01624,0,,Not Churned
CUST01625,1,2026-04-10,Competitor
CUST01626,0,,Not Churned
CUST01627,0,,Not Churned
CUST01628,1,2026-07-21,Other
CUST01629,1,2026-03-10,Competitor
CUST01630,0,,Not Churned
CUST01631,1,2026-03-07,Competitor
CUST01632,0,,Not Churned
CUST01633,0,,Not Churned
CUST01634,0,,Not Churned
CUST01635,0,,Not Churned
CUST01636,0,,Not Churned
CUST01637,1,2026-01-31,Customer Support
CUST01638,0,,Not Churned
CUST01639,0,,Not Churned
CUST01640,0,,Not Churned
CUST01641,0,,Not Churned
CUST01642,1,2026-05-24,High Price
CUST01643,0,,Not Churned
CUST01644,0,,Not Churned
CUST01645,0,,Not Churned
CUST01646,0,,Not Churned
CUST01647,0,,Not Churned
CUST01648,1,2026-01-14,Not Using Product
CUST01649,0,,Not Churned
CUST01650,0,,Not Churned
CUST01651,0,,Not Churned
CUST01652,1,2026-06-25,Technical Issues
CUST01653,1,2026-04-14,Other
CUST01654,1,2026-02-01,Technical Issues
CUST01655,0,,Not Churned
CUST01656,0,,Not Churned
CUST01657,0,,Not Churned
CUST01658,1,2026-05-13,Poor Service
CUST01659,1,2026-08-09,Customer Support
CUST01660,0,,Not Churned
CUST01661,0,,Not Churned
CUST01662,1,2026-05-03,Competitor
CUST01663,1,2026-07-28,Not Using Product
CUST01664,0,,Not Churned
CUST01665,0,,Not Churned
CUST01666,0,,Not Churned
CUST01667,0,,Not Churned
CUST01668,0,,Not Churned
CUST01669,0,,Not Churned
CUST01670,0,,Not Churned
CUST01671,0,,Not Churned
CUST01672,0,,Not Churned
CUST01673,1,2026-04-07,Competitor
CUST01674,0,,Not Churned
CUST01675,0,,Not Churned
CUST01676,1,2026-02-11,Technical Issues
CUST01677,0,,Not Churned
CUST01678,0,,Not Churned
CUST01679,0,,Not Churned
CUST01680,0,,Not Churned
CUST01681,0,,Not Churned
CUST01682,0,,Not Churned
CUST01683,1,2026-04-02,Competitor
CUST01684,1,2026-01-09,Competitor
CUST01685,0,,Not Churned
CUST01686,1,2026-07-09,Competitor
CUST01687,0,,Not Churned
CUST01688,0,,Not Churned
CUST01689,0,,Not Churned
CUST01690,0,,Not Churned
CUST01691,1,2026-05-10,Customer Support
CUST01692,0,,Not Churned
CUST01693,0,,Not Churned
CUST01694,0,,Not Churned
CUST01695,0,,Not Churned
CUST01696,0,,Not Churned
CUST01697,0,,Not Churned
CUST01698,0,,Not Churned
CUST01699,0,,Not Churned
CUST01700,1,2026-06-10,Other
CUST01701,0,,Not Churned
CUST01702,0,,Not Churned
CUST01703,1,2026-05-26,Other
CUST01704,1,2026-08-05,Competitor
CUST01705,0,,Not Churned
CUST01706,0,,Not Churned
CUST01707,0,,Not Churned
CUST01708,1,2026-03-30,Not Using Product
CUST01709,0,,Not Churned
CUST01710,0,,Not Churned
CUST01711,0,,Not Churned
CUST01712,1,2026-07-29,High Price
CUST01713,1,2026-06-07,Technical Issues
CUST01714,1,2026-03-13,Competitor
CUST01715,0,,Not Churned
CUST01716,0,,Not Churned
CUST01717,0,,Not Churned
CUST01718,0,,Not Churned
CUST01719,0,,Not Churned
CUST01720,0,,Not Churned
CUST01721,0,,Not Churned
CUST01722,1,2026-07-21,Customer Support
CUST01723,0,,Not Churned
CUST01724,1,2026-04-22,High Price
CUST01725,1,2026-06-10,Customer Support
CUST01726,1,2026-02-11,Technical Issues
CUST01727,0,,Not Churned
CUST01728,0,,Not Churned
CUST01729,0,,Not Churned
CUST01730,0,,Not Churned
CUST01731,0,,Not Churned
CUST01732,1,2026-08-18,Customer Support
CUST01733,0,,Not Churned
CUST01734,1,2026-05-13,High Price
CUST01735,0,,Not Churned
CUST01736,1,2026-01-25,Customer Support
CUST01737,0,,Not Churned
CUST01738,1,2026-05-22,Technical Issues
CUST01739,0,,Not Churned
CUST01740,1,2026-05-30,Poor Service
CUST01741,0,,Not Churned
CUST01742,1,2026-05-06,Technical Issues
CUST01743,0,,Not Churned
CUST01744,0,,Not Churned
CUST01745,1,2026-05-13,High Price
CUST01746,0,,Not Churned
CUST01747,0,,Not Churned
CUST01748,0,,Not Churned
CUST01749,0,,Not Churned
CUST01750,0,,Not Churned
CUST01751,1,2026-07-04,Not Using Product
CUST01752,0,,Not Churned
CUST01753,0,,Not Churned
CUST01754,0,,Not Churned
CUST01755,0,,Not Churned
CUST01756,0,,Not Churned
CUST01757,0,,Not Churned
CUST01758,0,,Not Churned
CUST01759,1,2026-04-30,Other
CUST01760,0,,Not Churned
CUST01761,0,,Not Churned
CUST01762,1,2026-03-29,Technical Issues
CUST01763,0,,Not Churned
CUST01764,0,,Not Churned
CUST01765,1,2026-06-28,Customer Support
CUST01766,0,,Not Churned
CUST01767,0,,Not Churned
CUST01768,0,,Not Churned
CUST01769,1,2026-08-05,Technical Issues
CUST01770,1,2026-07-08,Other
CUST01771,0,,Not Churned
CUST01772,0,,Not Churned
CUST01773,0,,Not Churned
CUST01774,0,,Not Churned
CUST01775,0,,Not Churned
CUST01776,0,,Not Churned
CUST01777,0,,Not Churned
CUST01778,0,,Not Churned
CUST01779,0,,Not Churned
CUST01780,0,,Not Churned
CUST01781,0,,Not Churned
CUST01782,0,,Not Churned
CUST01783,1,2026-08-29,Technical Issues
CUST01784,1,2026-08-05,Technical Issues
CUST01785,0,,Not Churned
CUST01786,1,2026-06-17,High Price
CUST01787,1,2026-06-30,Other
CUST01788,0,,Not Churned
CUST01789,1,2026-04-19,Customer Support
CUST01790,0,,Not Churned
CUST01791,0,,Not Churned
CUST01792,0,,Not Churned
CUST01793,0,,Not Churned
CUST01794,0,,Not Churned
CUST01795,0,,Not Churned
CUST01796,0,,Not Churned
CUST01797,0,,Not Churned
CUST01798,0,,Not Churned
CUST01799,0,,Not Churned
CUST01800,0,,Not Churned
CUST01801,0,,Not Churned
CUST01802,1,2026-05-22,Technical Issues
CUST01803,0,,Not Churned
CUST01804,0,,Not Churned
CUST01805,1,2026-05-19,Technical Issues
CUST01806,0,,Not Churned
CUST01807,0,,Not Churned
CUST01808,0,,Not Churned
CUST01809,0,,Not Churned
CUST01810,1,2026-08-27,Technical Issues
CUST01811,1,2026-02-20,Not Using Product
CUST01812,0,,Not Churned
CUST01813,0,,Not Churned
CUST01814,0,,Not Churned
CUST01815,1,2026-02-08,Other
CUST01816,1,2026-05-03,Not Using Product
CUST01817,0,,Not Churned
CUST01818,0,,Not Churned
CUST01819,0,,Not Churned
CUST01820,1,2026-03-06,Not Using Product
CUST01821,1,2026-08-04,Poor Service
CUST01822,0,,Not Churned
CUST01823,0,,Not Churned
CUST01824,0,,Not Churned
CUST01825,0,,Not Churned
CUST01826,0,,Not Churned
CUST01827,0,,Not Churned
CUST01828,0,,Not Churned
CUST01829,0,,Not Churned
CUST01830,0,,Not Churned
CUST01831,0,,Not Churned
CUST01832,0,,Not Churned
CUST01833,0,,Not Churned
CUST01834,0,,Not Churned
CUST01835,0,,Not Churned
CUST01836,0,,Not Churned
CUST01837,1,2026-07-04,Customer Support
CUST01838,1,2026-07-31,Other
CUST01839,0,,Not Churned
CUST01840,1,2026-03-31,Poor Service
CUST01841,0,,Not Churned
CUST01842,1,2026-07-21,Not Using Product
CUST01843,0,,Not Churned
CUST01844,0,,Not Churned
CUST01845,1,2026-08-25,Technical Issues
CUST01846,0,,Not Churned
CUST01847,0,,Not Churned
CUST01848,0,,Not Churned
CUST01849,1,2026-04-07,Not Using Product
CUST01850,1,2026-08-05,Poor Service
CUST01851,0,,Not Churned
CUST01852,1,2026-07-06,Technical Issues
CUST01853,1,2026-07-18,Other
CUST01854,1,2026-02-08,Not Using Product
CUST01855,0,,Not Churned
CUST01856,1,2026-06-04,Competitor
CUST01857,0,,Not Churned
CUST01858,0,,Not Churned
CUST01859,0,,Not Churned
CUST01860,1,2026-05-20,Customer Support
CUST01861,0,,Not Churned
CUST01862,0,,Not Churned
CUST01863,1,2026-07-03,Other
CUST01864,0,,Not Churned
CUST01865,0,,Not Churned
CUST01866,1,2026-02-06,Not Using Product
CUST01867,0,,Not Churned
CUST01868,1,2026-05-24,Other
CUST01869,0,,Not Churned
CUST01870,0,,Not Churned
CUST01871,0,,Not Churned
CUST01872,0,,Not Churned
CUST01873,0,,Not Churned
CUST01874,0,,Not Churned
CUST01875,1,2026-07-16,Customer Support
CUST01876,0,,Not Churned
CUST01877,1,2026-06-30,Technical Issues
CUST01878,0,,Not Churned
CUST01879,0,,Not Churned
CUST01880,0,,Not Churned
CUST01881,0,,Not Churned
CUST01882,1,2026-06-10,Competitor
CUST01883,0,,Not Churned
CUST01884,1,2026-08-29,Other
CUST01885,0,,Not Churned
CUST01886,0,,Not Churned
CUST01887,0,,Not Churned
CUST01888,1,2026-06-06,Competitor
CUST01889,0,,Not Churned
CUST01890,0,,Not Churned
CUST01891,0,,Not Churned
CUST01892,0,,Not Churned
CUST01893,1,2026-02-12,Competitor
CUST01894,0,,Not Churned
CUST01895,0,,Not Churned
CUST01896,0,,Not Churned
CUST01897,1,2026-07-04,Poor Service
CUST01898,1,2026-06-09,High Price
CUST01899,0,,Not Churned
CUST01900,0,,Not Churned
CUST01901,1,2026-03-17,Other
CUST01902,1,2026-08-03,Other
CUST01903,0,,Not Churned
CUST01904,0,,Not Churned
CUST01905,0,,Not Churned
CUST01906,1,2026-08-28,Other
CUST01907,0,,Not Churned
CUST01908,0,,Not Churned
CUST01909,0,,Not Churned
CUST01910,1,2026-04-03,Not Using Product
CUST01911,1,2026-07-14,Competitor
CUST01912,0,,Not Churned
CUST01913,0,,Not Churned
CUST01914,0,,Not Churned
CUST01915,0,,Not Churned
CUST01916,1,2026-05-16,Technical Issues
CUST01917,1,2026-04-17,Poor Service
CUST01918,0,,Not Churned
CUST01919,0,,Not Churned
CUST01920,0,,Not Churned
CUST01921,1,2026-08-11,Customer Support
CUST01922,1,2026-04-11,Competitor
CUST01923,0,,Not Churned
CUST01924,0,,Not Churned
CUST01925,0,,Not Churned
CUST01926,1,2026-05-11,Customer Support
CUST01927,1,2026-04-22,Poor Service
CUST01928,0,,Not Churned
CUST01929,1,2026-08-22,Not Using Product
CUST01930,0,,Not Churned
CUST01931,0,,Not Churned
CUST01932,0,,Not Churned
CUST01933,0,,Not Churned
CUST01934,0,,Not Churned
CUST01935,0,,Not Churned
CUST01936,1,2026-06-04,Competitor
CUST01937,1,2026-08-14,Competitor
CUST01938,0,,Not Churned
CUST01939,1,2026-06-03,Technical Issues
CUST01940,1,2026-07-06,Not Using Product
CUST01941,1,2026-02-17,Customer Support
CUST01942,0,,Not Churned
CUST01943,0,,Not Churned
CUST01944,0,,Not Churned
CUST01945,0,,Not Churned
CUST01946,0,,Not Churned
CUST01947,0,,Not Churned
CUST01948,1,2026-05-03,Other
CUST01949,1,2026-06-28,Poor Service
CUST01950,0,,Not Churned
CUST01951,1,2026-02-25,Competitor
CUST01952,0,,Not Churned
CUST01953,0,,Not Churned
CUST01954,0,,Not Churned
CUST01955,0,,Not Churned
CUST01956,1,2026-01-15,Customer Support
CUST01957,1,2026-08-03,Other
CUST01958,0,,Not Churned
CUST01959,0,,Not Churned
CUST01960,0,,Not Churned
CUST01961,1,2026-07-16,Competitor
CUST01962,0,,Not Churned
CUST01963,0,,Not Churned
CUST01964,0,,Not Churned
CUST01965,1,2026-07-09,Competitor
CUST01966,0,,Not Churned
CUST01967,0,,Not Churned
CUST01968,0,,Not Churned
CUST01969,0,,Not Churned
CUST01970,0,,Not Churned
CUST01971,0,,Not Churned
CUST01972,0,,Not Churned
CUST01973,0,,Not Churned
CUST01974,0,,Not Churned
CUST01975,0,,Not Churned
CUST01976,1,2026-01-09,Technical Issues
CUST01977,0,,Not Churned
CUST01978,0,,Not Churned
CUST01979,1,2026-08-28,High Price
CUST01980,1,2026-01-14,Other
CUST01981,0,,Not Churned
CUST01982,1,2026-07-02,Not Using Product
CUST01983,0,,Not Churned
CUST01984,0,,Not Churned
CUST01985,0,,Not Churned
CUST01986,1,2026-07-12,Other
CUST01987,0,,Not Churned
CUST01988,0,,Not Churned
CUST01989,1,2026-08-22,Poor Service
CUST01990,1,2026-03-29,High Price
CUST01991,1,2026-08-03,Technical Issues
CUST01992,0,,Not Churned
CUST01993,0,,Not Churned
CUST01994,0,,Not Churned
CUST01995,0,,Not Churned
CUST01996,0,,Not Churned
CUST01997,1,2026-05-19,Poor Service
CUST01998,1,2026-07-31,High Price
CUST01999,0,,Not Churned
CUST02000,1,2026-06-01,Poor Service
CUST02001,1,2026-08-19,Competitor
CUST02002,0,,Not Churned
CUST02003,0,,Not Churned
CUST02004,0,,Not Churned
CUST02005,0,,Not Churned
CUST02006,0,,Not Churned
CUST02007,0,,Not Churned
CUST02008,0,,Not Churned
CUST02009,0,,Not Churned
CUST02010,1,2026-05-30,High Price
CUST02011,0,,Not Churned
CUST02012,0,,Not Churned
CUST02013,1,2026-02-14,Poor Service
CUST02014,0,,Not Churned
CUST02015,1,2026-05-16,High Price
CUST02016,1,2026-03-25,Competitor
CUST02017,0,,Not Churned
CUST02018,0,,Not Churned
CUST02019,0,,Not Churned
CUST02020,0,,Not Churned
CUST02021,0,,Not Churned
CUST02022,1,2026-05-30,Other
CUST02023,1,2026-05-06,Technical Issues
CUST02024,0,,Not Churned
CUST02025,0,,Not Churned
CUST02026,0,,Not Churned
CUST02027,1,2026-05-29,Not Using Product
CUST02028,0,,Not Churned
CUST02029,1,2026-07-09,Technical Issues
CUST02030,0,,Not Churned
CUST02031,1,2026-07-28,Customer Support
CUST02032,0,,Not Churned
CUST02033,0,,Not Churned
CUST02034,0,,Not Churned
CUST02035,1,2026-08-28,High Price
CUST02036,0,,Not Churned
CUST02037,0,,Not Churned
CUST02038,1,2026-02-16,Technical Issues
CUST02039,0,,Not Churned
CUST02040,0,,Not Churned
CUST02041,0,,Not Churned
CUST02042,1,2026-04-14,Customer Support
CUST02043,1,2026-03-26,Competitor
CUST02044,1,2026-03-30,Not Using Product
CUST02045,1,2026-02-10,Competitor
CUST02046,0,,Not Churned
CUST02047,0,,Not Churned
CUST02048,0,,Not Churned
CUST02049,0,,Not Churned
CUST02050,1,2026-05-21,Poor Service
CUST02051,0,,Not Churned
CUST02052,0,,Not Churned
CUST02053,1,2026-04-09,Other
CUST02054,0,,Not Churned
CUST02055,0,,Not Churned
CUST02056,0,,Not Churned
CUST02057,0,,Not Churned
CUST02058,0,,Not Churned
CUST02059,0,,Not Churned
CUST02060,1,2026-05-08,Competitor
CUST02061,0,,Not Churned
CUST02062,0,,Not Churned
CUST02063,0,,Not Churned
CUST02064,0,,Not Churned
CUST02065,0,,Not Churned
CUST02066,1,2026-06-27,Technical Issues
CUST02067,0,,Not Churned
CUST02068,0,,Not Churned
CUST02069,0,,Not Churned
CUST02070,1,2026-01-05,Not Using Product
CUST02071,0,,Not Churned
CUST02072,0,,Not Churned
CUST02073,0,,Not Churned
CUST02074,0,,Not Churned
CUST02075,0,,Not Churned
CUST02076,0,,Not Churned
CUST02077,0,,Not Churned
CUST02078,0,,Not Churned
CUST02079,1,2026-01-31,Not Using Product
CUST02080,1,2026-08-29,Poor Service
CUST02081,1,2026-08-11,Competitor
CUST02082,0,,Not Churned
CUST02083,1,2026-02-10,Other
CUST02084,0,,Not Churned
CUST02085,0,,Not Churned
CUST02086,0,,Not Churned
CUST02087,1,2026-08-21,Poor Service
CUST02088,1,2026-07-20,Technical Issues
CUST02089,0,,Not Churned
CUST02090,1,2026-08-13,Competitor
CUST02091,1,2026-05-13,Poor Service
CUST02092,0,,Not Churned
CUST02093,0,,Not Churned
CUST02094,0,,Not Churned
CUST02095,0,,Not Churned
CUST02096,1,2026-07-04,Customer Support
CUST02097,1,2026-02-27,Other
CUST02098,0,,Not Churned
CUST02099,0,,Not Churned
CUST02100,0,,Not Churned
CUST02101,0,,Not Churned
CUST02102,1,2026-05-26,Poor Service
CUST02103,1,2026-07-06,Competitor
CUST02104,0,,Not Churned
CUST02105,0,,Not Churned
CUST02106,0,,Not Churned
CUST02107,0,,Not Churned
CUST02108,0,,Not Churned
CUST02109,0,,Not Churned
CUST02110,0,,Not Churned
CUST02111,0,,Not Churned
CUST02112,0,,Not Churned
CUST02113,1,2026-02-22,Customer Support
CUST02114,0,,Not Churned
CUST02115,1,2026-03-19,Technical Issues
CUST02116,0,,Not Churned
CUST02117,0,,Not Churned
CUST02118,1,2026-08-18,Technical Issues
CUST02119,0,,Not Churned
CUST02120,0,,Not Churned
CUST02121,1,2026-08-21,Not Using Product
CUST02122,0,,Not Churned
CUST02123,1,2026-05-28,Poor Service
CUST02124,1,2026-05-19,Competitor
CUST02125,0,,Not Churned
CUST02126,1,2026-04-23,Competitor
CUST02127,1,2026-03-04,Not Using Product
CUST02128,0,,Not Churned
CUST02129,0,,Not Churned
CUST02130,0,,Not Churned
CUST02131,1,2026-06-11,Customer Support
CUST02132,0,,Not Churned
CUST02133,1,2026-06-24,Competitor
CUST02134,0,,Not Churned
CUST02135,0,,Not Churned
CUST02136,0,,Not Churned
CUST02137,0,,Not Churned
CUST02138,0,,Not Churned
CUST02139,0,,Not Churned
CUST02140,0,,Not Churned
CUST02141,0,,Not Churned
CUST02142,0,,Not Churned
CUST02143,0,,Not Churned
CUST02144,0,,Not Churned
CUST02145,1,2026-03-21,Other
CUST02146,0,,Not Churned
CUST02147,0,,Not Churned
CUST02148,1,2026-06-20,Poor Service
CUST02149,0,,Not Churned
CUST02150,0,,Not Churned
CUST02151,1,2026-04-08,Not Using Product
CUST02152,1,2026-05-31,Technical Issues
CUST02153,0,,Not Churned
CUST02154,1,2026-08-19,Other
CUST02155,1,2026-07-08,Technical Issues
CUST02156,0,,Not Churned
CUST02157,1,2026-08-13,Not Using Product
CUST02158,0,,Not Churned
CUST02159,0,,Not Churned
CUST02160,0,,Not Churned
CUST02161,0,,Not Churned
CUST02162,0,,Not Churned
CUST02163,0,,Not Churned
CUST02164,0,,Not Churned
CUST02165,1,2026-04-21,Competitor
CUST02166,0,,Not Churned
CUST02167,0,,Not Churned
CUST02168,0,,Not Churned
CUST02169,0,,Not Churned
CUST02170,0,,Not Churned
CUST02171,0,,Not Churned
CUST02172,1,2026-06-11,Competitor
CUST02173,1,2026-05-09,Customer Support
CUST02174,0,,Not Churned
CUST02175,0,,Not Churned
CUST02176,0,,Not Churned
CUST02177,0,,Not Churned
CUST02178,1,2026-08-06,Not Using Product
CUST02179,0,,Not Churned
CUST02180,1,2026-01-13,Competitor
CUST02181,0,,Not Churned
CUST02182,1,2026-07-12,Competitor
CUST02183,0,,Not Churned
CUST02184,0,,Not Churned
CUST02185,0,,Not Churned
CUST02186,0,,Not Churned
CUST02187,0,,Not Churned
CUST02188,0,,Not Churned
CUST02189,1,2026-08-12,Other
CUST02190,0,,Not Churned
CUST02191,0,,Not Churned
CUST02192,0,,Not Churned
CUST02193,0,,Not Churned
CUST02194,0,,Not Churned
CUST02195,0,,Not Churned
CUST02196,0,,Not Churned
CUST02197,1,2026-08-15,Poor Service
CUST02198,0,,Not Churned
CUST02199,0,,Not Churned
CUST02200,0,,Not Churned
CUST02201,1,2026-02-20,Poor Service
CUST02202,1,2026-06-09,Technical Issues
CUST02203,0,,Not Churned
CUST02204,0,,Not Churned
CUST02205,0,,Not Churned
CUST02206,0,,Not Churned
CUST02207,1,2026-04-01,Competitor
CUST02208,0,,Not Churned
CUST02209,0,,Not Churned
CUST02210,0,,Not Churned
CUST02211,0,,Not Churned
CUST02212,1,2026-01-17,High Price
CUST02213,0,,Not Churned
CUST02214,0,,Not Churned
CUST02215,0,,Not Churned
CUST02216,0,,Not Churned
CUST02217,0,,Not Churned
CUST02218,0,,Not Churned
CUST02219,0,,Not Churned
CUST02220,0,,Not Churned
CUST02221,0,,Not Churned
CUST02222,1,2026-04-26,Poor Service
CUST02223,1,2026-05-16,Not Using Product
CUST02224,0,,Not Churned
CUST02225,0,,Not Churned
CUST02226,0,,Not Churned
CUST02227,0,,Not Churned
CUST02228,1,2026-02-01,High Price
CUST02229,1,2026-01-29,Technical Issues
CUST02230,0,,Not Churned
CUST02231,0,,Not Churned
CUST02232,1,2026-07-25,High Price
CUST02233,1,2026-05-29,Other
CUST02234,0,,Not Churned
CUST02235,0,,Not Churned
CUST02236,0,,Not Churned
CUST02237,0,,Not Churned
CUST02238,1,2026-01-09,Not Using Product
CUST02239,0,,Not Churned
CUST02240,0,,Not Churned
CUST02241,0,,Not Churned
CUST02242,0,,Not Churned
CUST02243,0,,Not Churned
CUST02244,0,,Not Churned
CUST02245,0,,Not Churned
CUST02246,0,,Not Churned
CUST02247,0,,Not Churned
CUST02248,0,,Not Churned
CUST02249,0,,Not Churned
CUST02250,0,,Not Churned
CUST02251,0,,Not Churned
CUST02252,0,,Not Churned
CUST02253,1,2026-06-28,Poor Service
CUST02254,1,2026-07-31,Other
CUST02255,1,2026-05-05,Competitor
CUST02256,1,2026-05-09,Poor Service
CUST02257,0,,Not Churned
CUST02258,0,,Not Churned
CUST02259,0,,Not Churned
CUST02260,0,,Not Churned
CUST02261,0,,Not Churned
CUST02262,0,,Not Churned
CUST02263,0,,Not Churned
CUST02264,1,2026-06-29,Customer Support
CUST02265,0,,Not Churned
CUST02266,0,,Not Churned
CUST02267,0,,Not Churned
CUST02268,0,,Not Churned
CUST02269,0,,Not Churned
CUST02270,0,,Not Churned
CUST02271,1,2026-01-25,Not Using Product
CUST02272,1,2026-04-06,Not Using Product
CUST02273,1,2026-08-05,Other
CUST02274,0,,Not Churned
CUST02275,1,2026-01-30,High Price
CUST02276,0,,Not Churned
CUST02277,0,,Not Churned
CUST02278,0,,Not Churned
CUST02279,0,,Not Churned
CUST02280,0,,Not Churned
CUST02281,0,,Not Churned
CUST02282,0,,Not Churned
CUST02283,0,,Not Churned
CUST02284,1,2026-04-08,Competitor
CUST02285,0,,Not Churned
CUST02286,0,,Not Churned
CUST02287,0,,Not Churned
CUST02288,0,,Not Churned
CUST02289,0,,Not Churned
CUST02290,0,,Not Churned
CUST02291,0,,Not Churned
CUST02292,1,2026-03-03,Competitor
CUST02293,0,,Not Churned
CUST02294,1,2026-04-12,Competitor
CUST02295,0,,Not Churned
CUST02296,0,,Not Churned
CUST02297,0,,Not Churned
CUST02298,1,2026-02-09,Competitor
CUST02299,0,,Not Churned
CUST02300,1,2026-03-05,Not Using Product
CUST02301,0,,Not Churned
CUST02302,0,,Not Churned
CUST02303,0,,Not Churned
CUST02304,0,,Not Churned
CUST02305,0,,Not Churned
CUST02306,1,2026-07-22,Other
CUST02307,0,,Not Churned
CUST02308,0,,Not Churned
CUST02309,1,2026-01-30,High Price
CUST02310,0,,Not Churned
CUST02311,0,,Not Churned
CUST02312,0,,Not Churned
CUST02313,1,2026-03-05,Other
CUST02314,0,,Not Churned
CUST02315,1,2026-05-17,Customer Support
CUST02316,0,,Not Churned
CUST02317,0,,Not Churned
CUST02318,1,2026-01-08,Competitor
CUST02319,0,,Not Churned
CUST02320,0,,Not Churned
CUST02321,1,2026-04-26,Not Using Product
CUST02322,1,2026-08-01,Not Using Product
CUST02323,0,,Not Churned
CUST02324,0,,Not Churned
CUST02325,0,,Not Churned
CUST02326,0,,Not Churned
CUST02327,0,,Not Churned
CUST02328,0,,Not Churned
CUST02329,1,2026-07-23,Competitor
CUST02330,0,,Not Churned
CUST02331,1,2026-01-22,Competitor
CUST02332,0,,Not Churned
CUST02333,0,,Not Churned
CUST02334,0,,Not Churned
CUST02335,0,,Not Churned
CUST02336,1,2026-06-21,Not Using Product
CUST02337,0,,Not Churned
CUST02338,0,,Not Churned
CUST02339,1,2026-03-12,Other
CUST02340,0,,Not Churned
CUST02341,0,,Not Churned
CUST02342,0,,Not Churned
CUST02343,0,,Not Churned
CUST02344,0,,Not Churned
CUST02345,0,,Not Churned
CUST02346,1,2026-01-08,Technical Issues
CUST02347,0,,Not Churned
CUST02348,0,,Not Churned
CUST02349,0,,Not Churned
CUST02350,0,,Not Churned
CUST02351,0,,Not Churned
CUST02352,1,2026-05-05,High Price
CUST02353,0,,Not Churned
CUST02354,0,,Not Churned
CUST02355,1,2026-06-05,High Price
CUST02356,0,,Not Churned
CUST02357,1,2026-02-08,Not Using Product
CUST02358,0,,Not Churned
CUST02359,0,,Not Churned
CUST02360,1,2026-06-15,Technical Issues
CUST02361,0,,Not Churned
CUST02362,0,,Not Churned
CUST02363,0,,Not Churned
CUST02364,0,,Not Churned
CUST02365,0,,Not Churned
CUST02366,0,,Not Churned
CUST02367,0,,Not Churned
CUST02368,0,,Not Churned
CUST02369,0,,Not Churned
CUST02370,0,,Not Churned
CUST02371,1,2026-06-07,Not Using Product
CUST02372,1,2026-01-17,Other
CUST02373,0,,Not Churned
CUST02374,1,2026-02-27,Not Using Product
CUST02375,0,,Not Churned
CUST02376,1,2026-03-28,Other
CUST02377,0,,Not Churned
CUST02378,0,,Not Churned
CUST02379,1,2026-07-15,Not Using Product
CUST02380,1,2026-02-26,Poor Service
CUST02381,0,,Not Churned
CUST02382,0,,Not Churned
CUST02383,0,,Not Churned
CUST02384,1,2026-02-14,Other
CUST02385,1,2026-02-28,Poor Service
CUST02386,0,,Not Churned
CUST02387,0,,Not Churned
CUST02388,0,,Not Churned
CUST02389,0,,Not Churned
CUST02390,1,2026-04-12,Not Using Product
CUST02391,0,,Not Churned
CUST02392,0,,Not Churned
CUST02393,0,,Not Churned
CUST02394,0,,Not Churned
CUST02395,0,,Not Churned
CUST02396,0,,Not Churned
CUST02397,0,,Not Churned
CUST02398,1,2026-05-13,Customer Support
CUST02399,0,,Not Churned
CUST02400,0,,Not Churned
CUST02401,0,,Not Churned
CUST02402,0,,Not Churned
CUST02403,0,,Not Churned
CUST02404,0,,Not Churned
CUST02405,0,,Not Churned
CUST02406,0,,Not Churned
CUST02407,0,,Not Churned
CUST02408,1,2026-02-20,Customer Support
CUST02409,1,2026-01-27,Customer Support
CUST02410,1,2026-03-16,Technical Issues
CUST02411,1,2026-03-31,Not Using Product
CUST02412,0,,Not Churned
CUST02413,1,2026-01-23,Not Using Product
CUST02414,0,,Not Churned
CUST02415,1,2026-06-02,Other
CUST02416,0,,Not Churned
CUST02417,0,,Not Churned
CUST02418,0,,Not Churned
CUST02419,0,,Not Churned
CUST02420,0,,Not Churned
CUST02421,0,,Not Churned
CUST02422,0,,Not Churned
CUST02423,0,,Not Churned
CUST02424,0,,Not Churned
CUST02425,0,,Not Churned
CUST02426,0,,Not Churned
CUST02427,0,,Not Churned
CUST02428,0,,Not Churned
CUST02429,1,2026-06-06,Technical Issues
CUST02430,0,,Not Churned
CUST02431,0,,Not Churned
CUST02432,0,,Not Churned
CUST02433,0,,Not Churned
CUST02434,0,,Not Churned
CUST02435,0,,Not Churned
CUST02436,1,2026-04-11,Competitor
CUST02437,0,,Not Churned
CUST02438,0,,Not Churned
CUST02439,0,,Not Churned
CUST02440,0,,Not Churned
CUST02441,0,,Not Churned
CUST02442,0,,Not Churned
CUST02443,1,2026-07-06,Technical Issues
CUST02444,0,,Not Churned
CUST02445,0,,Not Churned
CUST02446,1,2026-05-12,Customer Support
CUST02447,0,,Not Churned
CUST02448,0,,Not Churned
CUST02449,0,,Not Churned
CUST02450,1,2026-06-19,Poor Service
CUST02451,1,2026-07-12,Technical Issues
CUST02452,0,,Not Churned
CUST02453,0,,Not Churned
CUST02454,0,,Not Churned
CUST02455,0,,Not Churned
CUST02456,0,,Not Churned
CUST02457,0,,Not Churned
CUST02458,1,2026-03-11,Poor Service
CUST02459,0,,Not Churned
CUST02460,0,,Not Churned
CUST02461,1,2026-03-05,Not Using Product
CUST02462,0,,Not Churned
CUST02463,1,2026-04-11,Technical Issues
CUST02464,0,,Not Churned
CUST02465,0,,Not Churned
CUST02466,0,,Not Churned
CUST02467,0,,Not Churned
CUST02468,0,,Not Churned
CUST02469,0,,Not Churned
CUST02470,0,,Not Churned
CUST02471,0,,Not Churned
CUST02472,1,2026-06-07,Customer Support
CUST02473,0,,Not Churned
CUST02474,0,,Not Churned
CUST02475,0,,Not Churned
CUST02476,1,2026-01-04,Competitor
CUST02477,1,2026-08-14,Technical Issues
CUST02478,0,,Not Churned
CUST02479,0,,Not Churned
CUST02480,0,,Not Churned
CUST02481,1,2026-03-13,Competitor
CUST02482,1,2026-05-10,Competitor
CUST02483,0,,Not Churned
CUST02484,0,,Not Churned
CUST02485,0,,Not Churned
CUST02486,0,,Not Churned
CUST02487,0,,Not Churned
CUST02488,0,,Not Churned
CUST02489,1,2026-05-28,Other
CUST02490,0,,Not Churned
CUST02491,1,2026-02-02,Not Using Product
CUST02492,0,,Not Churned
CUST02493,0,,Not Churned
CUST02494,0,,Not Churned
CUST02495,0,,Not Churned
CUST02496,1,2026-04-25,Other
CUST02497,0,,Not Churned
CUST02498,1,2026-05-02,Customer Support
CUST02499,0,,Not Churned
CUST02500,0,,Not Churned
CUST02501,0,,Not Churned
CUST02502,0,,Not Churned
CUST02503,0,,Not Churned
CUST02504,0,,Not Churned
CUST02505,0,,Not Churned
CUST02506,0,,Not Churned
CUST02507,0,,Not Churned
CUST02508,0,,Not Churned
CUST02509,1,2026-08-23,Technical Issues
CUST02510,1,2026-07-13,Poor Service
CUST02511,1,2026-07-13,Poor Service
CUST02512,0,,Not Churned
CUST02513,0,,Not Churned
CUST02514,0,,Not Churned
CUST02515,0,,Not Churned
CUST02516,1,2026-08-20,Technical Issues
CUST02517,1,2026-02-16,High Price
CUST02518,0,,Not Churned
CUST02519,0,,Not Churned
CUST02520,0,,Not Churned
CUST02521,0,,Not Churned
CUST02522,0,,Not Churned
CUST02523,0,,Not Churned
CUST02524,1,2026-06-15,Competitor
CUST02525,0,,Not Churned
CUST02526,0,,Not Churned
CUST02527,0,,Not Churned
CUST02528,1,2026-04-03,Not Using Product
CUST02529,0,,Not Churned
CUST02530,0,,Not Churned
CUST02531,0,,Not Churned
CUST02532,0,,Not Churned
CUST02533,1,2026-04-15,Technical Issues
CUST02534,0,,Not Churned
CUST02535,1,2026-08-26,Customer Support
CUST02536,0,,Not Churned
CUST02537,0,,Not Churned
CUST02538,0,,Not Churned
CUST02539,1,2026-04-04,Technical Issues
CUST02540,0,,Not Churned
CUST02541,0,,Not Churned
CUST02542,0,,Not Churned
CUST02543,1,2026-07-28,Other
CUST02544,1,2026-04-12,Competitor
CUST02545,0,,Not Churned
CUST02546,1,2026-03-05,Not Using Product
CUST02547,0,,Not Churned
CUST02548,0,,Not Churned
CUST02549,0,,Not Churned
CUST02550,1,2026-06-04,Customer Support
CUST02551,0,,Not Churned
CUST02552,0,,Not Churned
CUST02553,0,,Not Churned
CUST02554,0,,Not Churned
CUST02555,0,,Not Churned
CUST02556,0,,Not Churned
CUST02557,0,,Not Churned
CUST02558,1,2026-05-24,Poor Service
CUST02559,0,,Not Churned
CUST02560,1,2026-01-26,Customer Support
CUST02561,0,,Not Churned
CUST02562,0,,Not Churned
CUST02563,1,2026-08-06,Competitor
CUST02564,0,,Not Churned
CUST02565,0,,Not Churned
CUST02566,0,,Not Churned
CUST02567,0,,Not Churned
CUST02568,0,,Not Churned
CUST02569,0,,Not Churned
CUST02570,1,2026-02-04,Competitor
CUST02571,0,,Not Churned
CUST02572,1,2026-04-09,High Price
CUST02573,0,,Not Churned
CUST02574,0,,Not Churned
CUST02575,0,,Not Churned
CUST02576,1,2026-03-29,Not Using Product
CUST02577,1,2026-06-17,High Price
CUST02578,0,,Not Churned
CUST02579,0,,Not Churned
CUST02580,1,2026-03-13,Technical Issues
CUST02581,0,,Not Churned
CUST02582,1,2026-01-22,Other
CUST02583,1,2026-03-15,Other
CUST02584,1,2026-04-21,Poor Service
CUST02585,0,,Not Churned
CUST02586,1,2026-06-14,Competitor
CUST02587,0,,Not Churned
CUST02588,0,,Not Churned
CUST02589,0,,Not Churned
CUST02590,1,2026-08-16,Competitor
CUST02591,0,,Not Churned
CUST02592,0,,Not Churned
CUST02593,0,,Not Churned
CUST02594,1,2026-06-22,High Price
CUST02595,1,2026-04-03,Poor Service
CUST02596,0,,Not Churned
CUST02597,0,,Not Churned
CUST02598,1,2026-06-08,High Price
CUST02599,0,,Not Churned
CUST02600,0,,Not Churned
CUST02601,0,,Not Churned
CUST02602,0,,Not Churned
CUST02603,0,,Not Churned
CUST02604,0,,Not Churned
CUST02605,0,,Not Churned
CUST02606,1,2026-05-23,Other
CUST02607,0,,Not Churned
CUST02608,0,,Not Churned
CUST02609,1,2026-07-31,Customer Support
CUST02610,0,,Not Churned
CUST02611,0,,Not Churned
CUST02612,0,,Not Churned
CUST02613,0,,Not Churned
CUST02614,0,,Not Churned
CUST02615,0,,Not Churned
CUST02616,0,,Not Churned
CUST02617,1,2026-01-13,Competitor
CUST02618,1,2026-08-18,Customer Support
CUST02619,1,2026-01-16,Technical Issues
CUST02620,0,,Not Churned
CUST02621,1,2026-07-20,Customer Support
CUST02622,0,,Not Churned
CUST02623,1,2026-07-31,Not Using Product
CUST02624,1,2026-03-21,High Price
CUST02625,1,2026-03-31,High Price
CUST02626,0,,Not Churned
CUST02627,0,,Not Churned
CUST02628,1,2026-05-03,Poor Service
CUST02629,1,2026-02-08,High Price
CUST02630,0,,Not Churned
CUST02631,0,,Not Churned
CUST02632,1,2026-01-08,Competitor
CUST02633,0,,Not Churned
CUST02634,1,2026-07-22,Technical Issues
CUST02635,1,2026-06-30,Competitor
CUST02636,0,,Not Churned
CUST02637,1,2026-08-30,Poor Service
CUST02638,1,2026-08-22,Competitor
CUST02639,0,,Not Churned
CUST02640,0,,Not Churned
CUST02641,1,2026-05-20,Customer Support
CUST02642,0,,Not Churned
CUST02643,0,,Not Churned
CUST02644,0,,Not Churned
CUST02645,0,,Not Churned
CUST02646,0,,Not Churned
CUST02647,0,,Not Churned
CUST02648,0,,Not Churned
CUST02649,0,,Not Churned
CUST02650,0,,Not Churned
CUST02651,0,,Not Churned
CUST02652,0,,Not Churned
CUST02653,1,2026-02-15,Not Using Product
CUST02654,0,,Not Churned
CUST02655,0,,Not Churned
CUST02656,0,,Not Churned
CUST02657,0,,Not Churned
CUST02658,0,,Not Churned
CUST02659,1,2026-05-27,Not Using Product
CUST02660,0,,Not Churned
CUST02661,1,2026-03-29,Customer Support
CUST02662,0,,Not Churned
CUST02663,0,,Not Churned
CUST02664,0,,Not Churned
CUST02665,0,,Not Churned
CUST02666,0,,Not Churned
CUST02667,0,,Not Churned
CUST02668,0,,Not Churned
CUST02669,0,,Not Churned
CUST02670,0,,Not Churned
CUST02671,0,,Not Churned
CUST02672,1,2026-04-19,Technical Issues
CUST02673,0,,Not Churned
CUST02674,0,,Not Churned
CUST02675,0,,Not Churned
CUST02676,0,,Not Churned
CUST02677,0,,Not Churned
CUST02678,0,,Not Churned
CUST02679,0,,Not Churned
CUST02680,0,,Not Churned
CUST02681,0,,Not Churned
CUST02682,0,,Not Churned
CUST02683,0,,Not Churned
CUST02684,0,,Not Churned
CUST02685,1,2026-05-07,High Price
CUST02686,0,,Not Churned
CUST02687,0,,Not Churned
CUST02688,1,2026-06-21,Technical Issues
CUST02689,0,,Not Churned
CUST02690,0,,Not Churned
CUST02691,0,,Not Churned
CUST02692,1,2026-01-21,Technical Issues
CUST02693,0,,Not Churned
CUST02694,1,2026-04-01,Poor Service
CUST02695,0,,Not Churned
CUST02696,0,,Not Churned
CUST02697,0,,Not Churned
CUST02698,0,,Not Churned
CUST02699,0,,Not Churned
CUST02700,0,,Not Churned
CUST02701,0,,Not Churned
CUST02702,0,,Not Churned
CUST02703,0,,Not Churned
CUST02704,0,,Not Churned
CUST02705,0,,Not Churned
CUST02706,0,,Not Churned
CUST02707,0,,Not Churned
CUST02708,0,,Not Churned
CUST02709,0,,Not Churned
CUST02710,0,,Not Churned
CUST02711,1,2026-08-30,Technical Issues
CUST02712,1,2026-08-14,Other
CUST02713,0,,Not Churned
CUST02714,1,2026-01-28,Technical Issues
CUST02715,0,,Not Churned
CUST02716,0,,Not Churned
CUST02717,1,2026-07-17,Competitor
CUST02718,1,2026-04-23,Poor Service
CUST02719,1,2026-03-15,Competitor
CUST02720,0,,Not Churned
CUST02721,0,,Not Churned
CUST02722,0,,Not Churned
CUST02723,0,,Not Churned
CUST02724,1,2026-05-24,High Price
CUST02725,0,,Not Churned
CUST02726,0,,Not Churned
CUST02727,1,2026-03-15,Technical Issues
CUST02728,0,,Not Churned
CUST02729,0,,Not Churned
CUST02730,0,,Not Churned
CUST02731,0,,Not Churned
CUST02732,0,,Not Churned
CUST02733,0,,Not Churned
CUST02734,0,,Not Churned
CUST02735,0,,Not Churned
CUST02736,1,2026-02-12,Poor Service
CUST02737,0,,Not Churned
CUST02738,0,,Not Churned
CUST02739,0,,Not Churned
CUST02740,0,,Not Churned
CUST02741,1,2026-03-02,Other
CUST02742,0,,Not Churned
CUST02743,1,2026-06-30,High Price
CUST02744,0,,Not Churned
CUST02745,0,,Not Churned
CUST02746,0,,Not Churned
CUST02747,0,,Not Churned
CUST02748,0,,Not Churned
CUST02749,1,2026-03-03,Technical Issues
CUST02750,0,,Not Churned
CUST02751,1,2026-06-09,Other
CUST02752,0,,Not Churned
CUST02753,0,,Not Churned
CUST02754,0,,Not Churned
CUST02755,1,2026-03-29,Poor Service
CUST02756,0,,Not Churned
CUST02757,1,2026-01-20,Customer Support
CUST02758,0,,Not Churned
CUST02759,0,,Not Churned
CUST02760,1,2026-03-17,Not Using Product
CUST02761,1,2026-06-10,Customer Support
CUST02762,0,,Not Churned
CUST02763,0,,Not Churned
CUST02764,0,,Not Churned
CUST02765,1,2026-02-16,Poor Service
CUST02766,0,,Not Churned
CUST02767,1,2026-05-31,Competitor
CUST02768,1,2026-07-10,Competitor
CUST02769,1,2026-01-31,Other
CUST02770,0,,Not Churned
CUST02771,1,2026-07-08,High Price
CUST02772,0,,Not Churned
CUST02773,1,2026-06-11,Not Using Product
CUST02774,0,,Not Churned
CUST02775,1,2026-03-07,Competitor
CUST02776,0,,Not Churned
CUST02777,0,,Not Churned
CUST02778,0,,Not Churned
CUST02779,0,,Not Churned
CUST02780,0,,Not Churned
CUST02781,0,,Not Churned
CUST02782,0,,Not Churned
CUST02783,1,2026-01-26,Competitor
CUST02784,0,,Not Churned
CUST02785,1,2026-01-14,Customer Support
CUST02786,0,,Not Churned
CUST02787,0,,Not Churned
CUST02788,1,2026-08-20,Not Using Product
CUST02789,0,,Not Churned
CUST02790,0,,Not Churned
CUST02791,0,,Not Churned
CUST02792,1,2026-05-24,Competitor
CUST02793,1,2026-01-28,Poor Service
CUST02794,0,,Not Churned
CUST02795,1,2026-01-08,Not Using Product
CUST02796,0,,Not Churned
CUST02797,0,,Not Churned
CUST02798,0,,Not Churned
CUST02799,0,,Not Churned
CUST02800,1,2026-01-07,High Price
CUST02801,0,,Not Churned
CUST02802,1,2026-02-18,High Price
CUST02803,0,,Not Churned
CUST02804,0,,Not Churned
CUST02805,0,,Not Churned
CUST02806,0,,Not Churned
CUST02807,0,,Not Churned
CUST02808,0,,Not Churned
CUST02809,0,,Not Churned
CUST02810,0,,Not Churned
CUST02811,0,,Not Churned
CUST02812,1,2026-04-14,Customer Support
CUST02813,1,2026-07-02,Other
CUST02814,0,,Not Churned
CUST02815,1,2026-07-16,Technical Issues
CUST02816,1,2026-06-03,Poor Service
CUST02817,1,2026-05-14,Poor Service
CUST02818,0,,Not Churned
CUST02819,0,,Not Churned
CUST02820,1,2026-03-06,Competitor
CUST02821,0,,Not Churned
CUST02822,1,2026-05-11,Customer Support
CUST02823,1,2026-03-09,Competitor
CUST02824,0,,Not Churned
CUST02825,0,,Not Churned
CUST02826,1,2026-03-03,Competitor
CUST02827,0,,Not Churned
CUST02828,1,2026-02-21,Technical Issues
CUST02829,0,,Not Churned
CUST02830,1,2026-01-04,High Price
CUST02831,0,,Not Churned
CUST02832,1,2026-07-08,High Price
CUST02833,0,,Not Churned
CUST02834,0,,Not Churned
CUST02835,1,2026-05-08,Poor Service
CUST02836,0,,Not Churned
CUST02837,0,,Not Churned
CUST02838,0,,Not Churned
CUST02839,0,,Not Churned
CUST02840,0,,Not Churned
CUST02841,0,,Not Churned
CUST02842,0,,Not Churned
CUST02843,0,,Not Churned
CUST02844,0,,Not Churned
CUST02845,0,,Not Churned
CUST02846,0,,Not Churned
CUST02847,0,,Not Churned
CUST02848,0,,Not Churned
CUST02849,1,2026-08-08,Customer Support
CUST02850,0,,Not Churned
CUST02851,1,2026-04-09,Technical Issues
CUST02852,0,,Not Churned
CUST02853,0,,Not Churned
CUST02854,0,,Not Churned
CUST02855,0,,Not Churned
CUST02856,1,2026-03-25,Competitor
CUST02857,0,,Not Churned
CUST02858,0,,Not Churned
CUST02859,0,,Not Churned
CUST02860,1,2026-01-08,High Price
CUST02861,1,2026-04-14,High Price
CUST02862,1,2026-03-11,Technical Issues
CUST02863,0,,Not Churned
CUST02864,1,2026-07-30,Other
CUST02865,1,2026-05-09,Poor Service
CUST02866,1,2026-01-11,Not Using Product
CUST02867,0,,Not Churned
CUST02868,0,,Not Churned
CUST02869,0,,Not Churned
CUST02870,1,2026-04-05,Customer Support
CUST02871,1,2026-05-18,Other
CUST02872,1,2026-04-01,Other
CUST02873,0,,Not Churned
CUST02874,0,,Not Churned
CUST02875,1,2026-05-25,Poor Service
CUST02876,0,,Not Churned
CUST02877,0,,Not Churned
CUST02878,0,,Not Churned
CUST02879,0,,Not Churned
CUST02880,0,,Not Churned
CUST02881,0,,Not Churned
CUST02882,0,,Not Churned
CUST02883,0,,Not Churned
CUST02884,1,2026-03-08,Not Using Product
CUST02885,1,2026-05-12,Customer Support
CUST02886,0,,Not Churned
CUST02887,1,2026-03-13,High Price
CUST02888,0,,Not Churned
CUST02889,0,,Not Churned
CUST02890,0,,Not Churned
CUST02891,0,,Not Churned
CUST02892,0,,Not Churned
CUST02893,0,,Not Churned
CUST02894,1,2026-01-21,Competitor
CUST02895,0,,Not Churned
CUST02896,0,,Not Churned
CUST02897,0,,Not Churned
CUST02898,0,,Not Churned
CUST02899,0,,Not Churned
CUST02900,0,,Not Churned
CUST02901,0,,Not Churned
CUST02902,1,2026-02-28,Customer Support
CUST02903,0,,Not Churned
CUST02904,0,,Not Churned
CUST02905,0,,Not Churned
CUST02906,0,,Not Churned
CUST02907,1,2026-04-29,Technical Issues
CUST02908,0,,Not Churned
CUST02909,0,,Not Churned
CUST02910,0,,Not Churned
CUST02911,0,,Not Churned
CUST02912,0,,Not Churned
CUST02913,0,,Not Churned
CUST02914,0,,Not Churned
CUST02915,1,2026-03-07,Competitor
CUST02916,0,,Not Churned
CUST02917,1,2026-06-15,Poor Service
CUST02918,1,2026-07-13,Other
CUST02919,0,,Not Churned
CUST02920,1,2026-07-01,Technical Issues
CUST02921,0,,Not Churned
CUST02922,0,,Not Churned
CUST02923,0,,Not Churned
CUST02924,0,,Not Churned
CUST02925,0,,Not Churned
CUST02926,0,,Not Churned
CUST02927,1,2026-06-02,High Price
CUST02928,0,,Not Churned
CUST02929,0,,Not Churned
CUST02930,0,,Not Churned
CUST02931,1,2026-07-13,Competitor
CUST02932,0,,Not Churned
CUST02933,0,,Not Churned
CUST02934,0,,Not Churned
CUST02935,0,,Not Churned
CUST02936,1,2026-02-06,Competitor
CUST02937,1,2026-06-28,Not Using Product
CUST02938,1,2026-05-27,Not Using Product
CUST02939,1,2026-04-24,Technical Issues
CUST02940,1,2026-04-09,Not Using Product
CUST02941,0,,Not Churned
CUST02942,0,,Not Churned
CUST02943,1,2026-04-22,Not Using Product
CUST02944,0,,Not Churned
CUST02945,0,,Not Churned
CUST02946,0,,Not Churned
CUST02947,0,,Not Churned
CUST02948,0,,Not Churned
CUST02949,0,,Not Churned
CUST02950,1,2026-03-21,Not Using Product
CUST02951,0,,Not Churned
CUST02952,0,,Not Churned
CUST02953,0,,Not Churned
CUST02954,0,,Not Churned
CUST02955,0,,Not Churned
CUST02956,0,,Not Churned
CUST02957,0,,Not Churned
CUST02958,0,,Not Churned
CUST02959,1,2026-07-25,High Price
CUST02960,1,2026-01-20,Technical Issues
CUST02961,1,2026-04-15,Competitor
CUST02962,1,2026-02-05,Customer Support
CUST02963,0,,Not Churned
CUST02964,1,2026-08-14,Competitor
CUST02965,0,,Not Churned
CUST02966,0,,Not Churned
CUST02967,1,2026-03-29,Competitor
CUST02968,1,2026-04-19,Poor Service
CUST02969,0,,Not Churned
CUST02970,0,,Not Churned
CUST02971,0,,Not Churned
CUST02972,0,,Not Churned
CUST02973,0,,Not Churned
CUST02974,0,,Not Churned
CUST02975,1,2026-04-04,Customer Support
CUST02976,0,,Not Churned
CUST02977,0,,Not Churned
CUST02978,0,,Not Churned
CUST02979,0,,Not Churned
CUST02980,0,,Not Churned
CUST02981,0,,Not Churned
CUST02982,1,2026-01-22,Not Using Product
CUST02983,0,,Not Churned
CUST02984,0,,Not Churned
CUST02985,1,2026-07-16,Customer Support
CUST02986,1,2026-07-06,High Price
CUST02987,0,,Not Churned
CUST02988,0,,Not Churned
CUST02989,0,,Not Churned
CUST02990,0,,Not Churned
CUST02991,1,2026-05-11,Customer Support
CUST02992,0,,Not Churned
CUST02993,0,,Not Churned
CUST02994,0,,Not Churned
CUST02995,0,,Not Churned
CUST02996,1,2026-02-10,Poor Service
CUST02997,1,2026-02-11,Technical Issues
CUST02998,1,2026-05-18,Poor Service
CUST02999,1,2026-04-28,Customer Support
CUST03000,1,2026-03-06,Customer Support
CUST03001,0,,Not Churned
CUST03002,0,,Not Churned
CUST03003,0,,Not Churned
CUST03004,1,2026-08-13,Technical Issues
CUST03005,0,,Not Churned
CUST03006,0,,Not Churned
CUST03007,0,,Not Churned
CUST03008,0,,Not Churned
CUST03009,0,,Not Churned
CUST03010,0,,Not Churned
CUST03011,0,,Not Churned
CUST03012,0,,Not Churned
CUST03013,0,,Not Churned
CUST03014,0,,Not Churned
CUST03015,0,,Not Churned
CUST03016,0,,Not Churned
CUST03017,1,2026-03-23,High Price
CUST03018,1,2026-04-21,Competitor
CUST03019,0,,Not Churned
CUST03020,0,,Not Churned
CUST03021,0,,Not Churned
CUST03022,1,2026-08-08,High Price
CUST03023,0,,Not Churned
CUST03024,1,2026-03-07,High Price
CUST03025,0,,Not Churned
CUST03026,1,2026-05-02,Poor Service
CUST03027,0,,Not Churned
CUST03028,0,,Not Churned
CUST03029,1,2026-04-12,Not Using Product
CUST03030,0,,Not Churned
CUST03031,1,2026-02-26,High Price
CUST03032,0,,Not Churned
CUST03033,0,,Not Churned
CUST03034,0,,Not Churned
CUST03035,0,,Not Churned
CUST03036,1,2026-03-16,Not Using Product
CUST03037,0,,Not Churned
CUST03038,1,2026-08-17,Competitor
CUST03039,0,,Not Churned
CUST03040,1,2026-06-17,High Price
CUST03041,1,2026-08-19,Customer Support
CUST03042,0,,Not Churned
CUST03043,0,,Not Churned
CUST03044,1,2026-01-31,Other
CUST03045,0,,Not Churned
CUST03046,0,,Not Churned
CUST03047,1,2026-06-14,Other
CUST03048,1,2026-07-04,Technical Issues
CUST03049,0,,Not Churned
CUST03050,0,,Not Churned
CUST03051,0,,Not Churned
CUST03052,0,,Not Churned
CUST03053,0,,Not Churned
CUST03054,0,,Not Churned
CUST03055,0,,Not Churned
CUST03056,0,,Not Churned
CUST03057,1,2026-02-07,Customer Support
CUST03058,1,2026-07-01,Competitor
CUST03059,1,2026-08-12,Competitor
CUST03060,0,,Not Churned
CUST03061,1,2026-01-25,Not Using Product
CUST03062,0,,Not Churned
CUST03063,0,,Not Churned
CUST03064,1,2026-04-05,Customer Support
CUST03065,0,,Not Churned
CUST03066,0,,Not Churned
CUST03067,1,2026-01-16,Customer Support
CUST03068,0,,Not Churned
CUST03069,0,,Not Churned
CUST03070,0,,Not Churned
CUST03071,0,,Not Churned
CUST03072,0,,Not Churned
CUST03073,0,,Not Churned
CUST03074,1,2026-01-13,Technical Issues
CUST03075,0,,Not Churned
CUST03076,0,,Not Churned
CUST03077,0,,Not Churned
CUST03078,0,,Not Churned
CUST03079,0,,Not Churned
CUST03080,0,,Not Churned
CUST03081,0,,Not Churned
CUST03082,0,,Not Churned
CUST03083,0,,Not Churned
CUST03084,0,,Not Churned
CUST03085,0,,Not Churned
CUST03086,0,,Not Churned
CUST03087,1,2026-01-25,Technical Issues
CUST03088,0,,Not Churned
CUST03089,0,,Not Churned
CUST03090,0,,Not Churned
CUST03091,0,,Not Churned
CUST03092,1,2026-01-15,Customer Support
CUST03093,0,,Not Churned
CUST03094,1,2026-01-21,Other
CUST03095,0,,Not Churned
CUST03096,0,,Not Churned
CUST03097,0,,Not Churned
CUST03098,0,,Not Churned
CUST03099,1,2026-03-29,High Price
CUST03100,0,,Not Churned
CUST03101,0,,Not Churned
CUST03102,0,,Not Churned
CUST03103,0,,Not Churned
CUST03104,0,,Not Churned
CUST03105,1,2026-07-29,High Price
CUST03106,1,2026-02-04,Not Using Product
CUST03107,0,,Not Churned
CUST03108,1,2026-03-07,Technical Issues
CUST03109,0,,Not Churned
CUST03110,0,,Not Churned
CUST03111,0,,Not Churned
CUST03112,0,,Not Churned
CUST03113,1,2026-05-10,Competitor
CUST03114,0,,Not Churned
CUST03115,0,,Not Churned
CUST03116,0,,Not Churned
CUST03117,1,2026-02-14,High Price
CUST03118,0,,Not Churned
CUST03119,1,2026-01-04,Customer Support
CUST03120,1,2026-03-26,Not Using Product
CUST03121,0,,Not Churned
CUST03122,0,,Not Churned
CUST03123,0,,Not Churned
CUST03124,0,,Not Churned
CUST03125,0,,Not Churned
CUST03126,0,,Not Churned
CUST03127,1,2026-03-11,High Price
CUST03128,0,,Not Churned
CUST03129,0,,Not Churned
CUST03130,0,,Not Churned
CUST03131,1,2026-05-07,High Price
CUST03132,0,,Not Churned
CUST03133,0,,Not Churned
CUST03134,0,,Not Churned
CUST03135,0,,Not Churned
CUST03136,1,2026-08-19,Customer Support
CUST03137,0,,Not Churned
CUST03138,1,2026-01-27,Not Using Product
CUST03139,1,2026-04-05,Customer Support
CUST03140,0,,Not Churned
CUST03141,1,2026-07-20,Poor Service
CUST03142,0,,Not Churned
CUST03143,1,2026-08-26,Customer Support
CUST03144,0,,Not Churned
CUST03145,0,,Not Churned
CUST03146,1,2026-08-06,Customer Support
CUST03147,0,,Not Churned
CUST03148,1,2026-05-17,Poor Service
CUST03149,0,,Not Churned
CUST03150,0,,Not Churned
CUST03151,0,,Not Churned
CUST03152,0,,Not Churned
CUST03153,0,,Not Churned
CUST03154,0,,Not Churned
CUST03155,1,2026-08-27,Not Using Product
CUST03156,1,2026-06-11,Poor Service
CUST03157,0,,Not Churned
CUST03158,0,,Not Churned
CUST03159,0,,Not Churned
CUST03160,0,,Not Churned
CUST03161,0,,Not Churned
CUST03162,0,,Not Churned
CUST03163,1,2026-05-20,Competitor
CUST03164,1,2026-05-25,Technical Issues
CUST03165,0,,Not Churned
CUST03166,0,,Not Churned
CUST03167,1,2026-03-25,Not Using Product
CUST03168,0,,Not Churned
CUST03169,0,,Not Churned
CUST03170,0,,Not Churned
CUST03171,0,,Not Churned
CUST03172,0,,Not Churned
CUST03173,0,,Not Churned
CUST03174,0,,Not Churned
CUST03175,0,,Not Churned
CUST03176,0,,Not Churned
CUST03177,0,,Not Churned
CUST03178,0,,Not Churned
CUST03179,0,,Not Churned
CUST03180,0,,Not Churned
CUST03181,0,,Not Churned
CUST03182,0,,Not Churned
CUST03183,0,,Not Churned
CUST03184,0,,Not Churned
CUST03185,0,,Not Churned
CUST03186,0,,Not Churned
CUST03187,1,2026-05-31,Other
CUST03188,0,,Not Churned
CUST03189,1,2026-04-09,Customer Support
CUST03190,0,,Not Churned
CUST03191,0,,Not Churned
CUST03192,0,,Not Churned
CUST03193,0,,Not Churned
CUST03194,0,,Not Churned
CUST03195,0,,Not Churned
CUST03196,0,,Not Churned
CUST03197,1,2026-01-20,Technical Issues
CUST03198,0,,Not Churned
CUST03199,0,,Not Churned
CUST03200,0,,Not Churned
CUST03201,0,,Not Churned
CUST03202,0,,Not Churned
CUST03203,0,,Not Churned
CUST03204,0,,Not Churned
CUST03205,0,,Not Churned
CUST03206,1,2026-04-07,Not Using Product
CUST03207,0,,Not Churned
CUST03208,0,,Not Churned
CUST03209,0,,Not Churned
CUST03210,0,,Not Churned
CUST03211,0,,Not Churned
CUST03212,0,,Not Churned
CUST03213,1,2026-03-12,Customer Support
CUST03214,0,,Not Churned
CUST03215,0,,Not Churned
CUST03216,1,2026-08-14,Customer Support
CUST03217,0,,Not Churned
CUST03218,0,,Not Churned
CUST03219,0,,Not Churned
CUST03220,0,,Not Churned
CUST03221,0,,Not Churned
CUST03222,0,,Not Churned
CUST03223,0,,Not Churned
CUST03224,0,,Not Churned
CUST03225,0,,Not Churned
CUST03226,1,2026-01-27,Not Using Product
CUST03227,0,,Not Churned
CUST03228,0,,Not Churned
CUST03229,0,,Not Churned
CUST03230,0,,Not Churned
CUST03231,0,,Not Churned
CUST03232,0,,Not Churned
CUST03233,1,2026-08-09,Other
CUST03234,1,2026-08-15,Customer Support
CUST03235,0,,Not Churned
CUST03236,1,2026-03-12,High Price
CUST03237,1,2026-03-26,Poor Service
CUST03238,0,,Not Churned
CUST03239,0,,Not Churned
CUST03240,0,,Not Churned
CUST03241,0,,Not Churned
CUST03242,0,,Not Churned
CUST03243,0,,Not Churned
CUST03244,0,,Not Churned
CUST03245,0,,Not Churned
CUST03246,0,,Not Churned
CUST03247,1,2026-01-21,Poor Service
CUST03248,0,,Not Churned
CUST03249,0,,Not Churned
CUST03250,0,,Not Churned
CUST03251,0,,Not Churned
CUST03252,1,2026-02-04,Other
CUST03253,0,,Not Churned
CUST03254,0,,Not Churned
CUST03255,0,,Not Churned
CUST03256,1,2026-05-16,Not Using Product
CUST03257,0,,Not Churned
CUST03258,0,,Not Churned
CUST03259,0,,Not Churned
CUST03260,0,,Not Churned
CUST03261,0,,Not Churned
CUST03262,0,,Not Churned
CUST03263,0,,Not Churned
CUST03264,0,,Not Churned
CUST03265,1,2026-08-03,Customer Support
CUST03266,0,,Not Churned
CUST03267,0,,Not Churned
CUST03268,0,,Not Churned
CUST03269,1,2026-07-15,High Price
CUST03270,1,2026-08-21,Poor Service
CUST03271,0,,Not Churned
CUST03272,0,,Not Churned
CUST03273,0,,Not Churned
CUST03274,0,,Not Churned
CUST03275,0,,Not Churned
CUST03276,1,2026-03-30,High Price
CUST03277,0,,Not Churned
CUST03278,0,,Not Churned
CUST03279,0,,Not Churned
CUST03280,0,,Not Churned
CUST03281,0,,Not Churned
CUST03282,0,,Not Churned
CUST03283,0,,Not Churned
CUST03284,0,,Not Churned
CUST03285,0,,Not Churned
CUST03286,0,,Not Churned
CUST03287,0,,Not Churned
CUST03288,1,2026-01-21,Not Using Product
CUST03289,0,,Not Churned
CUST03290,1,2026-04-21,Competitor
CUST03291,0,,Not Churned
CUST03292,1,2026-06-17,Competitor
CUST03293,0,,Not Churned
CUST03294,0,,Not Churned
CUST03295,1,2026-01-27,Technical Issues
CUST03296,0,,Not Churned
CUST03297,0,,Not Churned
CUST03298,0,,Not Churned
CUST03299,1,2026-02-08,Customer Support
CUST03300,0,,Not Churned
CUST03301,0,,Not Churned
CUST03302,0,,Not Churned
CUST03303,0,,Not Churned
CUST03304,0,,Not Churned
CUST03305,0,,Not Churned
CUST03306,1,2026-07-23,Customer Support
CUST03307,0,,Not Churned
CUST03308,1,2026-04-02,High Price
CUST03309,1,2026-02-18,Technical Issues
CUST03310,1,2026-05-03,Poor Service
CUST03311,0,,Not Churned
CUST03312,1,2026-01-30,Poor Service
CUST03313,0,,Not Churned
CUST03314,0,,Not Churned
CUST03315,0,,Not Churned
CUST03316,0,,Not Churned
CUST03317,0,,Not Churned
CUST03318,0,,Not Churned
CUST03319,1,2026-06-24,Technical Issues
CUST03320,0,,Not Churned
CUST03321,0,,Not Churned
CUST03322,0,,Not Churned
CUST03323,0,,Not Churned
CUST03324,0,,Not Churned
CUST03325,0,,Not Churned
CUST03326,0,,Not Churned
CUST03327,0,,Not Churned
CUST03328,1,2026-02-15,High Price
CUST03329,0,,Not Churned
CUST03330,1,2026-06-12,High Price
CUST03331,1,2026-01-24,Technical Issues
CUST03332,1,2026-02-18,Customer Support
CUST03333,1,2026-02-25,Technical Issues
CUST03334,1,2026-01-17,Other
CUST03335,1,2026-01-12,High Price
CUST03336,0,,Not Churned
CUST03337,0,,Not Churned
CUST03338,1,2026-05-12,Not Using Product
CUST03339,1,2026-04-06,Poor Service
CUST03340,0,,Not Churned
CUST03341,0,,Not Churned
CUST03342,0,,Not Churned
CUST03343,0,,Not Churned
CUST03344,0,,Not Churned
CUST03345,1,2026-04-22,Competitor
CUST03346,0,,Not Churned
CUST03347,0,,Not Churned
CUST03348,0,,Not Churned
CUST03349,1,2026-07-02,High Price
CUST03350,1,2026-07-03,Other
CUST03351,0,,Not Churned
CUST03352,1,2026-01-24,Poor Service
CUST03353,1,2026-07-23,High Price
CUST03354,1,2026-02-11,High Price
CUST03355,0,,Not Churned
CUST03356,0,,Not Churned
CUST03357,1,2026-02-23,Poor Service
CUST03358,1,2026-06-25,Other
CUST03359,0,,Not Churned
CUST03360,1,2026-08-07,Customer Support
CUST03361,0,,Not Churned
CUST03362,0,,Not Churned
CUST03363,1,2026-04-09,Not Using Product
CUST03364,0,,Not Churned
CUST03365,0,,Not Churned
CUST03366,0,,Not Churned
CUST03367,1,2026-02-27,Not Using Product
CUST03368,0,,Not Churned
CUST03369,0,,Not Churned
CUST03370,0,,Not Churned
CUST03371,1,2026-02-08,Technical Issues
CUST03372,1,2026-05-07,Poor Service
CUST03373,0,,Not Churned
CUST03374,1,2026-05-10,Not Using Product
CUST03375,1,2026-06-16,Poor Service
CUST03376,0,,Not Churned
CUST03377,0,,Not Churned
CUST03378,1,2026-06-08,Technical Issues
CUST03379,1,2026-08-17,Competitor
CUST03380,0,,Not Churned
CUST03381,1,2026-03-04,Other
CUST03382,1,2026-05-01,Technical Issues
CUST03383,0,,Not Churned
CUST03384,0,,Not Churned
CUST03385,1,2026-04-11,Not Using Product
CUST03386,0,,Not Churned
CUST03387,0,,Not Churned
CUST03388,0,,Not Churned
CUST03389,0,,Not Churned
CUST03390,0,,Not Churned
CUST03391,0,,Not Churned
CUST03392,0,,Not Churned
CUST03393,0,,Not Churned
CUST03394,0,,Not Churned
CUST03395,0,,Not Churned
CUST03396,0,,Not Churned
CUST03397,0,,Not Churned
CUST03398,0,,Not Churned
CUST03399,1,2026-08-22,Other
CUST03400,0,,Not Churned
CUST03401,0,,Not Churned
CUST03402,1,2026-05-22,Not Using Product
CUST03403,0,,Not Churned
CUST03404,0,,Not Churned
CUST03405,0,,Not Churned
CUST03406,0,,Not Churned
CUST03407,0,,Not Churned
CUST03408,0,,Not Churned
CUST03409,0,,Not Churned
CUST03410,1,2026-05-26,Technical Issues
CUST03411,1,2026-02-07,High Price
CUST03412,1,2026-01-11,Not Using Product
CUST03413,0,,Not Churned
CUST03414,0,,Not Churned
CUST03415,0,,Not Churned
CUST03416,0,,Not Churned
CUST03417,0,,Not Churned
CUST03418,0,,Not Churned
CUST03419,0,,Not Churned
CUST03420,0,,Not Churned
CUST03421,0,,Not Churned
CUST03422,0,,Not Churned
CUST03423,1,2026-01-22,Technical Issues
CUST03424,0,,Not Churned
CUST03425,1,2026-06-24,Competitor
CUST03426,1,2026-02-19,Poor Service
CUST03427,0,,Not Churned
CUST03428,1,2026-04-25,Not Using Product
CUST03429,0,,Not Churned
CUST03430,0,,Not Churned
CUST03431,0,,Not Churned
CUST03432,0,,Not Churned
CUST03433,0,,Not Churned
CUST03434,0,,Not Churned
CUST03435,1,2026-05-20,Technical Issues
CUST03436,1,2026-05-08,Customer Support
CUST03437,0,,Not Churned
CUST03438,1,2026-05-06,Poor Service
CUST03439,0,,Not Churned
CUST03440,1,2026-08-14,Other
CUST03441,0,,Not Churned
CUST03442,0,,Not Churned
CUST03443,0,,Not Churned
CUST03444,0,,Not Churned
CUST03445,1,2026-07-04,Not Using Product
CUST03446,1,2026-06-22,Customer Support
CUST03447,0,,Not Churned
CUST03448,0,,Not Churned
CUST03449,1,2026-05-02,Customer Support
CUST03450,0,,Not Churned
CUST03451,0,,Not Churned
CUST03452,0,,Not Churned
CUST03453,0,,Not Churned
CUST03454,0,,Not Churned
CUST03455,0,,Not Churned
CUST03456,0,,Not Churned
CUST03457,0,,Not Churned
CUST03458,1,2026-07-18,Not Using Product
CUST03459,1,2026-05-17,Not Using Product
CUST03460,0,,Not Churned
CUST03461,1,2026-02-23,High Price
CUST03462,0,,Not Churned
CUST03463,0,,Not Churned
CUST03464,1,2026-02-14,Technical Issues
CUST03465,0,,Not Churned
CUST03466,0,,Not Churned
CUST03467,0,,Not Churned
CUST03468,0,,Not Churned
CUST03469,0,,Not Churned
CUST03470,0,,Not Churned
CUST03471,1,2026-06-20,Customer Support
CUST03472,1,2026-01-13,Competitor
CUST03473,0,,Not Churned
CUST03474,0,,Not Churned
CUST03475,0,,Not Churned
CUST03476,0,,Not Churned
CUST03477,0,,Not Churned
CUST03478,0,,Not Churned
CUST03479,0,,Not Churned
CUST03480,1,2026-04-23,Competitor
CUST03481,0,,Not Churned
CUST03482,1,2026-02-02,Not Using Product
CUST03483,1,2026-03-15,Poor Service
CUST03484,1,2026-05-19,Technical Issues
CUST03485,0,,Not Churned
CUST03486,0,,Not Churned
CUST03487,0,,Not Churned
CUST03488,0,,Not Churned
CUST03489,0,,Not Churned
CUST03490,1,2026-07-10,Competitor
CUST03491,1,2026-02-19,Not Using Product
CUST03492,0,,Not Churned
CUST03493,0,,Not Churned
CUST03494,1,2026-08-02,Not Using Product
CUST03495,0,,Not Churned
CUST03496,0,,Not Churned
CUST03497,0,,Not Churned
CUST03498,1,2026-07-17,High Price
CUST03499,1,2026-08-03,Other
CUST03500,1,2026-08-12,Competitor
CUST03501,1,2026-08-16,High Price
CUST03502,0,,Not Churned
CUST03503,1,2026-01-10,High Price
CUST03504,0,,Not Churned
CUST03505,0,,Not Churned
CUST03506,0,,Not Churned
CUST03507,1,2026-05-27,Customer Support
CUST03508,0,,Not Churned
CUST03509,1,2026-04-10,Not Using Product
CUST03510,0,,Not Churned
CUST03511,0,,Not Churned
CUST03512,0,,Not Churned
CUST03513,0,,Not Churned
CUST03514,0,,Not Churned
CUST03515,0,,Not Churned
CUST03516,1,2026-07-07,Technical Issues
CUST03517,0,,Not Churned
CUST03518,1,2026-04-03,Poor Service
CUST03519,0,,Not Churned
CUST03520,1,2026-02-16,Other
CUST03521,1,2026-03-11,High Price
CUST03522,0,,Not Churned
CUST03523,0,,Not Churned
CUST03524,0,,Not Churned
CUST03525,0,,Not Churned
CUST03526,1,2026-01-05,Not Using Product
CUST03527,1,2026-06-27,Competitor
CUST03528,0,,Not Churned
CUST03529,1,2026-04-22,Competitor
CUST03530,0,,Not Churned
CUST03531,1,2026-03-09,Poor Service
CUST03532,0,,Not Churned
CUST03533,1,2026-05-24,Technical Issues
CUST03534,1,2026-08-29,Technical Issues
CUST03535,0,,Not Churned
CUST03536,0,,Not Churned
CUST03537,1,2026-07-10,Other
CUST03538,1,2026-04-18,Technical Issues
CUST03539,0,,Not Churned
CUST03540,0,,Not Churned
CUST03541,0,,Not Churned
CUST03542,0,,Not Churned
CUST03543,1,2026-06-06,High Price
CUST03544,0,,Not Churned
CUST03545,0,,Not Churned
CUST03546,0,,Not Churned
CUST03547,0,,Not Churned
CUST03548,1,2026-04-16,High Price
CUST03549,0,,Not Churned
CUST03550,0,,Not Churned
CUST03551,1,2026-08-14,Not Using Product
CUST03552,0,,Not Churned
CUST03553,0,,Not Churned
CUST03554,0,,Not Churned
CUST03555,0,,Not Churned
CUST03556,0,,Not Churned
CUST03557,0,,Not Churned
CUST03558,0,,Not Churned
CUST03559,1,2026-03-07,Other
CUST03560,0,,Not Churned
CUST03561,1,2026-03-22,Competitor
CUST03562,0,,Not Churned
CUST03563,0,,Not Churned
CUST03564,0,,Not Churned
CUST03565,0,,Not Churned
CUST03566,0,,Not Churned
CUST03567,0,,Not Churned
CUST03568,0,,Not Churned
CUST03569,0,,Not Churned
CUST03570,0,,Not Churned
CUST03571,0,,Not Churned
CUST03572,0,,Not Churned
CUST03573,0,,Not Churned
CUST03574,1,2026-03-20,Customer Support
CUST03575,0,,Not Churned
CUST03576,0,,Not Churned
CUST03577,0,,Not Churned
CUST03578,0,,Not Churned
CUST03579,0,,Not Churned
CUST03580,1,2026-07-09,Not Using Product
CUST03581,0,,Not Churned
CUST03582,0,,Not Churned
CUST03583,0,,Not Churned
CUST03584,1,2026-03-21,Not Using Product
CUST03585,0,,Not Churned
CUST03586,0,,Not Churned
CUST03587,0,,Not Churned
CUST03588,0,,Not Churned
CUST03589,1,2026-03-30,Technical Issues
CUST03590,0,,Not Churned
CUST03591,0,,Not Churned
CUST03592,0,,Not Churned
CUST03593,0,,Not Churned
CUST03594,0,,Not Churned
CUST03595,1,2026-05-29,High Price
CUST03596,0,,Not Churned
CUST03597,0,,Not Churned
CUST03598,0,,Not Churned
CUST03599,0,,Not Churned
CUST03600,0,,Not Churned
CUST03601,0,,Not Churned
CUST03602,0,,Not Churned
CUST03603,0,,Not Churned
CUST03604,0,,Not Churned
CUST03605,0,,Not Churned
CUST03606,0,,Not Churned
CUST03607,0,,Not Churned
CUST03608,0,,Not Churned
CUST03609,0,,Not Churned
CUST03610,1,2026-03-25,Technical Issues
CUST03611,1,2026-05-18,Poor Service
CUST03612,0,,Not Churned
CUST03613,0,,Not Churned
CUST03614,1,2026-05-05,Not Using Product
CUST03615,0,,Not Churned
CUST03616,1,2026-07-17,Other
CUST03617,0,,Not Churned
CUST03618,0,,Not Churned
CUST03619,1,2026-06-08,Other
CUST03620,1,2026-05-11,Technical Issues
CUST03621,0,,Not Churned
CUST03622,0,,Not Churned
CUST03623,0,,Not Churned
CUST03624,0,,Not Churned
CUST03625,0,,Not Churned
CUST03626,0,,Not Churned
CUST03627,0,,Not Churned
CUST03628,0,,Not Churned
CUST03629,0,,Not Churned
CUST03630,0,,Not Churned
CUST03631,0,,Not Churned
CUST03632,0,,Not Churned
CUST03633,0,,Not Churned
CUST03634,0,,Not Churned
CUST03635,1,2026-01-20,Customer Support
CUST03636,0,,Not Churned
CUST03637,0,,Not Churned
CUST03638,0,,Not Churned
CUST03639,0,,Not Churned
CUST03640,0,,Not Churned
CUST03641,0,,Not Churned
CUST03642,0,,Not Churned
CUST03643,0,,Not Churned
CUST03644,0,,Not Churned
CUST03645,0,,Not Churned
CUST03646,1,2026-03-13,Other
CUST03647,0,,Not Churned
CUST03648,0,,Not Churned
CUST03649,0,,Not Churned
CUST03650,0,,Not Churned
CUST03651,1,2026-03-02,Not Using Product
CUST03652,0,,Not Churned
CUST03653,0,,Not Churned
CUST03654,0,,Not Churned
CUST03655,0,,Not Churned
CUST03656,0,,Not Churned
CUST03657,0,,Not Churned
CUST03658,1,2026-06-10,Not Using Product
CUST03659,1,2026-07-11,Competitor
CUST03660,0,,Not Churned
CUST03661,0,,Not Churned
CUST03662,0,,Not Churned
CUST03663,0,,Not Churned
CUST03664,0,,Not Churned
CUST03665,1,2026-08-01,Not Using Product
CUST03666,0,,Not Churned
CUST03667,1,2026-02-11,Not Using Product
CUST03668,0,,Not Churned
CUST03669,1,2026-01-17,Not Using Product
CUST03670,0,,Not Churned
CUST03671,1,2026-05-18,Technical Issues
CUST03672,0,,Not Churned
CUST03673,1,2026-01-17,Customer Support
CUST03674,0,,Not Churned
CUST03675,1,2026-04-20,Competitor
CUST03676,0,,Not Churned
CUST03677,1,2026-06-08,Not Using Product
CUST03678,1,2026-05-07,Other
CUST03679,0,,Not Churned
CUST03680,1,2026-06-22,Technical Issues
CUST03681,0,,Not Churned
CUST03682,1,2026-08-11,Competitor
CUST03683,0,,Not Churned
CUST03684,0,,Not Churned
CUST03685,0,,Not Churned
CUST03686,1,2026-07-12,Not Using Product
CUST03687,0,,Not Churned
CUST03688,0,,Not Churned
CUST03689,1,2026-01-23,Not Using Product
CUST03690,0,,Not Churned
CUST03691,1,2026-06-06,Poor Service
CUST03692,0,,Not Churned
CUST03693,0,,Not Churned
CUST03694,1,2026-05-04,Competitor
CUST03695,1,2026-01-28,Customer Support
CUST03696,1,2026-05-17,Not Using Product
CUST03697,0,,Not Churned
CUST03698,0,,Not Churned
CUST03699,0,,Not Churned
CUST03700,0,,Not Churned
CUST03701,0,,Not Churned
CUST03702,0,,Not Churned
CUST03703,0,,Not Churned
CUST03704,0,,Not Churned
CUST03705,0,,Not Churned
CUST03706,0,,Not Churned
CUST03707,1,2026-02-01,Not Using Product
CUST03708,0,,Not Churned
CUST03709,0,,Not Churned
CUST03710,0,,Not Churned
CUST03711,1,2026-07-11,Customer Support
CUST03712,0,,Not Churned
CUST03713,1,2026-05-09,Competitor
CUST03714,1,2026-03-10,Poor Service
CUST03715,0,,Not Churned
CUST03716,0,,Not Churned
CUST03717,1,2026-06-30,Technical Issues
CUST03718,0,,Not Churned
CUST03719,0,,Not Churned
CUST03720,0,,Not Churned
CUST03721,1,2026-07-21,Other
CUST03722,0,,Not Churned
CUST03723,0,,Not Churned
CUST03724,0,,Not Churned
CUST03725,0,,Not Churned
CUST03726,0,,Not Churned
CUST03727,1,2026-04-13,Customer Support
CUST03728,0,,Not Churned
CUST03729,0,,Not Churned
CUST03730,0,,Not Churned
CUST03731,0,,Not Churned
CUST03732,0,,Not Churned
CUST03733,0,,Not Churned
CUST03734,1,2026-07-08,Competitor
CUST03735,1,2026-01-09,High Price
CUST03736,0,,Not Churned
CUST03737,1,2026-06-08,Technical Issues
CUST03738,0,,Not Churned
CUST03739,1,2026-04-03,Customer Support
CUST03740,0,,Not Churned
CUST03741,0,,Not Churned
CUST03742,0,,Not Churned
CUST03743,0,,Not Churned
CUST03744,0,,Not Churned
CUST03745,0,,Not Churned
CUST03746,0,,Not Churned
CUST03747,1,2026-07-28,Competitor
CUST03748,0,,Not Churned
CUST03749,1,2026-03-17,High Price
CUST03750,0,,Not Churned
CUST03751,1,2026-05-30,Technical Issues
CUST03752,1,2026-04-14,Technical Issues
CUST03753,1,2026-06-01,Competitor
CUST03754,0,,Not Churned
CUST03755,1,2026-07-06,Technical Issues
CUST03756,1,2026-06-02,High Price
CUST03757,0,,Not Churned
CUST03758,0,,Not Churned
CUST03759,0,,Not Churned
CUST03760,0,,Not Churned
CUST03761,0,,Not Churned
CUST03762,0,,Not Churned
CUST03763,0,,Not Churned
CUST03764,0,,Not Churned
CUST03765,1,2026-07-19,Technical Issues
CUST03766,0,,Not Churned
CUST03767,0,,Not Churned
CUST03768,0,,Not Churned
CUST03769,1,2026-07-10,Technical Issues
CUST03770,1,2026-07-05,Poor Service
CUST03771,1,2026-06-12,Other
CUST03772,1,2026-07-05,High Price
CUST03773,0,,Not Churned
CUST03774,0,,Not Churned
CUST03775,0,,Not Churned
CUST03776,0,,Not Churned
CUST03777,0,,Not Churned
CUST03778,0,,Not Churned
CUST03779,0,,Not Churned
CUST03780,0,,Not Churned
CUST03781,1,2026-03-15,Not Using Product
CUST03782,0,,Not Churned
CUST03783,0,,Not Churned
CUST03784,0,,Not Churned
CUST03785,1,2026-03-17,High Price
CUST03786,0,,Not Churned
CUST03787,1,2026-04-07,Poor Service
CUST03788,1,2026-04-30,Technical Issues
CUST03789,0,,Not Churned
CUST03790,0,,Not Churned
CUST03791,0,,Not Churned
CUST03792,1,2026-05-13,Poor Service
CUST03793,0,,Not Churned
CUST03794,0,,Not Churned
CUST03795,0,,Not Churned
CUST03796,0,,Not Churned
CUST03797,0,,Not Churned
CUST03798,0,,Not Churned
CUST03799,0,,Not Churned
CUST03800,0,,Not Churned
CUST03801,1,2026-07-14,Competitor
CUST03802,0,,Not Churned
CUST03803,0,,Not Churned
CUST03804,0,,Not Churned
CUST03805,1,2026-02-09,Poor Service
CUST03806,0,,Not Churned
CUST03807,0,,Not Churned
CUST03808,0,,Not Churned
CUST03809,0,,Not Churned
CUST03810,0,,Not Churned
CUST03811,1,2026-05-10,Competitor
CUST03812,0,,Not Churned
CUST03813,0,,Not Churned
CUST03814,1,2026-02-17,Poor Service
CUST03815,1,2026-07-17,Competitor
CUST03816,0,,Not Churned
CUST03817,1,2026-08-15,Not Using Product
CUST03818,0,,Not Churned
CUST03819,0,,Not Churned
CUST03820,0,,Not Churned
CUST03821,0,,Not Churned
CUST03822,1,2026-01-21,Not Using Product
CUST03823,1,2026-01-12,Other
CUST03824,0,,Not Churned
CUST03825,0,,Not Churned
CUST03826,0,,Not Churned
CUST03827,0,,Not Churned
CUST03828,1,2026-05-20,Other
CUST03829,0,,Not Churned
CUST03830,0,,Not Churned
CUST03831,1,2026-07-14,Technical Issues
CUST03832,0,,Not Churned
CUST03833,1,2026-01-06,Technical Issues
CUST03834,1,2026-07-24,Technical Issues
CUST03835,0,,Not Churned
CUST03836,0,,Not Churned
CUST03837,0,,Not Churned
CUST03838,0,,Not Churned
CUST03839,0,,Not Churned
CUST03840,0,,Not Churned
CUST03841,0,,Not Churned
CUST03842,1,2026-08-20,Technical Issues
CUST03843,0,,Not Churned
CUST03844,0,,Not Churned
CUST03845,0,,Not Churned
CUST03846,1,2026-03-31,Competitor
CUST03847,0,,Not Churned
CUST03848,1,2026-02-15,Poor Service
CUST03849,1,2026-03-23,High Price
CUST03850,1,2026-07-08,Technical Issues
CUST03851,1,2026-07-06,Technical Issues
CUST03852,0,,Not Churned
CUST03853,0,,Not Churned
CUST03854,1,2026-07-11,Competitor
CUST03855,1,2026-04-21,Poor Service
CUST03856,0,,Not Churned
CUST03857,0,,Not Churned
CUST03858,0,,Not Churned
CUST03859,0,,Not Churned
CUST03860,0,,Not Churned
CUST03861,0,,Not Churned
CUST03862,1,2026-04-26,Poor Service
CUST03863,0,,Not Churned
CUST03864,0,,Not Churned
CUST03865,0,,Not Churned
CUST03866,0,,Not Churned
CUST03867,0,,Not Churned
CUST03868,0,,Not Churned
CUST03869,0,,Not Churned
CUST03870,0,,Not Churned
CUST03871,0,,Not Churned
CUST03872,1,2026-03-28,Customer Support
CUST03873,0,,Not Churned
CUST03874,1,2026-08-14,Poor Service
CUST03875,0,,Not Churned
CUST03876,0,,Not Churned
CUST03877,0,,Not Churned
CUST03878,0,,Not Churned
CUST03879,1,2026-02-24,Customer Support
CUST03880,0,,Not Churned
CUST03881,0,,Not Churned
CUST03882,0,,Not Churned
CUST03883,1,2026-01-17,Customer Support
CUST03884,0,,Not Churned
CUST03885,0,,Not Churned
CUST03886,0,,Not Churned
CUST03887,0,,Not Churned
CUST03888,1,2026-08-25,Poor Service
CUST03889,1,2026-06-06,Competitor
CUST03890,0,,Not Churned
CUST03891,0,,Not Churned
CUST03892,0,,Not Churned
CUST03893,0,,Not Churned
CUST03894,0,,Not Churned
CUST03895,0,,Not Churned
CUST03896,0,,Not Churned
CUST03897,0,,Not Churned
CUST03898,0,,Not Churned
CUST03899,0,,Not Churned
CUST03900,1,2026-01-13,Other
CUST03901,1,2026-02-12,Other
CUST03902,0,,Not Churned
CUST03903,0,,Not Churned
CUST03904,1,2026-03-21,Poor Service
CUST03905,0,,Not Churned
CUST03906,1,2026-01-21,Competitor
CUST03907,0,,Not Churned
CUST03908,1,2026-06-06,Customer Support
CUST03909,1,2026-05-31,Technical Issues
CUST03910,1,2026-05-15,Technical Issues
CUST03911,0,,Not Churned
CUST03912,0,,Not Churned
CUST03913,1,2026-04-06,Poor Service
CUST03914,0,,Not Churned
CUST03915,0,,Not Churned
CUST03916,0,,Not Churned
CUST03917,0,,Not Churned
CUST03918,0,,Not Churned
CUST03919,0,,Not Churned
CUST03920,0,,Not Churned
CUST03921,1,2026-07-07,Technical Issues
CUST03922,0,,Not Churned
CUST03923,1,2026-07-09,High Price
CUST03924,0,,Not Churned
CUST03925,1,2026-02-07,High Price
CUST03926,0,,Not Churned
CUST03927,0,,Not Churned
CUST03928,0,,Not Churned
CUST03929,1,2026-05-20,Technical Issues
CUST03930,1,2026-03-13,Customer Support
CUST03931,0,,Not Churned
CUST03932,0,,Not Churned
CUST03933,0,,Not Churned
CUST03934,0,,Not Churned
CUST03935,0,,Not Churned
CUST03936,0,,Not Churned
CUST03937,0,,Not Churned
CUST03938,0,,Not Churned
CUST03939,1,2026-01-16,Poor Service
CUST03940,1,2026-01-17,Competitor
CUST03941,0,,Not Churned
CUST03942,0,,Not Churned
CUST03943,0,,Not Churned
CUST03944,0,,Not Churned
CUST03945,0,,Not Churned
CUST03946,0,,Not Churned
CUST03947,0,,Not Churned
CUST03948,0,,Not Churned
CUST03949,0,,Not Churned
CUST03950,1,2026-07-17,Poor Service
CUST03951,0,,Not Churned
CUST03952,0,,Not Churned
CUST03953,0,,Not Churned
CUST03954,1,2026-08-13,Poor Service
CUST03955,0,,Not Churned
CUST03956,0,,Not Churned
CUST03957,0,,Not Churned
CUST03958,0,,Not Churned
CUST03959,0,,Not Churned
CUST03960,1,2026-01-05,Other
CUST03961,0,,Not Churned
CUST03962,0,,Not Churned
CUST03963,0,,Not Churned
CUST03964,0,,Not Churned
CUST03965,0,,Not Churned
CUST03966,0,,Not Churned
CUST03967,0,,Not Churned
CUST03968,0,,Not Churned
CUST03969,0,,Not Churned
CUST03970,0,,Not Churned
CUST03971,0,,Not Churned
CUST03972,0,,Not Churned
CUST03973,1,2026-03-02,High Price
CUST03974,1,2026-01-30,Competitor
CUST03975,0,,Not Churned
CUST03976,1,2026-06-03,High Price
CUST03977,0,,Not Churned
CUST03978,0,,Not Churned
CUST03979,1,2026-07-14,Competitor
CUST03980,0,,Not Churned
CUST03981,0,,Not Churned
CUST03982,1,2026-06-01,Poor Service
CUST03983,1,2026-03-03,Poor Service
CUST03984,0,,Not Churned
CUST03985,0,,Not Churned
CUST03986,0,,Not Churned
CUST03987,1,2026-08-29,Other
CUST03988,0,,Not Churned
CUST03989,0,,Not Churned
CUST03990,0,,Not Churned
CUST03991,0,,Not Churned
CUST03992,1,2026-07-29,Other
CUST03993,0,,Not Churned
CUST03994,1,2026-02-24,Competitor
CUST03995,1,2026-06-17,Technical Issues
CUST03996,0,,Not Churned
CUST03997,1,2026-03-22,Poor Service
CUST03998,1,2026-02-07,Poor Service
CUST03999,0,,Not Churned
CUST04000,0,,Not Churned
CUST04001,1,2026-04-18,Competitor
CUST04002,0,,Not Churned
CUST04003,0,,Not Churned
CUST04004,1,2026-01-11,Other
CUST04005,1,2026-03-18,Poor Service
CUST04006,1,2026-06-06,High Price
CUST04007,1,2026-05-04,Technical Issues
CUST04008,0,,Not Churned
CUST04009,1,2026-03-25,High Price
CUST04010,0,,Not Churned
CUST04011,0,,Not Churned
CUST04012,0,,Not Churned
CUST04013,0,,Not Churned
CUST04014,0,,Not Churned
CUST04015,1,2026-01-25,Other
CUST04016,1,2026-05-24,Competitor
CUST04017,0,,Not Churned
CUST04018,0,,Not Churned
CUST04019,1,2026-06-27,Customer Support
CUST04020,1,2026-07-29,Competitor
CUST04021,0,,Not Churned
CUST04022,1,2026-03-30,Competitor
CUST04023,1,2026-02-13,High Price
CUST04024,1,2026-04-17,Customer Support
CUST04025,0,,Not Churned
CUST04026,0,,Not Churned
CUST04027,0,,Not Churned
CUST04028,0,,Not Churned
CUST04029,0,,Not Churned
CUST04030,0,,Not Churned
CUST04031,0,,Not Churned
CUST04032,0,,Not Churned
CUST04033,0,,Not Churned
CUST04034,0,,Not Churned
CUST04035,0,,Not Churned
CUST04036,1,2026-05-20,Poor Service
CUST04037,0,,Not Churned
CUST04038,0,,Not Churned
CUST04039,0,,Not Churned
CUST04040,1,2026-02-11,Not Using Product
CUST04041,1,2026-06-16,Technical Issues
CUST04042,1,2026-02-24,Technical Issues
CUST04043,0,,Not Churned
CUST04044,1,2026-03-19,Poor Service
CUST04045,0,,Not Churned
CUST04046,0,,Not Churned
CUST04047,0,,Not Churned
CUST04048,0,,Not Churned
CUST04049,0,,Not Churned
CUST04050,1,2026-05-21,Customer Support
CUST04051,1,2026-02-07,Not Using Product
CUST04052,1,2026-06-15,Technical Issues
CUST04053,0,,Not Churned
CUST04054,0,,Not Churned
CUST04055,0,,Not Churned
CUST04056,0,,Not Churned
CUST04057,0,,Not Churned
CUST04058,0,,Not Churned
CUST04059,0,,Not Churned
CUST04060,0,,Not Churned
CUST04061,0,,Not Churned
CUST04062,1,2026-05-11,Poor Service
CUST04063,0,,Not Churned
CUST04064,1,2026-08-26,Customer Support
CUST04065,0,,Not Churned
CUST04066,0,,Not Churned
CUST04067,0,,Not Churned
CUST04068,0,,Not Churned
CUST04069,1,2026-06-10,Competitor
CUST04070,1,2026-02-15,Not Using Product
CUST04071,0,,Not Churned
CUST04072,0,,Not Churned
CUST04073,1,2026-05-26,Competitor
CUST04074,0,,Not Churned
CUST04075,0,,Not Churned
CUST04076,0,,Not Churned
CUST04077,0,,Not Churned
CUST04078,1,2026-06-21,Other
CUST04079,0,,Not Churned
CUST04080,0,,Not Churned
CUST04081,0,,Not Churned
CUST04082,0,,Not Churned
CUST04083,0,,Not Churned
CUST04084,0,,Not Churned
CUST04085,0,,Not Churned
CUST04086,1,2026-08-03,Not Using Product
CUST04087,1,2026-02-21,Competitor
CUST04088,0,,Not Churned
CUST04089,1,2026-08-04,Customer Support
CUST04090,0,,Not Churned
CUST04091,0,,Not Churned
CUST04092,0,,Not Churned
CUST04093,1,2026-03-06,Other
CUST04094,1,2026-08-15,Technical Issues
CUST04095,1,2026-03-10,High Price
CUST04096,0,,Not Churned
CUST04097,1,2026-01-15,Poor Service
CUST04098,0,,Not Churned
CUST04099,0,,Not Churned
CUST04100,0,,Not Churned
CUST04101,1,2026-02-20,Competitor
CUST04102,0,,Not Churned
CUST04103,0,,Not Churned
CUST04104,1,2026-06-20,Other
CUST04105,0,,Not Churned
CUST04106,1,2026-07-10,High Price
CUST04107,0,,Not Churned
CUST04108,0,,Not Churned
CUST04109,1,2026-03-20,Not Using Product
CUST04110,1,2026-08-04,Not Using Product
CUST04111,0,,Not Churned
CUST04112,0,,Not Churned
CUST04113,0,,Not Churned
CUST04114,0,,Not Churned
CUST04115,0,,Not Churned
CUST04116,1,2026-06-25,High Price
CUST04117,1,2026-08-22,High Price
CUST04118,0,,Not Churned
CUST04119,1,2026-04-04,Poor Service
CUST04120,0,,Not Churned
CUST04121,0,,Not Churned
CUST04122,0,,Not Churned
CUST04123,0,,Not Churned
CUST04124,0,,Not Churned
CUST04125,0,,Not Churned
CUST04126,0,,Not Churned
CUST04127,1,2026-07-20,High Price
CUST04128,1,2026-05-22,High Price
CUST04129,0,,Not Churned
CUST04130,0,,Not Churned
CUST04131,0,,Not Churned
CUST04132,0,,Not Churned
CUST04133,1,2026-03-21,Technical Issues
CUST04134,0,,Not Churned
CUST04135,0,,Not Churned
CUST04136,0,,Not Churned
CUST04137,0,,Not Churned
CUST04138,0,,Not Churned
CUST04139,1,2026-07-29,Poor Service
CUST04140,0,,Not Churned
CUST04141,0,,Not Churned
CUST04142,0,,Not Churned
CUST04143,0,,Not Churned
CUST04144,0,,Not Churned
CUST04145,0,,Not Churned
CUST04146,0,,Not Churned
CUST04147,0,,Not Churned
CUST04148,0,,Not Churned
CUST04149,0,,Not Churned
CUST04150,0,,Not Churned
CUST04151,1,2026-02-19,Not Using Product
CUST04152,0,,Not Churned
CUST04153,0,,Not Churned
CUST04154,1,2026-01-09,High Price
CUST04155,0,,Not Churned
CUST04156,1,2026-04-12,Competitor
CUST04157,0,,Not Churned
CUST04158,0,,Not Churned
CUST04159,0,,Not Churned
CUST04160,0,,Not Churned
CUST04161,1,2026-05-24,Customer Support
CUST04162,0,,Not Churned
CUST04163,1,2026-02-11,Competitor
CUST04164,1,2026-06-07,Poor Service
CUST04165,0,,Not Churned
CUST04166,0,,Not Churned
CUST04167,0,,Not Churned
CUST04168,0,,Not Churned
CUST04169,0,,Not Churned
CUST04170,0,,Not Churned
CUST04171,0,,Not Churned
CUST04172,0,,Not Churned
CUST04173,1,2026-05-06,Not Using Product
CUST04174,1,2026-01-25,Not Using Product
CUST04175,0,,Not Churned
CUST04176,0,,Not Churned
CUST04177,0,,Not Churned
CUST04178,1,2026-05-27,Customer Support
CUST04179,0,,Not Churned
CUST04180,0,,Not Churned
CUST04181,1,2026-08-04,Poor Service
CUST04182,0,,Not Churned
CUST04183,0,,Not Churned
CUST04184,0,,Not Churned
CUST04185,0,,Not Churned
CUST04186,1,2026-02-01,High Price
CUST04187,0,,Not Churned
CUST04188,1,2026-02-06,Poor Service
CUST04189,1,2026-02-25,Technical Issues
CUST04190,0,,Not Churned
CUST04191,0,,Not Churned
CUST04192,0,,Not Churned
CUST04193,1,2026-01-26,Technical Issues
CUST04194,0,,Not Churned
CUST04195,0,,Not Churned
CUST04196,0,,Not Churned
CUST04197,0,,Not Churned
CUST04198,0,,Not Churned
CUST04199,0,,Not Churned
CUST04200,0,,Not Churned
CUST04201,0,,Not Churned
CUST04202,0,,Not Churned
CUST04203,1,2026-05-02,Not Using Product
CUST04204,0,,Not Churned
CUST04205,0,,Not Churned
CUST04206,0,,Not Churned
CUST04207,1,2026-06-03,Competitor
CUST04208,0,,Not Churned
CUST04209,0,,Not Churned
CUST04210,0,,Not Churned
CUST04211,0,,Not Churned
CUST04212,0,,Not Churned
CUST04213,0,,Not Churned
CUST04214,0,,Not Churned
CUST04215,0,,Not Churned
CUST04216,0,,Not Churned
CUST04217,0,,Not Churned
CUST04218,0,,Not Churned
CUST04219,1,2026-03-31,Other
CUST04220,1,2026-08-17,Customer Support
CUST04221,0,,Not Churned
CUST04222,0,,Not Churned
CUST04223,0,,Not Churned
CUST04224,0,,Not Churned
CUST04225,0,,Not Churned
CUST04226,0,,Not Churned
CUST04227,0,,Not Churned
CUST04228,1,2026-07-07,Technical Issues
CUST04229,0,,Not Churned
CUST04230,0,,Not Churned
CUST04231,0,,Not Churned
CUST04232,0,,Not Churned
CUST04233,1,2026-07-09,Poor Service
CUST04234,1,2026-01-29,Poor Service
CUST04235,1,2026-05-10,High Price
CUST04236,0,,Not Churned
CUST04237,0,,Not Churned
CUST04238,0,,Not Churned
CUST04239,0,,Not Churned
CUST04240,0,,Not Churned
CUST04241,0,,Not Churned
CUST04242,0,,Not Churned
CUST04243,0,,Not Churned
CUST04244,0,,Not Churned
CUST04245,0,,Not Churned
CUST04246,0,,Not Churned
CUST04247,0,,Not Churned
CUST04248,1,2026-03-02,Competitor
CUST04249,0,,Not Churned
CUST04250,0,,Not Churned
CUST04251,1,2026-05-17,Other
CUST04252,0,,Not Churned
CUST04253,0,,Not Churned
CUST04254,0,,Not Churned
CUST04255,0,,Not Churned
CUST04256,0,,Not Churned
CUST04257,0,,Not Churned
CUST04258,0,,Not Churned
CUST04259,0,,Not Churned
CUST04260,0,,Not Churned
CUST04261,0,,Not Churned
CUST04262,0,,Not Churned
CUST04263,0,,Not Churned
CUST04264,0,,Not Churned
CUST04265,0,,Not Churned
CUST04266,0,,Not Churned
CUST04267,1,2026-01-26,Competitor
CUST04268,0,,Not Churned
CUST04269,1,2026-03-28,Other
CUST04270,1,2026-03-07,Other
CUST04271,1,2026-06-15,Poor Service
CUST04272,0,,Not Churned
CUST04273,1,2026-01-28,Customer Support
CUST04274,0,,Not Churned
CUST04275,0,,Not Churned
CUST04276,0,,Not Churned
CUST04277,0,,Not Churned
CUST04278,0,,Not Churned
CUST04279,1,2026-02-08,Customer Support
CUST04280,0,,Not Churned
CUST04281,0,,Not Churned
CUST04282,1,2026-06-29,High Price
CUST04283,0,,Not Churned
CUST04284,0,,Not Churned
CUST04285,0,,Not Churned
CUST04286,0,,Not Churned
CUST04287,0,,Not Churned
CUST04288,0,,Not Churned
CUST04289,1,2026-08-12,Technical Issues
CUST04290,1,2026-04-13,Not Using Product
CUST04291,0,,Not Churned
CUST04292,0,,Not Churned
CUST04293,0,,Not Churned
CUST04294,0,,Not Churned
CUST04295,0,,Not Churned
CUST04296,0,,Not Churned
CUST04297,1,2026-08-04,Technical Issues
CUST04298,0,,Not Churned
CUST04299,0,,Not Churned
CUST04300,0,,Not Churned
CUST04301,0,,Not Churned
CUST04302,0,,Not Churned
CUST04303,0,,Not Churned
CUST04304,1,2026-01-30,Customer Support
CUST04305,1,2026-03-09,High Price
CUST04306,0,,Not Churned
CUST04307,0,,Not Churned
CUST04308,0,,Not Churned
CUST04309,1,2026-03-26,Customer Support
CUST04310,0,,Not Churned
CUST04311,0,,Not Churned
CUST04312,0,,Not Churned
CUST04313,0,,Not Churned
CUST04314,0,,Not Churned
CUST04315,1,2026-07-25,Competitor
CUST04316,0,,Not Churned
CUST04317,0,,Not Churned
CUST04318,0,,Not Churned
CUST04319,0,,Not Churned
CUST04320,0,,Not Churned
CUST04321,1,2026-07-18,Not Using Product
CUST04322,0,,Not Churned
CUST04323,0,,Not Churned
CUST04324,1,2026-06-09,Poor Service
CUST04325,0,,Not Churned
CUST04326,0,,Not Churned
CUST04327,0,,Not Churned
CUST04328,0,,Not Churned
CUST04329,1,2026-02-21,Technical Issues
CUST04330,0,,Not Churned
CUST04331,0,,Not Churned
CUST04332,1,2026-05-09,Customer Support
CUST04333,0,,Not Churned
CUST04334,1,2026-06-29,Competitor
CUST04335,0,,Not Churned
CUST04336,0,,Not Churned
CUST04337,0,,Not Churned
CUST04338,1,2026-08-30,Technical Issues
CUST04339,0,,Not Churned
CUST04340,0,,Not Churned
CUST04341,1,2026-07-03,Customer Support
CUST04342,0,,Not Churned
CUST04343,0,,Not Churned
CUST04344,0,,Not Churned
CUST04345,0,,Not Churned
CUST04346,1,2026-06-07,Not Using Product
CUST04347,1,2026-05-11,High Price
CUST04348,0,,Not Churned
CUST04349,0,,Not Churned
CUST04350,0,,Not Churned
CUST04351,0,,Not Churned
CUST04352,0,,Not Churned
CUST04353,0,,Not Churned
CUST04354,0,,Not Churned
CUST04355,1,2026-06-20,Customer Support
CUST04356,1,2026-08-15,Other
CUST04357,0,,Not Churned
CUST04358,0,,Not Churned
CUST04359,1,2026-07-09,Not Using Product
CUST04360,0,,Not Churned
CUST04361,0,,Not Churned
CUST04362,0,,Not Churned
CUST04363,1,2026-01-15,Customer Support
CUST04364,0,,Not Churned
CUST04365,1,2026-02-09,Other
CUST04366,0,,Not Churned
CUST04367,0,,Not Churned
CUST04368,0,,Not Churned
CUST04369,0,,Not Churned
CUST04370,0,,Not Churned
CUST04371,0,,Not Churned
CUST04372,0,,Not Churned
CUST04373,1,2026-07-13,Technical Issues
CUST04374,0,,Not Churned
CUST04375,0,,Not Churned
CUST04376,1,2026-07-04,Not Using Product
CUST04377,1,2026-03-22,Poor Service
CUST04378,0,,Not Churned
CUST04379,1,2026-06-25,High Price
CUST04380,0,,Not Churned
CUST04381,0,,Not Churned
CUST04382,1,2026-04-07,High Price
CUST04383,0,,Not Churned
CUST04384,0,,Not Churned
CUST04385,1,2026-03-10,High Price
CUST04386,0,,Not Churned
CUST04387,0,,Not Churned
CUST04388,0,,Not Churned
CUST04389,0,,Not Churned
CUST04390,0,,Not Churned
CUST04391,0,,Not Churned
CUST04392,0,,Not Churned
CUST04393,0,,Not Churned
CUST04394,0,,Not Churned
CUST04395,0,,Not Churned
CUST04396,0,,Not Churned
CUST04397,0,,Not Churned
CUST04398,0,,Not Churned
CUST04399,0,,Not Churned
CUST04400,0,,Not Churned
CUST04401,0,,Not Churned
CUST04402,0,,Not Churned
CUST04403,0,,Not Churned
CUST04404,1,2026-08-05,Technical Issues
CUST04405,1,2026-01-31,High Price
CUST04406,0,,Not Churned
CUST04407,0,,Not Churned
CUST04408,1,2026-02-24,High Price
CUST04409,0,,Not Churned
CUST04410,1,2026-01-18,Poor Service
CUST04411,0,,Not Churned
CUST04412,0,,Not Churned
CUST04413,1,2026-03-18,High Price
CUST04414,0,,Not Churned
CUST04415,0,,Not Churned
CUST04416,1,2026-07-16,Not Using Product
CUST04417,0,,Not Churned
CUST04418,0,,Not Churned
CUST04419,0,,Not Churned
CUST04420,0,,Not Churned
CUST04421,1,2026-01-25,Customer Support
CUST04422,0,,Not Churned
CUST04423,0,,Not Churned
CUST04424,0,,Not Churned
CUST04425,0,,Not Churned
CUST04426,0,,Not Churned
CUST04427,0,,Not Churned
CUST04428,0,,Not Churned
CUST04429,0,,Not Churned
CUST04430,0,,Not Churned
CUST04431,0,,Not Churned
CUST04432,0,,Not Churned
CUST04433,0,,Not Churned
CUST04434,1,2026-03-30,Other
CUST04435,1,2026-03-21,Competitor
CUST04436,0,,Not Churned
CUST04437,0,,Not Churned
CUST04438,1,2026-07-22,Customer Support
CUST04439,0,,Not Churned
CUST04440,0,,Not Churned
CUST04441,1,2026-03-08,Competitor
CUST04442,0,,Not Churned
CUST04443,0,,Not Churned
CUST04444,0,,Not Churned
CUST04445,1,2026-03-29,High Price
CUST04446,0,,Not Churned
CUST04447,0,,Not Churned
CUST04448,0,,Not Churned
CUST04449,0,,Not Churned
CUST04450,0,,Not Churned
CUST04451,0,,Not Churned
CUST04452,1,2026-01-25,Poor Service
CUST04453,0,,Not Churned
CUST04454,0,,Not Churned
CUST04455,1,2026-07-11,High Price
CUST04456,1,2026-03-21,High Price
CUST04457,1,2026-04-01,Technical Issues
CUST04458,0,,Not Churned
CUST04459,0,,Not Churned
CUST04460,0,,Not Churned
CUST04461,0,,Not Churned
CUST04462,0,,Not Churned
CUST04463,1,2026-03-23,Competitor
CUST04464,0,,Not Churned
CUST04465,0,,Not Churned
CUST04466,0,,Not Churned
CUST04467,0,,Not Churned
CUST04468,1,2026-06-24,Customer Support
CUST04469,0,,Not Churned
CUST04470,0,,Not Churned
CUST04471,0,,Not Churned
CUST04472,0,,Not Churned
CUST04473,0,,Not Churned
CUST04474,1,2026-05-15,High Price
CUST04475,0,,Not Churned
CUST04476,0,,Not Churned
CUST04477,1,2026-01-09,Customer Support
CUST04478,1,2026-04-05,Technical Issues
CUST04479,0,,Not Churned
CUST04480,1,2026-03-07,Customer Support
CUST04481,0,,Not Churned
CUST04482,1,2026-01-05,Customer Support
CUST04483,0,,Not Churned
CUST04484,0,,Not Churned
CUST04485,0,,Not Churned
CUST04486,0,,Not Churned
CUST04487,0,,Not Churned
CUST04488,0,,Not Churned
CUST04489,0,,Not Churned
CUST04490,0,,Not Churned
CUST04491,0,,Not Churned
CUST04492,1,2026-03-20,Poor Service
CUST04493,0,,Not Churned
CUST04494,0,,Not Churned
CUST04495,0,,Not Churned
CUST04496,1,2026-02-06,Poor Service
CUST04497,0,,Not Churned
CUST04498,0,,Not Churned
CUST04499,0,,Not Churned
CUST04500,0,,Not Churned
CUST04501,1,2026-08-06,Not Using Product
CUST04502,1,2026-06-24,High Price
CUST04503,0,,Not Churned
CUST04504,0,,Not Churned
CUST04505,0,,Not Churned
CUST04506,0,,Not Churned
CUST04507,1,2026-08-15,Poor Service
CUST04508,0,,Not Churned
CUST04509,0,,Not Churned
CUST04510,0,,Not Churned
CUST04511,1,2026-08-30,High Price
CUST04512,1,2026-06-24,Technical Issues
CUST04513,0,,Not Churned
CUST04514,1,2026-04-04,High Price
CUST04515,0,,Not Churned
CUST04516,0,,Not Churned
CUST04517,0,,Not Churned
CUST04518,1,2026-03-30,Competitor
CUST04519,1,2026-03-14,Other
CUST04520,1,2026-07-03,Technical Issues
CUST04521,0,,Not Churned
CUST04522,1,2026-04-05,Technical Issues
CUST04523,0,,Not Churned
CUST04524,0,,Not Churned
CUST04525,0,,Not Churned
CUST04526,1,2026-03-14,Not Using Product
CUST04527,0,,Not Churned
CUST04528,0,,Not Churned
CUST04529,0,,Not Churned
CUST04530,1,2026-08-19,Customer Support
CUST04531,1,2026-06-21,Competitor
CUST04532,1,2026-01-27,Other
CUST04533,1,2026-04-08,Customer Support
CUST04534,1,2026-03-13,High Price
CUST04535,0,,Not Churned
CUST04536,1,2026-03-08,High Price
CUST04537,0,,Not Churned
CUST04538,0,,Not Churned
CUST04539,0,,Not Churned
CUST04540,1,2026-03-25,Other
CUST04541,0,,Not Churned
CUST04542,1,2026-03-02,Not Using Product
CUST04543,0,,Not Churned
CUST04544,0,,Not Churned
CUST04545,0,,Not Churned
CUST04546,0,,Not Churned
CUST04547,1,2026-04-28,Customer Support
CUST04548,0,,Not Churned
CUST04549,0,,Not Churned
CUST04550,0,,Not Churned
CUST04551,0,,Not Churned
CUST04552,1,2026-06-19,Not Using Product
CUST04553,1,2026-05-17,High Price
CUST04554,1,2026-05-21,Technical Issues
CUST04555,1,2026-02-22,Poor Service
CUST04556,0,,Not Churned
CUST04557,1,2026-01-21,Other
CUST04558,0,,Not Churned
CUST04559,0,,Not Churned
CUST04560,1,2026-07-06,Competitor
CUST04561,1,2026-01-09,Customer Support
CUST04562,0,,Not Churned
CUST04563,0,,Not Churned
CUST04564,1,2026-05-15,Competitor
CUST04565,0,,Not Churned
CUST04566,0,,Not Churned
CUST04567,0,,Not Churned
CUST04568,0,,Not Churned
CUST04569,0,,Not Churned
CUST04570,0,,Not Churned
CUST04571,0,,Not Churned
CUST04572,0,,Not Churned
CUST04573,0,,Not Churned
CUST04574,0,,Not Churned
CUST04575,0,,Not Churned
CUST04576,1,2026-01-05,Customer Support
CUST04577,1,2026-04-07,Not Using Product
CUST04578,0,,Not Churned
CUST04579,0,,Not Churned
CUST04580,0,,Not Churned
CUST04581,0,,Not Churned
CUST04582,0,,Not Churned
CUST04583,1,2026-05-24,Poor Service
CUST04584,0,,Not Churned
CUST04585,0,,Not Churned
CUST04586,1,2026-05-14,Technical Issues
CUST04587,0,,Not Churned
CUST04588,0,,Not Churned
CUST04589,1,2026-05-07,High Price
CUST04590,1,2026-05-07,Not Using Product
CUST04591,0,,Not Churned
CUST04592,1,2026-06-10,Customer Support
CUST04593,0,,Not Churned
CUST04594,1,2026-04-17,Not Using Product
CUST04595,0,,Not Churned
CUST04596,0,,Not Churned
CUST04597,0,,Not Churned
CUST04598,0,,Not Churned
CUST04599,0,,Not Churned
CUST04600,0,,Not Churned
CUST04601,1,2026-04-02,Customer Support
CUST04602,1,2026-08-25,Customer Support
CUST04603,0,,Not Churned
CUST04604,0,,Not Churned
CUST04605,1,2026-01-30,Technical Issues
CUST04606,1,2026-01-09,Competitor
CUST04607,0,,Not Churned
CUST04608,0,,Not Churned
CUST04609,1,2026-05-15,Customer Support
CUST04610,1,2026-02-28,Not Using Product
CUST04611,0,,Not Churned
CUST04612,0,,Not Churned
CUST04613,0,,Not Churned
CUST04614,0,,Not Churned
CUST04615,0,,Not Churned
CUST04616,0,,Not Churned
CUST04617,0,,Not Churned
CUST04618,0,,Not Churned
CUST04619,0,,Not Churned
CUST04620,0,,Not Churned
CUST04621,1,2026-01-20,Technical Issues
CUST04622,1,2026-01-06,Poor Service
CUST04623,0,,Not Churned
CUST04624,0,,Not Churned
CUST04625,0,,Not Churned
CUST04626,0,,Not Churned
CUST04627,0,,Not Churned
CUST04628,1,2026-07-08,Customer Support
CUST04629,0,,Not Churned
CUST04630,1,2026-08-10,Competitor
CUST04631,0,,Not Churned
CUST04632,0,,Not Churned
CUST04633,1,2026-05-18,Customer Support
CUST04634,0,,Not Churned
CUST04635,0,,Not Churned
CUST04636,0,,Not Churned
CUST04637,0,,Not Churned
CUST04638,0,,Not Churned
CUST04639,0,,Not Churned
CUST04640,1,2026-07-25,Customer Support
CUST04641,1,2026-05-07,Poor Service
CUST04642,0,,Not Churned
CUST04643,0,,Not Churned
CUST04644,0,,Not Churned
CUST04645,0,,Not Churned
CUST04646,0,,Not Churned
CUST04647,0,,Not Churned
CUST04648,0,,Not Churned
CUST04649,0,,Not Churned
CUST04650,1,2026-04-05,Competitor
CUST04651,0,,Not Churned
CUST04652,1,2026-06-29,Customer Support
CUST04653,1,2026-01-31,Not Using Product
CUST04654,0,,Not Churned
CUST04655,0,,Not Churned
CUST04656,0,,Not Churned
CUST04657,0,,Not Churned
CUST04658,1,2026-05-13,Technical Issues
CUST04659,0,,Not Churned
CUST04660,0,,Not Churned
CUST04661,0,,Not Churned
CUST04662,0,,Not Churned
CUST04663,1,2026-05-13,Technical Issues
CUST04664,1,2026-05-25,Not Using Product
CUST04665,0,,Not Churned
CUST04666,0,,Not Churned
CUST04667,1,2026-06-24,Technical Issues
CUST04668,0,,Not Churned
CUST04669,0,,Not Churned
CUST04670,0,,Not Churned
CUST04671,0,,Not Churned
CUST04672,0,,Not Churned
CUST04673,1,2026-06-09,High Price
CUST04674,0,,Not Churned
CUST04675,0,,Not Churned
CUST04676,1,2026-07-04,Customer Support
CUST04677,0,,Not Churned
CUST04678,0,,Not Churned
CUST04679,0,,Not Churned
CUST04680,0,,Not Churned
CUST04681,0,,Not Churned
CUST04682,0,,Not Churned
CUST04683,0,,Not Churned
CUST04684,0,,Not Churned
CUST04685,0,,Not Churned
CUST04686,1,2026-07-10,Customer Support
CUST04687,0,,Not Churned
CUST04688,1,2026-04-11,Other
CUST04689,0,,Not Churned
CUST04690,1,2026-06-03,Customer Support
CUST04691,1,2026-08-07,Other
CUST04692,1,2026-01-24,Customer Support
CUST04693,0,,Not Churned
CUST04694,0,,Not Churned
CUST04695,0,,Not Churned
CUST04696,0,,Not Churned
CUST04697,0,,Not Churned
CUST04698,1,2026-02-05,Competitor
CUST04699,1,2026-07-13,High Price
CUST04700,0,,Not Churned
CUST04701,0,,Not Churned
CUST04702,0,,Not Churned
CUST04703,0,,Not Churned
CUST04704,0,,Not Churned
CUST04705,0,,Not Churned
CUST04706,0,,Not Churned
CUST04707,0,,Not Churned
CUST04708,1,2026-03-28,Other
CUST04709,1,2026-07-13,High Price
CUST04710,0,,Not Churned
CUST04711,0,,Not Churned
CUST04712,0,,Not Churned
CUST04713,0,,Not Churned
CUST04714,1,2026-03-06,Technical Issues
CUST04715,0,,Not Churned
CUST04716,0,,Not Churned
CUST04717,1,2026-05-05,Customer Support
CUST04718,1,2026-01-11,Other
CUST04719,0,,Not Churned
CUST04720,1,2026-07-08,Other
CUST04721,0,,Not Churned
CUST04722,1,2026-02-07,High Price
CUST04723,0,,Not Churned
CUST04724,1,2026-04-18,Poor Service
CUST04725,0,,Not Churned
CUST04726,0,,Not Churned
CUST04727,0,,Not Churned
CUST04728,1,2026-02-19,Poor Service
CUST04729,1,2026-03-03,Not Using Product
CUST04730,1,2026-06-07,Technical Issues
CUST04731,0,,Not Churned
CUST04732,0,,Not Churned
CUST04733,0,,Not Churned
CUST04734,1,2026-08-06,High Price
CUST04735,0,,Not Churned
CUST04736,0,,Not Churned
CUST04737,0,,Not Churned
CUST04738,0,,Not Churned
CUST04739,0,,Not Churned
CUST04740,0,,Not Churned
CUST04741,0,,Not Churned
CUST04742,0,,Not Churned
CUST04743,0,,Not Churned
CUST04744,0,,Not Churned
CUST04745,0,,Not Churned
CUST04746,0,,Not Churned
CUST04747,0,,Not Churned
CUST04748,1,2026-07-24,Poor Service
CUST04749,1,2026-05-23,Not Using Product
CUST04750,0,,Not Churned
CUST04751,0,,Not Churned
CUST04752,0,,Not Churned
CUST04753,0,,Not Churned
CUST04754,0,,Not Churned
CUST04755,0,,Not Churned
CUST04756,0,,Not Churned
CUST04757,1,2026-02-26,Not Using Product
CUST04758,1,2026-08-12,Competitor
CUST04759,0,,Not Churned
CUST04760,0,,Not Churned
CUST04761,0,,Not Churned
CUST04762,1,2026-04-21,High Price
CUST04763,1,2026-07-20,Other
CUST04764,0,,Not Churned
CUST04765,1,2026-08-26,Poor Service
CUST04766,1,2026-05-10,Other
CUST04767,1,2026-04-15,Poor Service
CUST04768,0,,Not Churned
CUST04769,0,,Not Churned
CUST04770,0,,Not Churned
CUST04771,0,,Not Churned
CUST04772,0,,Not Churned
CUST04773,1,2026-05-06,Competitor
CUST04774,0,,Not Churned
CUST04775,0,,Not Churned
CUST04776,0,,Not Churned
CUST04777,1,2026-04-30,Customer Support
CUST04778,1,2026-05-29,Customer Support
CUST04779,0,,Not Churned
CUST04780,1,2026-02-11,Other
CUST04781,0,,Not Churned
CUST04782,1,2026-06-28,Other
CUST04783,0,,Not Churned
CUST04784,0,,Not Churned
CUST04785,0,,Not Churned
CUST04786,0,,Not Churned
CUST04787,0,,Not Churned
CUST04788,0,,Not Churned
CUST04789,0,,Not Churned
CUST04790,1,2026-02-14,High Price
CUST04791,0,,Not Churned
CUST04792,0,,Not Churned
CUST04793,0,,Not Churned
CUST04794,1,2026-03-20,Technical Issues
CUST04795,1,2026-06-18,Customer Support
CUST04796,0,,Not Churned
CUST04797,1,2026-02-13,Competitor
CUST04798,1,2026-06-15,Poor Service
CUST04799,0,,Not Churned
CUST04800,0,,Not Churned
CUST04801,0,,Not Churned
CUST04802,0,,Not Churned
CUST04803,0,,Not Churned
CUST04804,0,,Not Churned
CUST04805,0,,Not Churned
CUST04806,0,,Not Churned
CUST04807,0,,Not Churned
CUST04808,0,,Not Churned
CUST04809,1,2026-08-29,High Price
CUST04810,0,,Not Churned
CUST04811,1,2026-04-20,Poor Service
CUST04812,1,2026-08-24,Customer Support
CUST04813,1,2026-02-14,Customer Support
CUST04814,0,,Not Churned
CUST04815,0,,Not Churned
CUST04816,1,2026-08-30,Technical Issues
CUST04817,1,2026-04-12,Not Using Product
CUST04818,0,,Not Churned
CUST04819,0,,Not Churned
CUST04820,0,,Not Churned
CUST04821,0,,Not Churned
CUST04822,0,,Not Churned
CUST04823,1,2026-08-12,Customer Support
CUST04824,0,,Not Churned
CUST04825,1,2026-02-23,Customer Support
CUST04826,1,2026-07-11,Customer Support
CUST04827,0,,Not Churned
CUST04828,1,2026-05-14,Customer Support
CUST04829,0,,Not Churned
CUST04830,0,,Not Churned
CUST04831,1,2026-05-08,Technical Issues
CUST04832,0,,Not Churned
CUST04833,1,2026-04-22,High Price
CUST04834,1,2026-05-26,High Price
CUST04835,1,2026-03-11,High Price
CUST04836,1,2026-04-14,High Price
CUST04837,0,,Not Churned
CUST04838,0,,Not Churned
CUST04839,0,,Not Churned
CUST04840,0,,Not Churned
CUST04841,1,2026-05-10,High Price
CUST04842,1,2026-07-31,Customer Support
CUST04843,0,,Not Churned
CUST04844,0,,Not Churned
CUST04845,1,2026-04-22,Poor Service
CUST04846,1,2026-03-11,Not Using Product
CUST04847,0,,Not Churned
CUST04848,0,,Not Churned
CUST04849,0,,Not Churned
CUST04850,0,,Not Churned
CUST04851,0,,Not Churned
CUST04852,0,,Not Churned
CUST04853,1,2026-01-16,Poor Service
CUST04854,0,,Not Churned
CUST04855,1,2026-01-06,Other
CUST04856,0,,Not Churned
CUST04857,0,,Not Churned
CUST04858,1,2026-04-01,Not Using Product
CUST04859,0,,Not Churned
CUST04860,0,,Not Churned
CUST04861,1,2026-07-04,Not Using Product
CUST04862,0,,Not Churned
CUST04863,1,2026-04-22,Customer Support
CUST04864,0,,Not Churned
CUST04865,1,2026-05-21,Not Using Product
CUST04866,0,,Not Churned
CUST04867,0,,Not Churned
CUST04868,0,,Not Churned
CUST04869,0,,Not Churned
CUST04870,0,,Not Churned
CUST04871,0,,Not Churned
CUST04872,0,,Not Churned
CUST04873,0,,Not Churned
CUST04874,0,,Not Churned
CUST04875,1,2026-01-31,High Price
CUST04876,0,,Not Churned
CUST04877,0,,Not Churned
CUST04878,0,,Not Churned
CUST04879,0,,Not Churned
CUST04880,0,,Not Churned
CUST04881,0,,Not Churned
CUST04882,1,2026-07-20,Competitor
CUST04883,0,,Not Churned
CUST04884,0,,Not Churned
CUST04885,1,2026-01-21,Customer Support
CUST04886,0,,Not Churned
CUST04887,0,,Not Churned
CUST04888,0,,Not Churned
CUST04889,1,2026-03-14,Customer Support
CUST04890,0,,Not Churned
CUST04891,0,,Not Churned
CUST04892,0,,Not Churned
CUST04893,0,,Not Churned
CUST04894,0,,Not Churned
CUST04895,1,2026-06-28,Poor Service
CUST04896,0,,Not Churned
CUST04897,0,,Not Churned
CUST04898,1,2026-01-30,Customer Support
CUST04899,0,,Not Churned
CUST04900,0,,Not Churned
CUST04901,1,2026-02-04,Poor Service
CUST04902,0,,Not Churned
CUST04903,0,,Not Churned
CUST04904,0,,Not Churned
CUST04905,0,,Not Churned
CUST04906,0,,Not Churned
CUST04907,1,2026-01-24,Poor Service
CUST04908,0,,Not Churned
CUST04909,1,2026-04-29,Not Using Product
CUST04910,0,,Not Churned
CUST04911,1,2026-06-30,Customer Support
CUST04912,0,,Not Churned
CUST04913,0,,Not Churned
CUST04914,0,,Not Churned
CUST04915,0,,Not Churned
CUST04916,1,2026-04-20,Not Using Product
CUST04917,0,,Not Churned
CUST04918,0,,Not Churned
CUST04919,0,,Not Churned
CUST04920,1,2026-04-19,Competitor
CUST04921,0,,Not Churned
CUST04922,1,2026-06-05,Poor Service
CUST04923,1,2026-08-08,Not Using Product
CUST04924,0,,Not Churned
CUST04925,0,,Not Churned
CUST04926,0,,Not Churned
CUST04927,0,,Not Churned
CUST04928,0,,Not Churned
CUST04929,0,,Not Churned
CUST04930,0,,Not Churned
CUST04931,0,,Not Churned
CUST04932,0,,Not Churned
CUST04933,0,,Not Churned
CUST04934,0,,Not Churned
CUST04935,0,,Not Churned
CUST04936,0,,Not Churned
CUST04937,0,,Not Churned
CUST04938,1,2026-04-08,Competitor
CUST04939,0,,Not Churned
CUST04940,0,,Not Churned
CUST04941,0,,Not Churned
CUST04942,1,2026-03-12,Customer Support
CUST04943,0,,Not Churned
CUST04944,0,,Not Churned
CUST04945,0,,Not Churned
CUST04946,0,,Not Churned
CUST04947,0,,Not Churned
CUST04948,1,2026-08-14,Technical Issues
CUST04949,1,2026-07-22,Not Using Product
CUST04950,0,,Not Churned
CUST04951,0,,Not Churned
CUST04952,0,,Not Churned
CUST04953,0,,Not Churned
CUST04954,0,,Not Churned
CUST04955,0,,Not Churned
CUST04956,0,,Not Churned
CUST04957,0,,Not Churned
CUST04958,0,,Not Churned
CUST04959,1,2026-07-01,High Price
CUST04960,1,2026-07-07,Competitor
CUST04961,0,,Not Churned
CUST04962,0,,Not Churned
CUST04963,1,2026-05-19,Poor Service
CUST04964,1,2026-07-12,Other
CUST04965,0,,Not Churned
CUST04966,0,,Not Churned
CUST04967,0,,Not Churned
CUST04968,1,2026-03-24,Poor Service
CUST04969,0,,Not Churned
CUST04970,0,,Not Churned
CUST04971,0,,Not Churned
CUST04972,0,,Not Churned
CUST04973,0,,Not Churned
CUST04974,0,,Not Churned
CUST04975,1,2026-01-11,Customer Support
CUST04976,0,,Not Churned
CUST04977,0,,Not Churned
CUST04978,1,2026-07-07,Not Using Product
CUST04979,0,,Not Churned
CUST04980,0,,Not Churned
CUST04981,0,,Not Churned
CUST04982,0,,Not Churned
CUST04983,1,2026-02-20,Poor Service
CUST04984,0,,Not Churned
CUST04985,0,,Not Churned
CUST04986,0,,Not Churned
CUST04987,0,,Not Churned
CUST04988,0,,Not Churned
CUST04989,0,,Not Churned
CUST04990,0,,Not Churned
CUST04991,0,,Not Churned
CUST04992,0,,Not Churned
CUST04993,0,,Not Churned
CUST04994,0,,Not Churned
CUST04995,0,,Not Churned
CUST04996,0,,Not Churned
CUST04997,0,,Not Churned
CUST04998,0,,Not Churned
CUST04999,1,2026-05-23,Poor Service
CUST05000,0,,Not Churned
CUST05001,0,,Not Churned
CUST05002,0,,Not Churned
CUST05003,0,,Not Churned
CUST05004,0,,Not Churned
CUST05005,0,,Not Churned
CUST05006,0,,Not Churned
CUST05007,0,,Not Churned
CUST05008,0,,Not Churned
CUST05009,0,,Not Churned
CUST05010,0,,Not Churned
CUST05011,0,,Not Churned
CUST05012,0,,Not Churned
CUST05013,0,,Not Churned
CUST05014,0,,Not Churned
CUST05015,0,,Not Churned
CUST05016,0,,Not Churned
CUST05017,0,,Not Churned
CUST05018,0,,Not Churned
CUST05019,1,2026-06-05,Technical Issues
CUST05020,1,2026-02-25,Technical Issues
CUST05021,1,2026-04-20,Technical Issues
CUST05022,1,2026-03-28,Poor Service
CUST05023,1,2026-02-13,Not Using Product
CUST05024,0,,Not Churned
CUST05025,1,2026-07-13,Technical Issues
CUST05026,1,2026-04-16,Competitor
CUST05027,0,,Not Churned
CUST05028,0,,Not Churned
CUST05029,0,,Not Churned
CUST05030,0,,Not Churned
CUST05031,1,2026-08-03,Technical Issues
CUST05032,0,,Not Churned
CUST05033,1,2026-02-19,Other
CUST05034,0,,Not Churned
CUST05035,0,,Not Churned
CUST05036,0,,Not Churned
CUST05037,0,,Not Churned
CUST05038,1,2026-06-03,Other
CUST05039,1,2026-04-14,Not Using Product
CUST05040,0,,Not Churned
CUST05041,1,2026-02-28,Competitor
CUST05042,1,2026-04-02,Poor Service
CUST05043,1,2026-03-08,High Price
CUST05044,0,,Not Churned
CUST05045,1,2026-01-17,Competitor
CUST05046,0,,Not Churned
CUST05047,0,,Not Churned
CUST05048,1,2026-01-13,Other
CUST05049,1,2026-02-15,Customer Support
CUST05050,0,,Not Churned
CUST05051,0,,Not Churned
CUST05052,0,,Not Churned
CUST05053,1,2026-08-06,Competitor
CUST05054,1,2026-05-01,Competitor
CUST05055,1,2026-02-11,Customer Support
CUST05056,0,,Not Churned
CUST05057,1,2026-04-01,Poor Service
CUST05058,0,,Not Churned
CUST05059,0,,Not Churned
CUST05060,0,,Not Churned
CUST05061,1,2026-04-04,High Price
CUST05062,0,,Not Churned
CUST05063,1,2026-07-26,Customer Support
CUST05064,0,,Not Churned
CUST05065,0,,Not Churned
CUST05066,0,,Not Churned
CUST05067,0,,Not Churned
CUST05068,1,2026-05-18,Not Using Product
CUST05069,1,2026-05-14,Competitor
CUST05070,0,,Not Churned
CUST05071,0,,Not Churned
CUST05072,1,2026-06-29,Not Using Product
CUST05073,0,,Not Churned
CUST05074,0,,Not Churned
CUST05075,1,2026-05-26,High Price
CUST05076,0,,Not Churned
CUST05077,1,2026-03-30,Not Using Product
CUST05078,0,,Not Churned
CUST05079,0,,Not Churned
CUST05080,0,,Not Churned
CUST05081,1,2026-08-05,Other
CUST05082,1,2026-05-24,Customer Support
CUST05083,1,2026-07-23,Customer Support
CUST05084,0,,Not Churned
CUST05085,0,,Not Churned
CUST05086,0,,Not Churned
CUST05087,0,,Not Churned
CUST05088,1,2026-08-01,Customer Support
CUST05089,0,,Not Churned
CUST05090,0,,Not Churned
CUST05091,0,,Not Churned
CUST05092,0,,Not Churned
CUST05093,0,,Not Churned
CUST05094,0,,Not Churned
CUST05095,0,,Not Churned
CUST05096,1,2026-05-07,High Price
CUST05097,0,,Not Churned
CUST05098,0,,Not Churned
CUST05099,0,,Not Churned
CUST05100,1,2026-03-30,Not Using Product
CUST05101,0,,Not Churned
CUST05102,0,,Not Churned
CUST05103,0,,Not Churned
CUST05104,0,,Not Churned
CUST05105,0,,Not Churned
CUST05106,1,2026-07-09,High Price
CUST05107,0,,Not Churned
CUST05108,0,,Not Churned
CUST05109,0,,Not Churned
CUST05110,0,,Not Churned
CUST05111,1,2026-05-20,Technical Issues
CUST05112,0,,Not Churned
CUST05113,0,,Not Churned
CUST05114,0,,Not Churned
CUST05115,0,,Not Churned
CUST05116,1,2026-07-01,Other
CUST05117,0,,Not Churned
CUST05118,0,,Not Churned
CUST05119,0,,Not Churned
CUST05120,1,2026-04-01,Technical Issues
CUST05121,1,2026-06-10,High Price
CUST05122,1,2026-07-21,Customer Support
CUST05123,0,,Not Churned
CUST05124,0,,Not Churned
CUST05125,0,,Not Churned
CUST05126,0,,Not Churned
CUST05127,1,2026-04-28,Technical Issues
CUST05128,0,,Not Churned
CUST05129,0,,Not Churned
CUST05130,0,,Not Churned
CUST05131,1,2026-08-23,Not Using Product
CUST05132,1,2026-05-25,Poor Service
CUST05133,0,,Not Churned
CUST05134,1,2026-03-02,High Price
CUST05135,0,,Not Churned
CUST05136,1,2026-04-23,High Price
CUST05137,0,,Not Churned
CUST05138,0,,Not Churned
CUST05139,0,,Not Churned
CUST05140,0,,Not Churned
CUST05141,1,2026-04-04,Other
CUST05142,0,,Not Churned
CUST05143,1,2026-04-11,Other
CUST05144,1,2026-05-12,Not Using Product
CUST05145,0,,Not Churned
CUST05146,0,,Not Churned
CUST05147,1,2026-06-08,Not Using Product
CUST05148,0,,Not Churned
CUST05149,1,2026-07-20,Poor Service
CUST05150,0,,Not Churned
CUST05151,1,2026-07-14,Customer Support
CUST05152,0,,Not Churned
CUST05153,1,2026-08-10,Technical Issues
CUST05154,0,,Not Churned
CUST05155,0,,Not Churned
CUST05156,1,2026-05-03,Not Using Product
CUST05157,0,,Not Churned
CUST05158,0,,Not Churned
CUST05159,1,2026-08-29,Poor Service
CUST05160,0,,Not Churned
CUST05161,0,,Not Churned
CUST05162,0,,Not Churned
CUST05163,0,,Not Churned
CUST05164,1,2026-05-21,Poor Service
CUST05165,0,,Not Churned
CUST05166,0,,Not Churned
CUST05167,0,,Not Churned
CUST05168,0,,Not Churned
CUST05169,0,,Not Churned
CUST05170,0,,Not Churned
CUST05171,0,,Not Churned
CUST05172,0,,Not Churned
CUST05173,0,,Not Churned
CUST05174,1,2026-02-25,Other
CUST05175,0,,Not Churned
CUST05176,0,,Not Churned
CUST05177,0,,Not Churned
CUST05178,0,,Not Churned
CUST05179,1,2026-04-08,Customer Support
CUST05180,1,2026-04-26,Poor Service
CUST05181,0,,Not Churned
CUST05182,0,,Not Churned
CUST05183,0,,Not Churned
CUST05184,0,,Not Churned
CUST05185,0,,Not Churned
CUST05186,0,,Not Churned
CUST05187,0,,Not Churned
CUST05188,1,2026-06-26,Customer Support
CUST05189,0,,Not Churned
CUST05190,0,,Not Churned
CUST05191,1,2026-05-24,High Price
CUST05192,0,,Not Churned
CUST05193,0,,Not Churned
CUST05194,1,2026-05-21,Technical Issues
CUST05195,0,,Not Churned
CUST05196,0,,Not Churned
CUST05197,0,,Not Churned
CUST05198,0,,Not Churned
CUST05199,0,,Not Churned
CUST05200,0,,Not Churned
CUST05201,0,,Not Churned
CUST05202,0,,Not Churned
CUST05203,0,,Not Churned
CUST05204,0,,Not Churned
CUST05205,1,2026-06-27,Poor Service
CUST05206,0,,Not Churned
CUST05207,1,2026-02-19,Competitor
CUST05208,0,,Not Churned
CUST05209,0,,Not Churned
CUST05210,1,2026-06-05,Customer Support
CUST05211,0,,Not Churned
CUST05212,1,2026-04-04,High Price
CUST05213,0,,Not Churned
CUST05214,0,,Not Churned
CUST05215,1,2026-05-17,Customer Support
CUST05216,1,2026-07-20,Not Using Product
CUST05217,0,,Not Churned
CUST05218,1,2026-07-12,Competitor
CUST05219,0,,Not Churned
CUST05220,0,,Not Churned
CUST05221,1,2026-02-14,Customer Support
CUST05222,1,2026-04-04,Technical Issues
CUST05223,0,,Not Churned
CUST05224,1,2026-08-28,Customer Support
CUST05225,1,2026-05-22,Other
CUST05226,0,,Not Churned
CUST05227,0,,Not Churned
CUST05228,1,2026-08-03,Not Using Product
CUST05229,1,2026-03-22,Not Using Product
CUST05230,0,,Not Churned
CUST05231,0,,Not Churned
CUST05232,0,,Not Churned
CUST05233,0,,Not Churned
CUST05234,0,,Not Churned
CUST05235,0,,Not Churned
CUST05236,0,,Not Churned
CUST05237,0,,Not Churned
CUST05238,0,,Not Churned
CUST05239,0,,Not Churned
CUST05240,1,2026-01-27,Customer Support
CUST05241,1,2026-03-06,Other
CUST05242,0,,Not Churned
CUST05243,0,,Not Churned
CUST05244,0,,Not Churned
CUST05245,0,,Not Churned
CUST05246,0,,Not Churned
CUST05247,0,,Not Churned
CUST05248,0,,Not Churned
CUST05249,0,,Not Churned
CUST05250,0,,Not Churned
CUST05251,0,,Not Churned
CUST05252,1,2026-08-30,Customer Support
CUST05253,0,,Not Churned
CUST05254,0,,Not Churned
CUST05255,0,,Not Churned
CUST05256,1,2026-06-27,Customer Support
CUST05257,0,,Not Churned
CUST05258,0,,Not Churned
CUST05259,0,,Not Churned
CUST05260,0,,Not Churned
CUST05261,0,,Not Churned
CUST05262,0,,Not Churned
CUST05263,0,,Not Churned
CUST05264,0,,Not Churned
CUST05265,0,,Not Churned
CUST05266,0,,Not Churned
CUST05267,0,,Not Churned
CUST05268,0,,Not Churned
CUST05269,1,2026-06-13,Not Using Product
CUST05270,1,2026-07-03,Other
CUST05271,1,2026-06-01,Other
CUST05272,1,2026-02-21,Competitor
CUST05273,0,,Not Churned
CUST05274,0,,Not Churned
CUST05275,0,,Not Churned
CUST05276,0,,Not Churned
CUST05277,0,,Not Churned
CUST05278,0,,Not Churned
CUST05279,0,,Not Churned
CUST05280,0,,Not Churned
CUST05281,0,,Not Churned
CUST05282,1,2026-03-09,Technical Issues
CUST05283,0,,Not Churned
CUST05284,1,2026-02-24,High Price
CUST05285,0,,Not Churned
CUST05286,0,,Not Churned
CUST05287,1,2026-08-29,Technical Issues
CUST05288,0,,Not Churned
CUST05289,1,2026-06-27,Poor Service
CUST05290,1,2026-02-18,Not Using Product
CUST05291,1,2026-08-01,Customer Support
CUST05292,1,2026-03-16,Other
CUST05293,0,,Not Churned
CUST05294,1,2026-02-27,Not Using Product
CUST05295,1,2026-05-30,Not Using Product
CUST05296,0,,Not Churned
CUST05297,0,,Not Churned
CUST05298,0,,Not Churned
CUST05299,1,2026-01-20,Not Using Product
CUST05300,1,2026-05-11,Technical Issues
CUST05301,0,,Not Churned
CUST05302,1,2026-05-18,Technical Issues
CUST05303,0,,Not Churned
CUST05304,0,,Not Churned
CUST05305,0,,Not Churned
CUST05306,0,,Not Churned
CUST05307,0,,Not Churned
CUST05308,0,,Not Churned
CUST05309,0,,Not Churned
CUST05310,0,,Not Churned
CUST05311,0,,Not Churned
CUST05312,0,,Not Churned
CUST05313,0,,Not Churned
CUST05314,0,,Not Churned
CUST05315,1,2026-03-22,Competitor
CUST05316,1,2026-04-23,High Price
CUST05317,0,,Not Churned
CUST05318,0,,Not Churned
CUST05319,0,,Not Churned
CUST05320,1,2026-03-05,Competitor
CUST05321,0,,Not Churned
CUST05322,0,,Not Churned
CUST05323,0,,Not Churned
CUST05324,0,,Not Churned
CUST05325,1,2026-07-05,Customer Support
CUST05326,0,,Not Churned
CUST05327,0,,Not Churned
CUST05328,1,2026-07-16,Customer Support
CUST05329,0,,Not Churned
CUST05330,0,,Not Churned
CUST05331,0,,Not Churned
CUST05332,0,,Not Churned
CUST05333,1,2026-03-14,Competitor
CUST05334,0,,Not Churned
CUST05335,1,2026-08-21,High Price
CUST05336,0,,Not Churned
CUST05337,0,,Not Churned
CUST05338,0,,Not Churned
CUST05339,0,,Not Churned
CUST05340,0,,Not Churned
CUST05341,1,2026-03-29,Competitor
CUST05342,1,2026-04-11,Other
CUST05343,0,,Not Churned
CUST05344,0,,Not Churned
CUST05345,1,2026-03-14,Technical Issues
CUST05346,1,2026-04-18,Poor Service
CUST05347,1,2026-04-21,Technical Issues
CUST05348,0,,Not Churned
CUST05349,0,,Not Churned
CUST05350,0,,Not Churned
CUST05351,0,,Not Churned
CUST05352,0,,Not Churned
CUST05353,0,,Not Churned
CUST05354,0,,Not Churned
CUST05355,1,2026-05-11,High Price
CUST05356,0,,Not Churned
CUST05357,0,,Not Churned
CUST05358,0,,Not Churned
CUST05359,0,,Not Churned
CUST05360,1,2026-04-07,Poor Service
CUST05361,0,,Not Churned
CUST05362,0,,Not Churned
CUST05363,0,,Not Churned
CUST05364,0,,Not Churned
CUST05365,0,,Not Churned
CUST05366,1,2026-05-04,Other
CUST05367,1,2026-02-11,Technical Issues
CUST05368,0,,Not Churned
CUST05369,1,2026-08-22,Other
CUST05370,0,,Not Churned
CUST05371,0,,Not Churned
CUST05372,1,2026-01-19,Other
CUST05373,0,,Not Churned
CUST05374,1,2026-06-04,Technical Issues
CUST05375,0,,Not Churned
CUST05376,0,,Not Churned
CUST05377,1,2026-08-30,Other
CUST05378,0,,Not Churned
CUST05379,0,,Not Churned
CUST05380,0,,Not Churned
CUST05381,0,,Not Churned
CUST05382,0,,Not Churned
CUST05383,0,,Not Churned
CUST05384,1,2026-04-24,Other
CUST05385,0,,Not Churned
CUST05386,0,,Not Churned
CUST05387,0,,Not Churned
CUST05388,0,,Not Churned
CUST05389,1,2026-06-11,Technical Issues
CUST05390,1,2026-07-22,Competitor
CUST05391,0,,Not Churned
CUST05392,1,2026-03-11,High Price
CUST05393,1,2026-04-30,Customer Support
CUST05394,0,,Not Churned
CUST05395,0,,Not Churned
CUST05396,0,,Not Churned
CUST05397,0,,Not Churned
CUST05398,0,,Not Churned
CUST05399,0,,Not Churned
CUST05400,1,2026-05-19,Competitor
CUST05401,0,,Not Churned
CUST05402,1,2026-01-10,High Price
CUST05403,0,,Not Churned
CUST05404,0,,Not Churned
CUST05405,0,,Not Churned
CUST05406,0,,Not Churned
CUST05407,1,2026-02-16,Not Using Product
CUST05408,1,2026-04-23,Customer Support
CUST05409,0,,Not Churned
CUST05410,1,2026-08-23,Technical Issues
CUST05411,1,2026-04-28,Technical Issues
CUST05412,0,,Not Churned
CUST05413,1,2026-01-12,Poor Service
CUST05414,0,,Not Churned
CUST05415,1,2026-04-24,Not Using Product
CUST05416,0,,Not Churned
CUST05417,0,,Not Churned
CUST05418,0,,Not Churned
CUST05419,0,,Not Churned
CUST05420,1,2026-06-04,Competitor
CUST05421,0,,Not Churned
CUST05422,0,,Not Churned
CUST05423,0,,Not Churned
CUST05424,0,,Not Churned
CUST05425,0,,Not Churned
CUST05426,0,,Not Churned
CUST05427,0,,Not Churned
CUST05428,0,,Not Churned
CUST05429,0,,Not Churned
CUST05430,1,2026-02-21,Other
CUST05431,0,,Not Churned
CUST05432,0,,Not Churned
CUST05433,0,,Not Churned
CUST05434,0,,Not Churned
CUST05435,0,,Not Churned
CUST05436,0,,Not Churned
CUST05437,0,,Not Churned
CUST05438,1,2026-04-14,High Price
CUST05439,1,2026-06-28,Customer Support
CUST05440,0,,Not Churned
CUST05441,0,,Not Churned
CUST05442,1,2026-08-14,Other
CUST05443,0,,Not Churned
CUST05444,0,,Not Churned
CUST05445,1,2026-07-31,Competitor
CUST05446,1,2026-02-02,Technical Issues
CUST05447,0,,Not Churned
CUST05448,0,,Not Churned
CUST05449,0,,Not Churned
CUST05450,0,,Not Churned
CUST05451,0,,Not Churned
CUST05452,0,,Not Churned
CUST05453,1,2026-01-12,Other
CUST05454,0,,Not Churned
CUST05455,1,2026-06-06,Competitor
CUST05456,0,,Not Churned
CUST05457,0,,Not Churned
CUST05458,1,2026-07-12,High Price
CUST05459,0,,Not Churned
CUST05460,0,,Not Churned
CUST05461,0,,Not Churned
CUST05462,0,,Not Churned
CUST05463,0,,Not Churned
CUST05464,0,,Not Churned
CUST05465,1,2026-06-12,High Price
CUST05466,0,,Not Churned
CUST05467,1,2026-04-30,Technical Issues
CUST05468,1,2026-08-05,Technical Issues
CUST05469,0,,Not Churned
CUST05470,0,,Not Churned
CUST05471,0,,Not Churned
CUST05472,0,,Not Churned
CUST05473,0,,Not Churned
CUST05474,0,,Not Churned
CUST05475,0,,Not Churned
CUST05476,1,2026-04-12,Competitor
CUST05477,1,2026-03-23,High Price
CUST05478,1,2026-01-28,Competitor
CUST05479,0,,Not Churned
CUST05480,1,2026-04-28,Competitor
CUST05481,0,,Not Churned
CUST05482,1,2026-08-14,Technical Issues
CUST05483,0,,Not Churned
CUST05484,0,,Not Churned
CUST05485,1,2026-06-25,Not Using Product
CUST05486,1,2026-04-16,Customer Support
CUST05487,0,,Not Churned
CUST05488,1,2026-08-15,High Price
CUST05489,0,,Not Churned
CUST05490,1,2026-07-03,High Price
CUST05491,1,2026-08-21,Customer Support
CUST05492,1,2026-02-21,Competitor
CUST05493,0,,Not Churned
CUST05494,0,,Not Churned
CUST05495,1,2026-06-26,Other
CUST05496,0,,Not Churned
CUST05497,0,,Not Churned
CUST05498,1,2026-05-30,Customer Support
CUST05499,0,,Not Churned
CUST05500,0,,Not Churned
CUST05501,0,,Not Churned
CUST05502,0,,Not Churned
CUST05503,1,2026-06-23,High Price
CUST05504,1,2026-03-19,Customer Support
CUST05505,1,2026-07-26,Not Using Product
CUST05506,0,,Not Churned
CUST05507,0,,Not Churned
CUST05508,1,2026-06-02,Customer Support
CUST05509,1,2026-03-31,Competitor
CUST05510,0,,Not Churned
CUST05511,0,,Not Churned
CUST05512,1,2026-07-10,Competitor
CUST05513,0,,Not Churned
CUST05514,0,,Not Churned
CUST05515,0,,Not Churned
CUST05516,0,,Not Churned
CUST05517,0,,Not Churned
CUST05518,1,2026-08-20,Poor Service
CUST05519,0,,Not Churned
CUST05520,0,,Not Churned
CUST05521,0,,Not Churned
CUST05522,1,2026-06-30,High Price
CUST05523,1,2026-02-18,Competitor
CUST05524,1,2026-01-25,Poor Service
CUST05525,1,2026-06-17,Technical Issues
CUST05526,0,,Not Churned
CUST05527,1,2026-05-13,Competitor
CUST05528,0,,Not Churned
CUST05529,0,,Not Churned
CUST05530,1,2026-06-12,Other
CUST05531,0,,Not Churned
CUST05532,0,,Not Churned
CUST05533,0,,Not Churned
CUST05534,0,,Not Churned
CUST05535,0,,Not Churned
CUST05536,0,,Not Churned
CUST05537,0,,Not Churned
CUST05538,0,,Not Churned
CUST05539,1,2026-05-29,Technical Issues
CUST05540,0,,Not Churned
CUST05541,0,,Not Churned
CUST05542,0,,Not Churned
CUST05543,0,,Not Churned
CUST05544,1,2026-01-30,Competitor
CUST05545,0,,Not Churned
CUST05546,0,,Not Churned
CUST05547,0,,Not Churned
CUST05548,1,2026-03-27,Poor Service
CUST05549,1,2026-02-03,Not Using Product
CUST05550,0,,Not Churned
CUST05551,1,2026-07-02,Competitor
CUST05552,1,2026-01-25,Competitor
CUST05553,0,,Not Churned
CUST05554,0,,Not Churned
CUST05555,1,2026-06-19,Poor Service
CUST05556,0,,Not Churned
CUST05557,0,,Not Churned
CUST05558,0,,Not Churned
CUST05559,1,2026-07-10,Other
CUST05560,1,2026-04-18,Poor Service
CUST05561,1,2026-03-14,Competitor
CUST05562,0,,Not Churned
CUST05563,0,,Not Churned
CUST05564,0,,Not Churned
CUST05565,0,,Not Churned
CUST05566,1,2026-06-15,Poor Service
CUST05567,0,,Not Churned
CUST05568,0,,Not Churned
CUST05569,0,,Not Churned
CUST05570,0,,Not Churned
CUST05571,1,2026-04-09,Customer Support
CUST05572,0,,Not Churned
CUST05573,0,,Not Churned
CUST05574,0,,Not Churned
CUST05575,0,,Not Churned
CUST05576,0,,Not Churned
CUST05577,1,2026-04-19,Other
CUST05578,0,,Not Churned
CUST05579,0,,Not Churned
CUST05580,1,2026-02-01,Customer Support
CUST05581,1,2026-04-07,Competitor
CUST05582,0,,Not Churned
CUST05583,0,,Not Churned
CUST05584,1,2026-03-16,Other
CUST05585,0,,Not Churned
CUST05586,1,2026-01-29,Technical Issues
CUST05587,0,,Not Churned
CUST05588,0,,Not Churned
CUST05589,1,2026-07-30,High Price
CUST05590,0,,Not Churned
CUST05591,1,2026-04-01,Customer Support
CUST05592,0,,Not Churned
CUST05593,0,,Not Churned
CUST05594,0,,Not Churned
CUST05595,0,,Not Churned
CUST05596,1,2026-02-27,Technical Issues
CUST05597,0,,Not Churned
CUST05598,0,,Not Churned
CUST05599,0,,Not Churned
CUST05600,1,2026-01-12,Other
CUST05601,1,2026-04-16,Customer Support
CUST05602,0,,Not Churned
CUST05603,0,,Not Churned
CUST05604,0,,Not Churned
CUST05605,0,,Not Churned
CUST05606,0,,Not Churned
CUST05607,0,,Not Churned
CUST05608,0,,Not Churned
CUST05609,0,,Not Churned
CUST05610,0,,Not Churned
CUST05611,1,2026-07-08,Technical Issues
CUST05612,0,,Not Churned
CUST05613,1,2026-05-21,Poor Service
CUST05614,0,,Not Churned
CUST05615,0,,Not Churned
CUST05616,0,,Not Churned
CUST05617,0,,Not Churned
CUST05618,0,,Not Churned
CUST05619,0,,Not Churned
CUST05620,0,,Not Churned
CUST05621,1,2026-07-10,High Price
CUST05622,1,2026-06-04,Technical Issues
CUST05623,1,2026-01-10,Competitor
CUST05624,1,2026-05-15,Poor Service
CUST05625,0,,Not Churned
CUST05626,1,2026-05-19,Not Using Product
CUST05627,0,,Not Churned
CUST05628,0,,Not Churned
CUST05629,1,2026-04-27,Competitor
CUST05630,0,,Not Churned
CUST05631,1,2026-04-14,Poor Service
CUST05632,1,2026-06-08,Not Using Product
CUST05633,0,,Not Churned
CUST05634,0,,Not Churned
CUST05635,0,,Not Churned
CUST05636,1,2026-02-10,High Price
CUST05637,0,,Not Churned
CUST05638,0,,Not Churned
CUST05639,0,,Not Churned
CUST05640,0,,Not Churned
CUST05641,0,,Not Churned
CUST05642,0,,Not Churned
CUST05643,0,,Not Churned
CUST05644,0,,Not Churned
CUST05645,0,,Not Churned
CUST05646,0,,Not Churned
CUST05647,0,,Not Churned
CUST05648,1,2026-08-05,Competitor
CUST05649,1,2026-06-18,Not Using Product
CUST05650,0,,Not Churned
CUST05651,0,,Not Churned
CUST05652,1,2026-07-15,Customer Support
CUST05653,0,,Not Churned
CUST05654,1,2026-04-06,Customer Support
CUST05655,1,2026-01-22,Poor Service
CUST05656,0,,Not Churned
CUST05657,0,,Not Churned
CUST05658,0,,Not Churned
CUST05659,1,2026-07-25,Customer Support
CUST05660,0,,Not Churned
CUST05661,0,,Not Churned
CUST05662,1,2026-03-15,Technical Issues
CUST05663,0,,Not Churned
CUST05664,0,,Not Churned
CUST05665,0,,Not Churned
CUST05666,0,,Not Churned
CUST05667,0,,Not Churned
CUST05668,1,2026-08-20,Not Using Product
CUST05669,0,,Not Churned
CUST05670,1,2026-05-07,Poor Service
CUST05671,0,,Not Churned
CUST05672,0,,Not Churned
CUST05673,0,,Not Churned
CUST05674,0,,Not Churned
CUST05675,0,,Not Churned
CUST05676,0,,Not Churned
CUST05677,0,,Not Churned
CUST05678,0,,Not Churned
CUST05679,0,,Not Churned
CUST05680,0,,Not Churned
CUST05681,0,,Not Churned
CUST05682,0,,Not Churned
CUST05683,1,2026-06-01,Other
CUST05684,1,2026-08-21,Competitor
CUST05685,0,,Not Churned
CUST05686,1,2026-04-29,Technical Issues
CUST05687,1,2026-01-21,Other
CUST05688,0,,Not Churned
CUST05689,0,,Not Churned
CUST05690,1,2026-06-07,Other
CUST05691,0,,Not Churned
CUST05692,0,,Not Churned
CUST05693,0,,Not Churned
CUST05694,0,,Not Churned
CUST05695,1,2026-06-09,Not Using Product
CUST05696,1,2026-06-28,Technical Issues
CUST05697,0,,Not Churned
CUST05698,0,,Not Churned
CUST05699,0,,Not Churned
CUST05700,0,,Not Churned
CUST05701,1,2026-02-10,Not Using Product
CUST05702,1,2026-02-22,Not Using Product
CUST05703,0,,Not Churned
CUST05704,1,2026-05-14,Other
CUST05705,0,,Not Churned
CUST05706,1,2026-01-19,Competitor
CUST05707,0,,Not Churned
CUST05708,0,,Not Churned
CUST05709,0,,Not Churned
CUST05710,0,,Not Churned
CUST05711,0,,Not Churned
CUST05712,0,,Not Churned
CUST05713,0,,Not Churned
CUST05714,0,,Not Churned
CUST05715,0,,Not Churned
CUST05716,0,,Not Churned
CUST05717,1,2026-03-12,Competitor
CUST05718,0,,Not Churned
CUST05719,0,,Not Churned
CUST05720,1,2026-03-21,Technical Issues
CUST05721,0,,Not Churned
CUST05722,1,2026-03-17,Customer Support
CUST05723,0,,Not Churned
CUST05724,0,,Not Churned
CUST05725,1,2026-03-27,Technical Issues
CUST05726,0,,Not Churned
CUST05727,0,,Not Churned
CUST05728,1,2026-02-10,High Price
CUST05729,0,,Not Churned
CUST05730,0,,Not Churned
CUST05731,0,,Not Churned
CUST05732,0,,Not Churned
CUST05733,0,,Not Churned
CUST05734,1,2026-08-09,Not Using Product
CUST05735,0,,Not Churned
CUST05736,1,2026-06-26,Not Using Product
CUST05737,0,,Not Churned
CUST05738,1,2026-03-15,Customer Support
CUST05739,1,2026-04-22,Competitor
CUST05740,0,,Not Churned
CUST05741,1,2026-08-16,High Price
CUST05742,0,,Not Churned
CUST05743,0,,Not Churned
CUST05744,0,,Not Churned
CUST05745,0,,Not Churned
CUST05746,0,,Not Churned
CUST05747,0,,Not Churned
CUST05748,0,,Not Churned
CUST05749,1,2026-07-27,Poor Service
CUST05750,0,,Not Churned
CUST05751,0,,Not Churned
CUST05752,0,,Not Churned
CUST05753,0,,Not Churned
CUST05754,0,,Not Churned
CUST05755,1,2026-07-25,High Price
CUST05756,0,,Not Churned
CUST05757,0,,Not Churned
CUST05758,0,,Not Churned
CUST05759,0,,Not Churned
CUST05760,0,,Not Churned
CUST05761,0,,Not Churned
CUST05762,0,,Not Churned
CUST05763,0,,Not Churned
CUST05764,0,,Not Churned
CUST05765,0,,Not Churned
CUST05766,0,,Not Churned
CUST05767,1,2026-03-31,High Price
CUST05768,1,2026-04-30,Technical Issues
CUST05769,0,,Not Churned
CUST05770,1,2026-05-29,Other
CUST05771,1,2026-01-25,Customer Support
CUST05772,1,2026-08-09,Customer Support
CUST05773,0,,Not Churned
CUST05774,1,2026-05-17,Technical Issues
CUST05775,1,2026-02-02,Competitor
CUST05776,0,,Not Churned
CUST05777,0,,Not Churned
CUST05778,1,2026-06-05,Technical Issues
CUST05779,0,,Not Churned
CUST05780,0,,Not Churned
CUST05781,0,,Not Churned
CUST05782,0,,Not Churned
CUST05783,0,,Not Churned
CUST05784,1,2026-03-25,Poor Service
CUST05785,0,,Not Churned
CUST05786,1,2026-06-28,Other
CUST05787,0,,Not Churned
CUST05788,1,2026-08-29,Poor Service
CUST05789,0,,Not Churned
CUST05790,0,,Not Churned
CUST05791,0,,Not Churned
CUST05792,0,,Not Churned
CUST05793,0,,Not Churned
CUST05794,0,,Not Churned
CUST05795,0,,Not Churned
CUST05796,0,,Not Churned
CUST05797,0,,Not Churned
CUST05798,0,,Not Churned
CUST05799,0,,Not Churned
CUST05800,0,,Not Churned
CUST05801,1,2026-02-24,High Price
CUST05802,1,2026-07-29,Technical Issues
CUST05803,0,,Not Churned
CUST05804,0,,Not Churned
CUST05805,0,,Not Churned
CUST05806,0,,Not Churned
CUST05807,0,,Not Churned
CUST05808,0,,Not Churned
CUST05809,0,,Not Churned
CUST05810,1,2026-05-13,Customer Support
CUST05811,0,,Not Churned
CUST05812,0,,Not Churned
CUST05813,1,2026-03-07,High Price
CUST05814,0,,Not Churned
CUST05815,0,,Not Churned
CUST05816,0,,Not Churned
CUST05817,0,,Not Churned
CUST05818,0,,Not Churned
CUST05819,0,,Not Churned
CUST05820,0,,Not Churned
CUST05821,0,,Not Churned
CUST05822,0,,Not Churned
CUST05823,1,2026-07-10,Poor Service
CUST05824,1,2026-02-06,Competitor
CUST05825,0,,Not Churned
CUST05826,0,,Not Churned
CUST05827,0,,Not Churned
CUST05828,1,2026-02-07,Other
CUST05829,0,,Not Churned
CUST05830,0,,Not Churned
CUST05831,0,,Not Churned
CUST05832,1,2026-03-09,Other
CUST05833,0,,Not Churned
CUST05834,0,,Not Churned
CUST05835,0,,Not Churned
CUST05836,1,2026-08-01,High Price
CUST05837,0,,Not Churned
CUST05838,0,,Not Churned
CUST05839,0,,Not Churned
CUST05840,0,,Not Churned
CUST05841,1,2026-01-22,Poor Service
CUST05842,0,,Not Churned
CUST05843,0,,Not Churned
CUST05844,0,,Not Churned
CUST05845,0,,Not Churned
CUST05846,0,,Not Churned
CUST05847,0,,Not Churned
CUST05848,0,,Not Churned
CUST05849,1,2026-06-22,High Price
CUST05850,0,,Not Churned
CUST05851,0,,Not Churned
CUST05852,0,,Not Churned
CUST05853,1,2026-01-17,Technical Issues
CUST05854,0,,Not Churned
CUST05855,0,,Not Churned
CUST05856,0,,Not Churned
CUST05857,0,,Not Churned
CUST05858,1,2026-04-27,Competitor
CUST05859,0,,Not Churned
CUST05860,0,,Not Churned
CUST05861,1,2026-05-13,Other
CUST05862,0,,Not Churned
CUST05863,0,,Not Churned
CUST05864,0,,Not Churned
CUST05865,0,,Not Churned
CUST05866,0,,Not Churned
CUST05867,0,,Not Churned
CUST05868,1,2026-05-30,Technical Issues
CUST05869,0,,Not Churned
CUST05870,0,,Not Churned
CUST05871,0,,Not Churned
CUST05872,0,,Not Churned
CUST05873,1,2026-07-23,High Price
CUST05874,0,,Not Churned
CUST05875,0,,Not Churned
CUST05876,0,,Not Churned
CUST05877,0,,Not Churned
CUST05878,0,,Not Churned
CUST05879,0,,Not Churned
CUST05880,1,2026-07-25,Technical Issues
CUST05881,1,2026-08-24,Poor Service
CUST05882,0,,Not Churned
CUST05883,0,,Not Churned
CUST05884,0,,Not Churned
CUST05885,1,2026-01-14,Other
CUST05886,1,2026-03-27,Customer Support
CUST05887,0,,Not Churned
CUST05888,1,2026-01-13,Competitor
CUST05889,0,,Not Churned
CUST05890,0,,Not Churned
CUST05891,0,,Not Churned
CUST05892,0,,Not Churned
CUST05893,1,2026-05-29,High Price
CUST05894,1,2026-03-04,Other
CUST05895,1,2026-07-02,Customer Support
CUST05896,1,2026-04-12,Not Using Product
CUST05897,0,,Not Churned
CUST05898,0,,Not Churned
CUST05899,0,,Not Churned
CUST05900,1,2026-07-09,Customer Support
CUST05901,0,,Not Churned
CUST05902,1,2026-02-08,Competitor
CUST05903,0,,Not Churned
CUST05904,0,,Not Churned
CUST05905,0,,Not Churned
CUST05906,0,,Not Churned
CUST05907,1,2026-01-10,Competitor
CUST05908,0,,Not Churned
CUST05909,0,,Not Churned
CUST05910,1,2026-04-07,Poor Service
CUST05911,1,2026-03-02,Customer Support
CUST05912,0,,Not Churned
CUST05913,0,,Not Churned
CUST05914,1,2026-04-07,Other
CUST05915,0,,Not Churned
CUST05916,1,2026-02-16,Customer Support
CUST05917,1,2026-07-21,Customer Support
CUST05918,0,,Not Churned
CUST05919,0,,Not Churned
CUST05920,0,,Not Churned
CUST05921,0,,Not Churned
CUST05922,0,,Not Churned
CUST05923,0,,Not Churned
CUST05924,1,2026-02-03,Other
CUST05925,0,,Not Churned
CUST05926,0,,Not Churned
CUST05927,1,2026-02-25,High Price
CUST05928,1,2026-06-01,High Price
CUST05929,0,,Not Churned
CUST05930,0,,Not Churned
CUST05931,0,,Not Churned
CUST05932,0,,Not Churned
CUST05933,0,,Not Churned
CUST05934,0,,Not Churned
CUST05935,0,,Not Churned
CUST05936,0,,Not Churned
CUST05937,0,,Not Churned
CUST05938,1,2026-02-10,Competitor
CUST05939,0,,Not Churned
CUST05940,0,,Not Churned
CUST05941,0,,Not Churned
CUST05942,0,,Not Churned
CUST05943,1,2026-05-24,Poor Service
CUST05944,0,,Not Churned
CUST05945,0,,Not Churned
CUST05946,0,,Not Churned
CUST05947,0,,Not Churned
CUST05948,0,,Not Churned
CUST05949,1,2026-04-19,Not Using Product
CUST05950,1,2026-05-07,Competitor
CUST05951,0,,Not Churned
CUST05952,0,,Not Churned
CUST05953,1,2026-01-29,Competitor
CUST05954,1,2026-03-31,Other
CUST05955,0,,Not Churned
CUST05956,0,,Not Churned
CUST05957,1,2026-03-15,Other
CUST05958,0,,Not Churned
CUST05959,0,,Not Churned
CUST05960,0,,Not Churned
CUST05961,0,,Not Churned
CUST05962,0,,Not Churned
CUST05963,0,,Not Churned
CUST05964,1,2026-05-31,Technical Issues
CUST05965,0,,Not Churned
CUST05966,1,2026-02-25,Technical Issues
CUST05967,0,,Not Churned
CUST05968,0,,Not Churned
CUST05969,0,,Not Churned
CUST05970,0,,Not Churned
CUST05971,1,2026-03-06,Not Using Product
CUST05972,0,,Not Churned
CUST05973,0,,Not Churned
CUST05974,0,,Not Churned
CUST05975,1,2026-07-03,Competitor
CUST05976,0,,Not Churned
CUST05977,0,,Not Churned
CUST05978,0,,Not Churned
CUST05979,0,,Not Churned
CUST05980,0,,Not Churned
CUST05981,0,,Not Churned
CUST05982,0,,Not Churned
CUST05983,0,,Not Churned
CUST05984,0,,Not Churned
CUST05985,0,,Not Churned
CUST05986,1,2026-02-26,Poor Service
CUST05987,0,,Not Churned
CUST05988,0,,Not Churned
CUST05989,0,,Not Churned
CUST05990,0,,Not Churned
CUST05991,0,,Not Churned
CUST05992,0,,Not Churned
CUST05993,1,2026-08-19,Customer Support
CUST05994,0,,Not Churned
CUST05995,0,,Not Churned
CUST05996,0,,Not Churned
CUST05997,0,,Not Churned
CUST05998,0,,Not Churned
CUST05999,1,2026-05-22,Not Using Product
CUST06000,0,,Not Churned
CUST06001,1,2026-03-22,Poor Service
CUST06002,0,,Not Churned
CUST06003,0,,Not Churned
CUST06004,0,,Not Churned
CUST06005,0,,Not Churned
CUST06006,0,,Not Churned
CUST06007,1,2026-03-18,Not Using Product
CUST06008,1,2026-05-17,Technical Issues
CUST06009,0,,Not Churned
CUST06010,1,2026-04-28,Not Using Product
CUST06011,0,,Not Churned
CUST06012,0,,Not Churned
CUST06013,0,,Not Churned
CUST06014,1,2026-07-31,Not Using Product
CUST06015,0,,Not Churned
CUST06016,1,2026-02-23,Competitor
CUST06017,1,2026-06-12,Not Using Product
CUST06018,0,,Not Churned
CUST06019,1,2026-07-17,Technical Issues
CUST06020,0,,Not Churned
CUST06021,0,,Not Churned
CUST06022,0,,Not Churned
CUST06023,0,,Not Churned
CUST06024,0,,Not Churned
CUST06025,0,,Not Churned
CUST06026,1,2026-02-26,Not Using Product
CUST06027,0,,Not Churned
CUST06028,0,,Not Churned
CUST06029,0,,Not Churned
CUST06030,0,,Not Churned
CUST06031,0,,Not Churned
CUST06032,0,,Not Churned
CUST06033,0,,Not Churned
CUST06034,0,,Not Churned
CUST06035,0,,Not Churned
CUST06036,1,2026-03-02,Other
CUST06037,1,2026-02-19,Customer Support
CUST06038,0,,Not Churned
CUST06039,0,,Not Churned
CUST06040,0,,Not Churned
CUST06041,0,,Not Churned
CUST06042,0,,Not Churned
CUST06043,0,,Not Churned
CUST06044,0,,Not Churned
CUST06045,1,2026-07-11,Customer Support
CUST06046,0,,Not Churned
CUST06047,1,2026-04-20,Other
CUST06048,0,,Not Churned
CUST06049,1,2026-03-28,Poor Service
CUST06050,0,,Not Churned
CUST06051,1,2026-04-15,Competitor
CUST06052,1,2026-08-01,Technical Issues
CUST06053,1,2026-03-08,Technical Issues
CUST06054,0,,Not Churned
CUST06055,1,2026-05-22,Poor Service
CUST06056,1,2026-01-20,Competitor
CUST06057,1,2026-02-20,Poor Service
CUST06058,1,2026-01-17,High Price
CUST06059,0,,Not Churned
CUST06060,0,,Not Churned
CUST06061,0,,Not Churned
CUST06062,0,,Not Churned
CUST06063,1,2026-05-19,Other
CUST06064,0,,Not Churned
CUST06065,0,,Not Churned
CUST06066,1,2026-06-13,Competitor
CUST06067,0,,Not Churned
CUST06068,0,,Not Churned
CUST06069,0,,Not Churned
CUST06070,1,2026-07-19,High Price
CUST06071,1,2026-05-26,Not Using Product
CUST06072,0,,Not Churned
CUST06073,0,,Not Churned
CUST06074,0,,Not Churned
CUST06075,0,,Not Churned
CUST06076,0,,Not Churned
CUST06077,0,,Not Churned
CUST06078,0,,Not Churned
CUST06079,0,,Not Churned
CUST06080,0,,Not Churned
CUST06081,0,,Not Churned
CUST06082,1,2026-04-15,Technical Issues
CUST06083,0,,Not Churned
CUST06084,0,,Not Churned
CUST06085,0,,Not Churned
CUST06086,0,,Not Churned
CUST06087,1,2026-08-27,Poor Service
CUST06088,0,,Not Churned
CUST06089,1,2026-03-31,Technical Issues
CUST06090,0,,Not Churned
CUST06091,0,,Not Churned
CUST06092,1,2026-02-21,Customer Support
CUST06093,1,2026-01-12,Poor Service
CUST06094,1,2026-04-23,Not Using Product
CUST06095,0,,Not Churned
CUST06096,0,,Not Churned
CUST06097,0,,Not Churned
CUST06098,0,,Not Churned
CUST06099,0,,Not Churned
CUST06100,0,,Not Churned
CUST06101,0,,Not Churned
CUST06102,0,,Not Churned
CUST06103,1,2026-04-22,Other
CUST06104,0,,Not Churned
CUST06105,0,,Not Churned
CUST06106,0,,Not Churned
CUST06107,1,2026-07-19,Poor Service
CUST06108,0,,Not Churned
CUST06109,1,2026-08-19,Poor Service
CUST06110,0,,Not Churned
CUST06111,0,,Not Churned
CUST06112,0,,Not Churned
CUST06113,0,,Not Churned
CUST06114,0,,Not Churned
CUST06115,0,,Not Churned
CUST06116,1,2026-05-26,Competitor
CUST06117,1,2026-03-10,Poor Service
CUST06118,0,,Not Churned
CUST06119,0,,Not Churned
CUST06120,0,,Not Churned
CUST06121,0,,Not Churned
CUST06122,0,,Not Churned
CUST06123,0,,Not Churned
CUST06124,0,,Not Churned
CUST06125,0,,Not Churned
CUST06126,1,2026-06-10,Technical Issues
CUST06127,0,,Not Churned
CUST06128,1,2026-04-07,Customer Support
CUST06129,0,,Not Churned
CUST06130,0,,Not Churned
CUST06131,0,,Not Churned
CUST06132,1,2026-08-03,Technical Issues
CUST06133,0,,Not Churned
CUST06134,0,,Not Churned
CUST06135,0,,Not Churned
CUST06136,1,2026-08-03,Not Using Product
CUST06137,1,2026-04-01,Not Using Product
CUST06138,1,2026-05-31,High Price
CUST06139,0,,Not Churned
CUST06140,1,2026-05-05,Other
CUST06141,0,,Not Churned
CUST06142,0,,Not Churned
CUST06143,1,2026-07-14,Other
CUST06144,1,2026-07-22,Not Using Product
CUST06145,0,,Not Churned
CUST06146,1,2026-01-04,Not Using Product
CUST06147,0,,Not Churned
CUST06148,1,2026-03-31,Not Using Product
CUST06149,0,,Not Churned
CUST06150,0,,Not Churned
CUST06151,0,,Not Churned
CUST06152,1,2026-06-26,Technical Issues
CUST06153,1,2026-01-14,Competitor
CUST06154,0,,Not Churned
CUST06155,0,,Not Churned
CUST06156,0,,Not Churned
CUST06157,0,,Not Churned
CUST06158,1,2026-06-03,Competitor
CUST06159,0,,Not Churned
CUST06160,0,,Not Churned
CUST06161,0,,Not Churned
CUST06162,0,,Not Churned
CUST06163,0,,Not Churned
CUST06164,0,,Not Churned
CUST06165,0,,Not Churned
CUST06166,0,,Not Churned
CUST06167,0,,Not Churned
CUST06168,1,2026-06-21,Poor Service
CUST06169,1,2026-05-14,Other
CUST06170,0,,Not Churned
CUST06171,1,2026-07-28,Poor Service
CUST06172,0,,Not Churned
CUST06173,0,,Not Churned
CUST06174,1,2026-05-23,Customer Support
CUST06175,1,2026-04-09,Competitor
CUST06176,0,,Not Churned
CUST06177,0,,Not Churned
CUST06178,0,,Not Churned
CUST06179,1,2026-07-18,Competitor
CUST06180,1,2026-05-09,Competitor
CUST06181,0,,Not Churned
CUST06182,0,,Not Churned
CUST06183,1,2026-05-17,Poor Service
CUST06184,1,2026-05-13,Other
CUST06185,0,,Not Churned
CUST06186,0,,Not Churned
CUST06187,0,,Not Churned
CUST06188,1,2026-08-17,Other
CUST06189,0,,Not Churned
CUST06190,0,,Not Churned
CUST06191,1,2026-01-20,Customer Support
CUST06192,1,2026-05-16,High Price
CUST06193,0,,Not Churned
CUST06194,0,,Not Churned
CUST06195,0,,Not Churned
CUST06196,0,,Not Churned
CUST06197,0,,Not Churned
CUST06198,1,2026-02-18,Customer Support
CUST06199,1,2026-08-08,Poor Service
CUST06200,0,,Not Churned
CUST06201,1,2026-02-17,Poor Service
CUST06202,0,,Not Churned
CUST06203,0,,Not Churned
CUST06204,0,,Not Churned
CUST06205,0,,Not Churned
CUST06206,1,2026-02-07,Customer Support
CUST06207,0,,Not Churned
CUST06208,1,2026-04-04,Competitor
CUST06209,1,2026-08-21,Technical Issues
CUST06210,1,2026-01-26,Competitor
CUST06211,1,2026-05-03,Poor Service
CUST06212,0,,Not Churned
CUST06213,0,,Not Churned
CUST06214,1,2026-02-07,Other
CUST06215,1,2026-07-02,Poor Service
CUST06216,0,,Not Churned
CUST06217,1,2026-03-29,Technical Issues
CUST06218,1,2026-03-05,Competitor
CUST06219,0,,Not Churned
CUST06220,0,,Not Churned
CUST06221,0,,Not Churned
CUST06222,0,,Not Churned
CUST06223,0,,Not Churned
CUST06224,0,,Not Churned
CUST06225,1,2026-05-10,Competitor
CUST06226,1,2026-05-22,Poor Service
CUST06227,0,,Not Churned
CUST06228,0,,Not Churned
CUST06229,0,,Not Churned
CUST06230,0,,Not Churned
CUST06231,0,,Not Churned
CUST06232,1,2026-06-30,Competitor
CUST06233,0,,Not Churned
CUST06234,0,,Not Churned
CUST06235,1,2026-05-23,Other
CUST06236,1,2026-01-14,Customer Support
CUST06237,1,2026-02-14,Technical Issues
CUST06238,0,,Not Churned
CUST06239,1,2026-07-25,Not Using Product
CUST06240,1,2026-02-10,Technical Issues
CUST06241,0,,Not Churned
CUST06242,0,,Not Churned
CUST06243,0,,Not Churned
CUST06244,0,,Not Churned
CUST06245,0,,Not Churned
CUST06246,0,,Not Churned
CUST06247,0,,Not Churned
CUST06248,0,,Not Churned
CUST06249,0,,Not Churned
CUST06250,0,,Not Churned
CUST06251,0,,Not Churned
CUST06252,1,2026-02-26,Customer Support
CUST06253,0,,Not Churned
CUST06254,0,,Not Churned
CUST06255,0,,Not Churned
CUST06256,0,,Not Churned
CUST06257,0,,Not Churned
CUST06258,1,2026-01-09,Competitor
CUST06259,0,,Not Churned
CUST06260,0,,Not Churned
CUST06261,1,2026-06-09,High Price
CUST06262,1,2026-03-11,Competitor
CUST06263,0,,Not Churned
CUST06264,1,2026-08-20,Customer Support
CUST06265,0,,Not Churned
CUST06266,0,,Not Churned
CUST06267,0,,Not Churned
CUST06268,0,,Not Churned
CUST06269,0,,Not Churned
CUST06270,0,,Not Churned
CUST06271,0,,Not Churned
CUST06272,0,,Not Churned
CUST06273,0,,Not Churned
CUST06274,0,,Not Churned
CUST06275,0,,Not Churned
CUST06276,0,,Not Churned
CUST06277,0,,Not Churned
CUST06278,1,2026-04-22,Technical Issues
CUST06279,0,,Not Churned
CUST06280,1,2026-03-28,Other
CUST06281,0,,Not Churned
CUST06282,0,,Not Churned
CUST06283,0,,Not Churned
CUST06284,0,,Not Churned
CUST06285,1,2026-06-07,Other
CUST06286,0,,Not Churned
CUST06287,0,,Not Churned
CUST06288,1,2026-05-25,Poor Service
CUST06289,0,,Not Churned
CUST06290,0,,Not Churned
CUST06291,1,2026-06-30,High Price
CUST06292,1,2026-07-25,Customer Support
CUST06293,0,,Not Churned
CUST06294,1,2026-03-15,Competitor
CUST06295,0,,Not Churned
CUST06296,0,,Not Churned
CUST06297,0,,Not Churned
CUST06298,0,,Not Churned
CUST06299,0,,Not Churned
CUST06300,0,,Not Churned
CUST06301,0,,Not Churned
CUST06302,1,2026-08-30,Customer Support
CUST06303,1,2026-02-21,Competitor
CUST06304,0,,Not Churned
CUST06305,1,2026-03-21,Customer Support
CUST06306,0,,Not Churned
CUST06307,0,,Not Churned
CUST06308,0,,Not Churned
CUST06309,0,,Not Churned
CUST06310,0,,Not Churned
CUST06311,0,,Not Churned
CUST06312,0,,Not Churned
CUST06313,0,,Not Churned
CUST06314,1,2026-03-07,Poor Service
CUST06315,1,2026-08-27,Technical Issues
CUST06316,0,,Not Churned
CUST06317,1,2026-08-26,Not Using Product
CUST06318,1,2026-01-19,High Price
CUST06319,0,,Not Churned
CUST06320,1,2026-02-13,High Price
CUST06321,1,2026-05-21,High Price
CUST06322,1,2026-03-17,Competitor
CUST06323,1,2026-03-06,Other
CUST06324,0,,Not Churned
CUST06325,0,,Not Churned
CUST06326,0,,Not Churned
CUST06327,0,,Not Churned
CUST06328,0,,Not Churned
CUST06329,0,,Not Churned
CUST06330,0,,Not Churned
CUST06331,1,2026-08-17,Competitor
CUST06332,0,,Not Churned
CUST06333,0,,Not Churned
CUST06334,0,,Not Churned
CUST06335,0,,Not Churned
CUST06336,0,,Not Churned
CUST06337,0,,Not Churned
CUST06338,0,,Not Churned
CUST06339,0,,Not Churned
CUST06340,1,2026-01-29,High Price
CUST06341,0,,Not Churned
CUST06342,1,2026-05-02,Competitor
CUST06343,0,,Not Churned
CUST06344,1,2026-02-01,Other
CUST06345,1,2026-07-03,High Price
CUST06346,0,,Not Churned
CUST06347,0,,Not Churned
CUST06348,1,2026-02-04,Customer Support
CUST06349,0,,Not Churned
CUST06350,0,,Not Churned
CUST06351,1,2026-06-22,Customer Support
CUST06352,0,,Not Churned
CUST06353,0,,Not Churned
CUST06354,0,,Not Churned
CUST06355,0,,Not Churned
CUST06356,0,,Not Churned
CUST06357,0,,Not Churned
CUST06358,0,,Not Churned
CUST06359,1,2026-07-28,Poor Service
CUST06360,0,,Not Churned
CUST06361,0,,Not Churned
CUST06362,1,2026-08-26,Competitor
CUST06363,0,,Not Churned
CUST06364,1,2026-08-05,Poor Service
CUST06365,0,,Not Churned
CUST06366,0,,Not Churned
CUST06367,0,,Not Churned
CUST06368,0,,Not Churned
CUST06369,1,2026-02-22,Not Using Product
CUST06370,0,,Not Churned
CUST06371,1,2026-01-18,Other
CUST06372,0,,Not Churned
CUST06373,0,,Not Churned
CUST06374,1,2026-06-10,Technical Issues
CUST06375,0,,Not Churned
CUST06376,1,2026-07-11,Competitor
CUST06377,0,,Not Churned
CUST06378,0,,Not Churned
CUST06379,1,2026-07-31,Technical Issues
CUST06380,1,2026-07-31,Not Using Product
CUST06381,1,2026-01-27,Poor Service
CUST06382,0,,Not Churned
CUST06383,1,2026-01-21,Other
CUST06384,0,,Not Churned
CUST06385,0,,Not Churned
CUST06386,1,2026-03-07,Competitor
CUST06387,0,,Not Churned
CUST06388,0,,Not Churned
CUST06389,0,,Not Churned
CUST06390,0,,Not Churned
CUST06391,0,,Not Churned
CUST06392,1,2026-07-12,Technical Issues
CUST06393,0,,Not Churned
CUST06394,0,,Not Churned
CUST06395,0,,Not Churned
CUST06396,0,,Not Churned
CUST06397,1,2026-07-05,Not Using Product
CUST06398,0,,Not Churned
CUST06399,0,,Not Churned
CUST06400,0,,Not Churned
CUST06401,0,,Not Churned
CUST06402,1,2026-08-02,Technical Issues
CUST06403,0,,Not Churned
CUST06404,1,2026-06-03,Customer Support
CUST06405,0,,Not Churned
CUST06406,0,,Not Churned
CUST06407,0,,Not Churned
CUST06408,1,2026-03-09,Customer Support
CUST06409,0,,Not Churned
CUST06410,0,,Not Churned
CUST06411,0,,Not Churned
CUST06412,0,,Not Churned
CUST06413,0,,Not Churned
CUST06414,0,,Not Churned
CUST06415,0,,Not Churned
CUST06416,0,,Not Churned
CUST06417,0,,Not Churned
CUST06418,1,2026-07-16,High Price
CUST06419,1,2026-03-01,Customer Support
CUST06420,0,,Not Churned
CUST06421,0,,Not Churned
CUST06422,0,,Not Churned
CUST06423,0,,Not Churned
CUST06424,1,2026-08-13,Poor Service
CUST06425,0,,Not Churned
CUST06426,0,,Not Churned
CUST06427,0,,Not Churned
CUST06428,1,2026-05-26,Other
CUST06429,1,2026-03-29,Other
CUST06430,0,,Not Churned
CUST06431,0,,Not Churned
CUST06432,0,,Not Churned
CUST06433,1,2026-07-22,Not Using Product
CUST06434,1,2026-07-13,Customer Support
CUST06435,1,2026-01-08,Other
CUST06436,0,,Not Churned
CUST06437,0,,Not Churned
CUST06438,1,2026-06-13,Technical Issues
CUST06439,0,,Not Churned
CUST06440,0,,Not Churned
CUST06441,0,,Not Churned
CUST06442,0,,Not Churned
CUST06443,0,,Not Churned
CUST06444,0,,Not Churned
CUST06445,0,,Not Churned
CUST06446,0,,Not Churned
CUST06447,1,2026-07-05,Other
CUST06448,0,,Not Churned
CUST06449,0,,Not Churned
CUST06450,0,,Not Churned
CUST06451,1,2026-04-12,Technical Issues
CUST06452,1,2026-03-02,Other
CUST06453,1,2026-03-22,Customer Support
CUST06454,1,2026-06-03,Customer Support
CUST06455,0,,Not Churned
CUST06456,1,2026-07-22,Competitor
CUST06457,0,,Not Churned
CUST06458,0,,Not Churned
CUST06459,0,,Not Churned
CUST06460,0,,Not Churned
CUST06461,0,,Not Churned
CUST06462,0,,Not Churned
CUST06463,1,2026-02-24,Technical Issues
CUST06464,0,,Not Churned
CUST06465,1,2026-02-01,Competitor
CUST06466,0,,Not Churned
CUST06467,0,,Not Churned
CUST06468,0,,Not Churned
CUST06469,0,,Not Churned
CUST06470,0,,Not Churned
CUST06471,0,,Not Churned
CUST06472,0,,Not Churned
CUST06473,1,2026-03-15,Technical Issues
CUST06474,1,2026-05-30,Technical Issues
CUST06475,0,,Not Churned
CUST06476,1,2026-03-08,Other
CUST06477,0,,Not Churned
CUST06478,1,2026-05-09,Not Using Product
CUST06479,0,,Not Churned
CUST06480,0,,Not Churned
CUST06481,0,,Not Churned
CUST06482,0,,Not Churned
CUST06483,0,,Not Churned
CUST06484,0,,Not Churned
CUST06485,0,,Not Churned
CUST06486,0,,Not Churned
CUST06487,0,,Not Churned
CUST06488,1,2026-03-06,Other
CUST06489,0,,Not Churned
CUST06490,1,2026-02-15,Competitor
CUST06491,0,,Not Churned
CUST06492,1,2026-03-14,Not Using Product
CUST06493,0,,Not Churned
CUST06494,0,,Not Churned
CUST06495,1,2026-08-15,Poor Service
CUST06496,0,,Not Churned
CUST06497,0,,Not Churned
CUST06498,0,,Not Churned
CUST06499,1,2026-03-02,Poor Service
CUST06500,0,,Not Churned
CUST06501,1,2026-06-15,Other
CUST06502,0,,Not Churned
CUST06503,0,,Not Churned
CUST06504,0,,Not Churned
CUST06505,1,2026-06-11,Competitor
CUST06506,0,,Not Churned
CUST06507,0,,Not Churned
CUST06508,1,2026-01-15,Poor Service
CUST06509,0,,Not Churned
CUST06510,0,,Not Churned
CUST06511,0,,Not Churned
CUST06512,0,,Not Churned
CUST06513,0,,Not Churned
CUST06514,1,2026-06-14,Customer Support
CUST06515,0,,Not Churned
CUST06516,0,,Not Churned
CUST06517,1,2026-04-09,Poor Service
CUST06518,0,,Not Churned
CUST06519,0,,Not Churned
CUST06520,0,,Not Churned
CUST06521,0,,Not Churned
CUST06522,0,,Not Churned
CUST06523,0,,Not Churned
CUST06524,0,,Not Churned
CUST06525,0,,Not Churned
CUST06526,0,,Not Churned
CUST06527,0,,Not Churned
CUST06528,0,,Not Churned
CUST06529,1,2026-02-09,Other
CUST06530,0,,Not Churned
CUST06531,1,2026-06-02,High Price
CUST06532,0,,Not Churned
CUST06533,0,,Not Churned
CUST06534,0,,Not Churned
CUST06535,0,,Not Churned
CUST06536,0,,Not Churned
CUST06537,0,,Not Churned
CUST06538,0,,Not Churned
CUST06539,0,,Not Churned
CUST06540,0,,Not Churned
CUST06541,0,,Not Churned
CUST06542,0,,Not Churned
CUST06543,0,,Not Churned
CUST06544,0,,Not Churned
CUST06545,0,,Not Churned
CUST06546,0,,Not Churned
CUST06547,0,,Not Churned
CUST06548,0,,Not Churned
CUST06549,0,,Not Churned
CUST06550,0,,Not Churned
CUST06551,0,,Not Churned
CUST06552,0,,Not Churned
CUST06553,0,,Not Churned
CUST06554,0,,Not Churned
CUST06555,0,,Not Churned
CUST06556,1,2026-03-11,Poor Service
CUST06557,1,2026-07-09,Competitor
CUST06558,0,,Not Churned
CUST06559,0,,Not Churned
CUST06560,1,2026-08-19,Technical Issues
CUST06561,1,2026-06-21,Competitor
CUST06562,0,,Not Churned
CUST06563,0,,Not Churned
CUST06564,0,,Not Churned
CUST06565,0,,Not Churned
CUST06566,0,,Not Churned
CUST06567,1,2026-03-17,Technical Issues
CUST06568,0,,Not Churned
CUST06569,0,,Not Churned
CUST06570,0,,Not Churned
CUST06571,1,2026-08-18,Poor Service
CUST06572,0,,Not Churned
CUST06573,0,,Not Churned
CUST06574,1,2026-05-06,Competitor
CUST06575,0,,Not Churned
CUST06576,0,,Not Churned
CUST06577,0,,Not Churned
CUST06578,0,,Not Churned
CUST06579,0,,Not Churned
CUST06580,0,,Not Churned
CUST06581,1,2026-03-22,Other
CUST06582,1,2026-05-30,Technical Issues
CUST06583,0,,Not Churned
CUST06584,1,2026-03-04,Not Using Product
CUST06585,0,,Not Churned
CUST06586,0,,Not Churned
CUST06587,1,2026-06-23,Other
CUST06588,0,,Not Churned
CUST06589,0,,Not Churned
CUST06590,0,,Not Churned
CUST06591,0,,Not Churned
CUST06592,1,2026-07-23,Customer Support
CUST06593,0,,Not Churned
CUST06594,0,,Not Churned
CUST06595,0,,Not Churned
CUST06596,0,,Not Churned
CUST06597,0,,Not Churned
CUST06598,0,,Not Churned
CUST06599,0,,Not Churned
CUST06600,0,,Not Churned
CUST06601,0,,Not Churned
CUST06602,0,,Not Churned
CUST06603,0,,Not Churned
CUST06604,0,,Not Churned
CUST06605,0,,Not Churned
CUST06606,1,2026-04-08,Competitor
CUST06607,0,,Not Churned
CUST06608,0,,Not Churned
CUST06609,1,2026-01-17,Other
CUST06610,0,,Not Churned
CUST06611,1,2026-01-17,Customer Support
CUST06612,0,,Not Churned
CUST06613,1,2026-08-22,Technical Issues
CUST06614,0,,Not Churned
CUST06615,0,,Not Churned
CUST06616,0,,Not Churned
CUST06617,0,,Not Churned
CUST06618,0,,Not Churned
CUST06619,1,2026-04-20,Competitor
CUST06620,0,,Not Churned
CUST06621,1,2026-06-03,Customer Support
CUST06622,0,,Not Churned
CUST06623,0,,Not Churned
CUST06624,0,,Not Churned
CUST06625,0,,Not Churned
CUST06626,1,2026-04-23,Other
CUST06627,0,,Not Churned
CUST06628,1,2026-06-13,Technical Issues
CUST06629,0,,Not Churned
CUST06630,1,2026-06-11,High Price
CUST06631,0,,Not Churned
CUST06632,0,,Not Churned
CUST06633,0,,Not Churned
CUST06634,0,,Not Churned
CUST06635,1,2026-05-22,Not Using Product
CUST06636,0,,Not Churned
CUST06637,1,2026-03-14,Competitor
CUST06638,0,,Not Churned
CUST06639,1,2026-04-19,High Price
CUST06640,0,,Not Churned
CUST06641,0,,Not Churned
CUST06642,0,,Not Churned
CUST06643,0,,Not Churned
CUST06644,0,,Not Churned
CUST06645,0,,Not Churned
CUST06646,1,2026-08-14,Technical Issues
CUST06647,0,,Not Churned
CUST06648,0,,Not Churned
CUST06649,1,2026-06-18,Not Using Product
CUST06650,0,,Not Churned
CUST06651,0,,Not Churned
CUST06652,0,,Not Churned
CUST06653,1,2026-04-07,Competitor
CUST06654,1,2026-05-24,Poor Service
CUST06655,0,,Not Churned
CUST06656,0,,Not Churned
CUST06657,0,,Not Churned
CUST06658,1,2026-03-26,Technical Issues
CUST06659,0,,Not Churned
CUST06660,0,,Not Churned
CUST06661,0,,Not Churned
CUST06662,0,,Not Churned
CUST06663,0,,Not Churned
CUST06664,0,,Not Churned
CUST06665,0,,Not Churned
CUST06666,0,,Not Churned
CUST06667,0,,Not Churned
CUST06668,0,,Not Churned
CUST06669,0,,Not Churned
CUST06670,1,2026-06-12,Other
CUST06671,0,,Not Churned
CUST06672,1,2026-08-07,Customer Support
CUST06673,0,,Not Churned
CUST06674,0,,Not Churned
CUST06675,0,,Not Churned
CUST06676,1,2026-01-22,Customer Support
CUST06677,1,2026-01-14,Competitor
CUST06678,0,,Not Churned
CUST06679,0,,Not Churned
CUST06680,0,,Not Churned
CUST06681,1,2026-03-22,High Price
CUST06682,0,,Not Churned
CUST06683,0,,Not Churned
CUST06684,1,2026-01-17,Other
CUST06685,0,,Not Churned
CUST06686,0,,Not Churned
CUST06687,0,,Not Churned
CUST06688,1,2026-01-19,Poor Service
CUST06689,1,2026-04-26,Customer Support
CUST06690,0,,Not Churned
CUST06691,0,,Not Churned
CUST06692,0,,Not Churned
CUST06693,0,,Not Churned
CUST06694,1,2026-04-05,Poor Service
CUST06695,1,2026-02-09,Poor Service
CUST06696,0,,Not Churned
CUST06697,0,,Not Churned
CUST06698,1,2026-02-14,High Price
CUST06699,0,,Not Churned
CUST06700,1,2026-06-14,Other
CUST06701,0,,Not Churned
CUST06702,0,,Not Churned
CUST06703,0,,Not Churned
CUST06704,0,,Not Churned
CUST06705,1,2026-02-26,Competitor
CUST06706,0,,Not Churned
CUST06707,0,,Not Churned
CUST06708,0,,Not Churned
CUST06709,1,2026-04-12,Competitor
CUST06710,0,,Not Churned
CUST06711,0,,Not Churned
CUST06712,1,2026-08-11,Not Using Product
CUST06713,0,,Not Churned
CUST06714,0,,Not Churned
CUST06715,1,2026-04-30,Not Using Product
CUST06716,1,2026-01-29,Not Using Product
CUST06717,1,2026-07-15,Technical Issues
CUST06718,0,,Not Churned
CUST06719,0,,Not Churned
CUST06720,1,2026-07-30,Other
CUST06721,0,,Not Churned
CUST06722,0,,Not Churned
CUST06723,0,,Not Churned
CUST06724,0,,Not Churned
CUST06725,0,,Not Churned
CUST06726,0,,Not Churned
CUST06727,0,,Not Churned
CUST06728,0,,Not Churned
CUST06729,0,,Not Churned
CUST06730,0,,Not Churned
CUST06731,0,,Not Churned
CUST06732,1,2026-07-04,Customer Support
CUST06733,0,,Not Churned
CUST06734,0,,Not Churned
CUST06735,1,2026-02-05,Competitor
CUST06736,0,,Not Churned
CUST06737,0,,Not Churned
CUST06738,0,,Not Churned
CUST06739,1,2026-04-07,Customer Support
CUST06740,0,,Not Churned
CUST06741,0,,Not Churned
CUST06742,0,,Not Churned
CUST06743,0,,Not Churned
CUST06744,1,2026-03-05,Competitor
CUST06745,0,,Not Churned
CUST06746,1,2026-01-30,Competitor
CUST06747,0,,Not Churned
CUST06748,0,,Not Churned
CUST06749,0,,Not Churned
CUST06750,1,2026-05-11,Technical Issues
CUST06751,0,,Not Churned
CUST06752,0,,Not Churned
CUST06753,1,2026-06-18,Customer Support
CUST06754,0,,Not Churned
CUST06755,0,,Not Churned
CUST06756,1,2026-03-21,High Price
CUST06757,1,2026-08-22,Not Using Product
CUST06758,0,,Not Churned
CUST06759,0,,Not Churned
CUST06760,1,2026-07-10,Customer Support
CUST06761,1,2026-01-18,Customer Support
CUST06762,0,,Not Churned
CUST06763,0,,Not Churned
CUST06764,0,,Not Churned
CUST06765,1,2026-06-11,Competitor
CUST06766,1,2026-01-05,Customer Support
CUST06767,1,2026-08-19,Poor Service
CUST06768,1,2026-01-11,High Price
CUST06769,0,,Not Churned
CUST06770,0,,Not Churned
CUST06771,0,,Not Churned
CUST06772,0,,Not Churned
CUST06773,1,2026-06-29,Competitor
CUST06774,0,,Not Churned
CUST06775,1,2026-02-10,Customer Support
CUST06776,0,,Not Churned
CUST06777,0,,Not Churned
CUST06778,1,2026-03-06,Not Using Product
CUST06779,1,2026-03-01,Poor Service
CUST06780,1,2026-01-29,Technical Issues
CUST06781,0,,Not Churned
CUST06782,0,,Not Churned
CUST06783,1,2026-03-26,Customer Support
CUST06784,0,,Not Churned
CUST06785,0,,Not Churned
CUST06786,0,,Not Churned
CUST06787,0,,Not Churned
CUST06788,0,,Not Churned
CUST06789,1,2026-08-17,Other
CUST06790,1,2026-08-30,Technical Issues
CUST06791,1,2026-08-13,Not Using Product
CUST06792,0,,Not Churned
CUST06793,0,,Not Churned
CUST06794,0,,Not Churned
CUST06795,1,2026-06-28,Other
CUST06796,0,,Not Churned
CUST06797,0,,Not Churned
CUST06798,0,,Not Churned
CUST06799,1,2026-01-18,Technical Issues
CUST06800,1,2026-08-15,Poor Service
CUST06801,1,2026-01-07,Poor Service
CUST06802,1,2026-01-29,Technical Issues
CUST06803,0,,Not Churned
CUST06804,1,2026-08-23,Not Using Product
CUST06805,0,,Not Churned
CUST06806,0,,Not Churned
CUST06807,0,,Not Churned
CUST06808,0,,Not Churned
CUST06809,1,2026-01-26,Competitor
CUST06810,0,,Not Churned
CUST06811,0,,Not Churned
CUST06812,0,,Not Churned
CUST06813,0,,Not Churned
CUST06814,0,,Not Churned
CUST06815,0,,Not Churned
CUST06816,1,2026-08-28,Customer Support
CUST06817,1,2026-01-04,Competitor
CUST06818,0,,Not Churned
CUST06819,0,,Not Churned
CUST06820,1,2026-01-23,Poor Service
CUST06821,0,,Not Churned
CUST06822,1,2026-02-17,Other
CUST06823,0,,Not Churned
CUST06824,0,,Not Churned
CUST06825,0,,Not Churned
CUST06826,0,,Not Churned
CUST06827,0,,Not Churned
CUST06828,1,2026-03-18,Not Using Product
CUST06829,0,,Not Churned
CUST06830,0,,Not Churned
CUST06831,1,2026-05-19,Other
CUST06832,1,2026-07-16,High Price
CUST06833,0,,Not Churned
CUST06834,0,,Not Churned
CUST06835,0,,Not Churned
CUST06836,0,,Not Churned
CUST06837,0,,Not Churned
CUST06838,0,,Not Churned
CUST06839,0,,Not Churned
CUST06840,0,,Not Churned
CUST06841,0,,Not Churned
CUST06842,0,,Not Churned
CUST06843,0,,Not Churned
CUST06844,0,,Not Churned
CUST06845,1,2026-06-12,Competitor
CUST06846,0,,Not Churned
CUST06847,0,,Not Churned
CUST06848,1,2026-07-21,Customer Support
CUST06849,0,,Not Churned
CUST06850,0,,Not Churned
CUST06851,1,2026-02-09,Poor Service
CUST06852,0,,Not Churned
CUST06853,0,,Not Churned
CUST06854,1,2026-08-08,Competitor
CUST06855,0,,Not Churned
CUST06856,0,,Not Churned
CUST06857,0,,Not Churned
CUST06858,0,,Not Churned
CUST06859,0,,Not Churned
CUST06860,0,,Not Churned
CUST06861,0,,Not Churned
CUST06862,0,,Not Churned
CUST06863,0,,Not Churned
CUST06864,0,,Not Churned
CUST06865,0,,Not Churned
CUST06866,0,,Not Churned
CUST06867,0,,Not Churned
CUST06868,0,,Not Churned
CUST06869,0,,Not Churned
CUST06870,1,2026-02-10,High Price
CUST06871,0,,Not Churned
CUST06872,0,,Not Churned
CUST06873,1,2026-03-08,Technical Issues
CUST06874,1,2026-08-01,Poor Service
CUST06875,0,,Not Churned
CUST06876,0,,Not Churned
CUST06877,1,2026-07-22,Not Using Product
CUST06878,1,2026-04-14,Not Using Product
CUST06879,1,2026-02-10,Other
CUST06880,0,,Not Churned
CUST06881,0,,Not Churned
CUST06882,1,2026-03-10,High Price
CUST06883,0,,Not Churned
CUST06884,1,2026-02-07,High Price
CUST06885,1,2026-06-02,Poor Service
CUST06886,0,,Not Churned
CUST06887,1,2026-01-15,Other
CUST06888,0,,Not Churned
CUST06889,1,2026-08-23,Competitor
CUST06890,0,,Not Churned
CUST06891,0,,Not Churned
CUST06892,0,,Not Churned
CUST06893,0,,Not Churned
CUST06894,1,2026-06-18,Not Using Product
CUST06895,0,,Not Churned
CUST06896,0,,Not Churned
CUST06897,1,2026-07-27,Customer Support
CUST06898,1,2026-06-21,Not Using Product
CUST06899,0,,Not Churned
CUST06900,0,,Not Churned
CUST06901,1,2026-07-17,Not Using Product
CUST06902,1,2026-01-31,Customer Support
CUST06903,0,,Not Churned
CUST06904,0,,Not Churned
CUST06905,0,,Not Churned
CUST06906,0,,Not Churned
CUST06907,0,,Not Churned
CUST06908,0,,Not Churned
CUST06909,0,,Not Churned
CUST06910,0,,Not Churned
CUST06911,0,,Not Churned
CUST06912,0,,Not Churned
CUST06913,1,2026-03-25,Other
CUST06914,0,,Not Churned
CUST06915,0,,Not Churned
CUST06916,0,,Not Churned
CUST06917,1,2026-02-27,Poor Service
CUST06918,0,,Not Churned
CUST06919,0,,Not Churned
CUST06920,1,2026-05-25,Technical Issues
CUST06921,0,,Not Churned
CUST06922,0,,Not Churned
CUST06923,0,,Not Churned
CUST06924,1,2026-01-25,Other
CUST06925,0,,Not Churned
CUST06926,1,2026-05-16,Technical Issues
CUST06927,0,,Not Churned
CUST06928,1,2026-02-17,Poor Service
CUST06929,0,,Not Churned
CUST06930,0,,Not Churned
CUST06931,1,2026-05-15,Other
CUST06932,1,2026-07-27,Technical Issues
CUST06933,0,,Not Churned
CUST06934,0,,Not Churned
CUST06935,0,,Not Churned
CUST06936,0,,Not Churned
CUST06937,0,,Not Churned
CUST06938,0,,Not Churned
CUST06939,0,,Not Churned
CUST06940,1,2026-01-06,Technical Issues
CUST06941,1,2026-08-28,High Price
CUST06942,0,,Not Churned
CUST06943,1,2026-06-09,Competitor
CUST06944,0,,Not Churned
CUST06945,0,,Not Churned
CUST06946,1,2026-04-25,High Price
CUST06947,0,,Not Churned
CUST06948,1,2026-07-04,Other
CUST06949,0,,Not Churned
CUST06950,0,,Not Churned
CUST06951,0,,Not Churned
CUST06952,0,,Not Churned
CUST06953,0,,Not Churned
CUST06954,1,2026-07-31,High Price
CUST06955,0,,Not Churned
CUST06956,0,,Not Churned
CUST06957,0,,Not Churned
CUST06958,0,,Not Churned
CUST06959,0,,Not Churned
CUST06960,1,2026-03-16,Not Using Product
CUST06961,0,,Not Churned
CUST06962,1,2026-05-16,High Price
CUST06963,0,,Not Churned
CUST06964,0,,Not Churned
CUST06965,0,,Not Churned
CUST06966,0,,Not Churned
CUST06967,0,,Not Churned
CUST06968,0,,Not Churned
CUST06969,0,,Not Churned
CUST06970,0,,Not Churned
CUST06971,0,,Not Churned
CUST06972,0,,Not Churned
CUST06973,0,,Not Churned
CUST06974,0,,Not Churned
CUST06975,0,,Not Churned
CUST06976,0,,Not Churned
CUST06977,1,2026-03-09,Not Using Product
CUST06978,1,2026-08-08,High Price
CUST06979,0,,Not Churned
CUST06980,1,2026-05-13,High Price
CUST06981,0,,Not Churned
CUST06982,0,,Not Churned
CUST06983,1,2026-06-14,Competitor
CUST06984,0,,Not Churned
CUST06985,0,,Not Churned
CUST06986,1,2026-07-04,Competitor
CUST06987,0,,Not Churned
CUST06988,0,,Not Churned
CUST06989,0,,Not Churned
CUST06990,0,,Not Churned
CUST06991,0,,Not Churned
CUST06992,0,,Not Churned
CUST06993,0,,Not Churned
CUST06994,0,,Not Churned
CUST06995,1,2026-07-15,Other
CUST06996,0,,Not Churned
CUST06997,0,,Not Churned
CUST06998,0,,Not Churned
CUST06999,0,,Not Churned
CUST07000,1,2026-07-15,Technical Issues
CUST07001,0,,Not Churned
CUST07002,0,,Not Churned
CUST07003,0,,Not Churned
CUST07004,0,,Not Churned
CUST07005,1,2026-04-25,High Price
CUST07006,1,2026-06-29,Technical Issues
CUST07007,1,2026-04-25,Not Using Product
CUST07008,0,,Not Churned
CUST07009,1,2026-08-02,Poor Service
CUST07010,0,,Not Churned
CUST07011,0,,Not Churned
CUST07012,1,2026-06-12,Poor Service
CUST07013,0,,Not Churned
CUST07014,0,,Not Churned
CUST07015,1,2026-04-14,Competitor
CUST07016,0,,Not Churned
CUST07017,0,,Not Churned
CUST07018,0,,Not Churned
CUST07019,0,,Not Churned
CUST07020,0,,Not Churned
CUST07021,0,,Not Churned
CUST07022,0,,Not Churned
CUST07023,1,2026-05-11,Poor Service
CUST07024,0,,Not Churned
CUST07025,0,,Not Churned
CUST07026,0,,Not Churned
CUST07027,0,,Not Churned
CUST07028,0,,Not Churned
CUST07029,0,,Not Churned
CUST07030,0,,Not Churned
CUST07031,1,2026-01-14,Other
CUST07032,1,2026-01-24,Competitor
CUST07033,1,2026-08-01,Technical Issues
CUST07034,1,2026-05-31,Not Using Product
CUST07035,0,,Not Churned
CUST07036,1,2026-03-20,Customer Support
CUST07037,1,2026-07-10,Customer Support
CUST07038,0,,Not Churned
CUST07039,0,,Not Churned
CUST07040,0,,Not Churned
CUST07041,0,,Not Churned
CUST07042,0,,Not Churned
CUST07043,1,2026-08-22,Customer Support
CUST07044,1,2026-08-10,Customer Support
CUST07045,1,2026-04-10,Technical Issues
CUST07046,0,,Not Churned
CUST07047,0,,Not Churned
CUST07048,1,2026-05-17,Competitor
CUST07049,0,,Not Churned
CUST07050,0,,Not Churned
CUST07051,1,2026-04-07,Customer Support
CUST07052,0,,Not Churned
CUST07053,0,,Not Churned
CUST07054,0,,Not Churned
CUST07055,0,,Not Churned
CUST07056,0,,Not Churned
CUST07057,0,,Not Churned
CUST07058,1,2026-05-12,Poor Service
CUST07059,1,2026-03-23,High Price
CUST07060,1,2026-06-04,Competitor
CUST07061,0,,Not Churned
CUST07062,1,2026-01-20,Competitor
CUST07063,0,,Not Churned
CUST07064,1,2026-06-20,Poor Service
CUST07065,0,,Not Churned
CUST07066,0,,Not Churned
CUST07067,1,2026-01-15,Not Using Product
CUST07068,0,,Not Churned
CUST07069,0,,Not Churned
CUST07070,0,,Not Churned
CUST07071,0,,Not Churned
CUST07072,0,,Not Churned
CUST07073,1,2026-06-27,High Price
CUST07074,0,,Not Churned
CUST07075,0,,Not Churned
CUST07076,0,,Not Churned
CUST07077,1,2026-08-18,Poor Service
CUST07078,1,2026-05-31,Not Using Product
CUST07079,1,2026-04-06,Not Using Product
CUST07080,1,2026-02-26,Other
CUST07081,1,2026-01-20,Competitor
CUST07082,0,,Not Churned
CUST07083,0,,Not Churned
CUST07084,0,,Not Churned
CUST07085,1,2026-08-29,Technical Issues
CUST07086,1,2026-06-17,High Price
CUST07087,0,,Not Churned
CUST07088,0,,Not Churned
CUST07089,0,,Not Churned
CUST07090,0,,Not Churned
CUST07091,0,,Not Churned
CUST07092,0,,Not Churned
CUST07093,0,,Not Churned
CUST07094,0,,Not Churned
CUST07095,1,2026-03-08,Not Using Product
CUST07096,0,,Not Churned
CUST07097,0,,Not Churned
CUST07098,0,,Not Churned
CUST07099,0,,Not Churned
CUST07100,0,,Not Churned
CUST07101,0,,Not Churned
CUST07102,0,,Not Churned
CUST07103,0,,Not Churned
CUST07104,0,,Not Churned
CUST07105,0,,Not Churned
CUST07106,0,,Not Churned
CUST07107,1,2026-05-26,Poor Service
CUST07108,0,,Not Churned
CUST07109,0,,Not Churned
CUST07110,0,,Not Churned
CUST07111,0,,Not Churned
CUST07112,0,,Not Churned
CUST07113,1,2026-03-26,High Price
CUST07114,0,,Not Churned
CUST07115,1,2026-04-29,Customer Support
CUST07116,0,,Not Churned
CUST07117,0,,Not Churned
CUST07118,0,,Not Churned
CUST07119,0,,Not Churned
CUST07120,0,,Not Churned
CUST07121,0,,Not Churned
CUST07122,1,2026-02-13,Competitor
CUST07123,0,,Not Churned
CUST07124,0,,Not Churned
CUST07125,0,,Not Churned
CUST07126,0,,Not Churned
CUST07127,0,,Not Churned
CUST07128,0,,Not Churned
CUST07129,1,2026-06-09,Other
CUST07130,1,2026-03-18,Poor Service
CUST07131,0,,Not Churned
CUST07132,1,2026-08-23,Not Using Product
CUST07133,0,,Not Churned
CUST07134,0,,Not Churned
CUST07135,0,,Not Churned
CUST07136,0,,Not Churned
CUST07137,0,,Not Churned
CUST07138,0,,Not Churned
CUST07139,0,,Not Churned
CUST07140,0,,Not Churned
CUST07141,0,,Not Churned
CUST07142,0,,Not Churned
CUST07143,0,,Not Churned
CUST07144,0,,Not Churned
CUST07145,0,,Not Churned
CUST07146,1,2026-02-04,Competitor
CUST07147,0,,Not Churned
CUST07148,0,,Not Churned
CUST07149,1,2026-01-30,Other
CUST07150,0,,Not Churned
CUST07151,1,2026-03-16,Other
CUST07152,1,2026-04-06,Customer Support
CUST07153,0,,Not Churned
CUST07154,1,2026-07-02,Not Using Product
CUST07155,1,2026-05-06,Technical Issues
CUST07156,0,,Not Churned
CUST07157,0,,Not Churned
CUST07158,0,,Not Churned
CUST07159,1,2026-04-09,High Price
CUST07160,0,,Not Churned
CUST07161,0,,Not Churned
CUST07162,0,,Not Churned
CUST07163,0,,Not Churned
CUST07164,1,2026-06-09,Technical Issues
CUST07165,0,,Not Churned
CUST07166,0,,Not Churned
CUST07167,0,,Not Churned
CUST07168,1,2026-02-27,Other
CUST07169,1,2026-01-09,Technical Issues
CUST07170,1,2026-08-15,Customer Support
CUST07171,0,,Not Churned
CUST07172,0,,Not Churned
CUST07173,0,,Not Churned
CUST07174,0,,Not Churned
CUST07175,1,2026-03-19,High Price
CUST07176,0,,Not Churned
CUST07177,1,2026-07-22,Poor Service
CUST07178,0,,Not Churned
CUST07179,0,,Not Churned
CUST07180,1,2026-06-02,Poor Service
CUST07181,0,,Not Churned
CUST07182,1,2026-08-20,Technical Issues
CUST07183,0,,Not Churned
CUST07184,1,2026-07-04,Customer Support
CUST07185,1,2026-04-18,Technical Issues
CUST07186,0,,Not Churned
CUST07187,0,,Not Churned
CUST07188,0,,Not Churned
CUST07189,0,,Not Churned
CUST07190,0,,Not Churned
CUST07191,1,2026-06-25,Technical Issues
CUST07192,0,,Not Churned
CUST07193,1,2026-06-17,Poor Service
CUST07194,0,,Not Churned
CUST07195,0,,Not Churned
CUST07196,0,,Not Churned
CUST07197,0,,Not Churned
CUST07198,0,,Not Churned
CUST07199,0,,Not Churned
CUST07200,0,,Not Churned
CUST07201,0,,Not Churned
CUST07202,1,2026-06-03,Poor Service
CUST07203,0,,Not Churned
CUST07204,0,,Not Churned
CUST07205,0,,Not Churned
CUST07206,0,,Not Churned
CUST07207,0,,Not Churned
CUST07208,0,,Not Churned
CUST07209,0,,Not Churned
CUST07210,0,,Not Churned
CUST07211,0,,Not Churned
CUST07212,1,2026-08-07,Other
CUST07213,1,2026-03-20,Competitor
CUST07214,1,2026-03-13,Not Using Product
CUST07215,0,,Not Churned
CUST07216,0,,Not Churned
CUST07217,0,,Not Churned
CUST07218,0,,Not Churned
CUST07219,0,,Not Churned
CUST07220,0,,Not Churned
CUST07221,1,2026-07-26,Technical Issues
CUST07222,0,,Not Churned
CUST07223,0,,Not Churned
CUST07224,0,,Not Churned
CUST07225,0,,Not Churned
CUST07226,1,2026-06-11,High Price
CUST07227,0,,Not Churned
CUST07228,0,,Not Churned
CUST07229,1,2026-07-05,Technical Issues
CUST07230,0,,Not Churned
CUST07231,1,2026-05-09,Not Using Product
CUST07232,1,2026-05-26,Other
CUST07233,0,,Not Churned
CUST07234,1,2026-08-15,Not Using Product
CUST07235,1,2026-02-03,Other
CUST07236,1,2026-04-17,Technical Issues
CUST07237,0,,Not Churned
CUST07238,0,,Not Churned
CUST07239,0,,Not Churned
CUST07240,1,2026-08-13,Customer Support
CUST07241,0,,Not Churned
CUST07242,0,,Not Churned
CUST07243,1,2026-05-26,Other
CUST07244,0,,Not Churned
CUST07245,0,,Not Churned
CUST07246,1,2026-05-27,Technical Issues
CUST07247,0,,Not Churned
CUST07248,1,2026-05-02,High Price
CUST07249,0,,Not Churned
CUST07250,0,,Not Churned
CUST07251,0,,Not Churned
CUST07252,1,2026-06-26,Competitor
CUST07253,0,,Not Churned
CUST07254,0,,Not Churned
CUST07255,1,2026-01-11,Technical Issues
CUST07256,0,,Not Churned
CUST07257,0,,Not Churned
CUST07258,0,,Not Churned
CUST07259,0,,Not Churned
CUST07260,0,,Not Churned
CUST07261,0,,Not Churned
CUST07262,0,,Not Churned
CUST07263,1,2026-06-18,Technical Issues
CUST07264,0,,Not Churned
CUST07265,0,,Not Churned
CUST07266,0,,Not Churned
CUST07267,1,2026-02-08,Poor Service
CUST07268,1,2026-08-02,Competitor
CUST07269,1,2026-04-06,Other
CUST07270,0,,Not Churned
CUST07271,0,,Not Churned
CUST07272,0,,Not Churned
CUST07273,0,,Not Churned
CUST07274,1,2026-03-02,High Price
CUST07275,1,2026-04-01,Customer Support
CUST07276,0,,Not Churned
CUST07277,1,2026-05-31,Poor Service
CUST07278,1,2026-02-13,Customer Support
CUST07279,0,,Not Churned
CUST07280,0,,Not Churned
CUST07281,0,,Not Churned
CUST07282,0,,Not Churned
CUST07283,0,,Not Churned
CUST07284,0,,Not Churned
CUST07285,0,,Not Churned
CUST07286,0,,Not Churned
CUST07287,0,,Not Churned
CUST07288,0,,Not Churned
CUST07289,0,,Not Churned
CUST07290,0,,Not Churned
CUST07291,0,,Not Churned
CUST07292,0,,Not Churned
CUST07293,0,,Not Churned
CUST07294,0,,Not Churned
CUST07295,0,,Not Churned
CUST07296,1,2026-01-27,Competitor
CUST07297,0,,Not Churned
CUST07298,0,,Not Churned
CUST07299,0,,Not Churned
CUST07300,0,,Not Churned
CUST07301,1,2026-01-31,Not Using Product
CUST07302,0,,Not Churned
CUST07303,0,,Not Churned
CUST07304,1,2026-07-05,Not Using Product
CUST07305,0,,Not Churned
CUST07306,1,2026-02-27,Not Using Product
CUST07307,0,,Not Churned
CUST07308,0,,Not Churned
CUST07309,0,,Not Churned
CUST07310,0,,Not Churned
CUST07311,0,,Not Churned
CUST07312,0,,Not Churned
CUST07313,1,2026-03-07,Poor Service
CUST07314,1,2026-03-04,Technical Issues
CUST07315,0,,Not Churned
CUST07316,1,2026-05-22,Technical Issues
CUST07317,0,,Not Churned
CUST07318,0,,Not Churned
CUST07319,0,,Not Churned
CUST07320,1,2026-06-07,Customer Support
CUST07321,0,,Not Churned
CUST07322,0,,Not Churned
CUST07323,0,,Not Churned
CUST07324,0,,Not Churned
CUST07325,0,,Not Churned
CUST07326,1,2026-06-29,Not Using Product
CUST07327,0,,Not Churned
CUST07328,0,,Not Churned
CUST07329,0,,Not Churned
CUST07330,0,,Not Churned
CUST07331,1,2026-08-04,Poor Service
CUST07332,1,2026-03-31,Technical Issues
CUST07333,0,,Not Churned
CUST07334,0,,Not Churned
CUST07335,0,,Not Churned
CUST07336,0,,Not Churned
CUST07337,1,2026-08-10,Customer Support
CUST07338,0,,Not Churned
CUST07339,1,2026-01-25,Competitor
CUST07340,0,,Not Churned
CUST07341,0,,Not Churned
CUST07342,1,2026-05-14,High Price
CUST07343,0,,Not Churned
CUST07344,1,2026-08-19,Competitor
CUST07345,0,,Not Churned
CUST07346,1,2026-08-29,Customer Support
CUST07347,0,,Not Churned
CUST07348,0,,Not Churned
CUST07349,1,2026-05-28,Competitor
CUST07350,0,,Not Churned
CUST07351,0,,Not Churned
CUST07352,0,,Not Churned
CUST07353,1,2026-08-14,High Price
CUST07354,0,,Not Churned
CUST07355,1,2026-08-18,High Price
CUST07356,0,,Not Churned
CUST07357,0,,Not Churned
CUST07358,0,,Not Churned
CUST07359,0,,Not Churned
CUST07360,0,,Not Churned
CUST07361,0,,Not Churned
CUST07362,0,,Not Churned
CUST07363,0,,Not Churned
CUST07364,0,,Not Churned
CUST07365,0,,Not Churned
CUST07366,1,2026-04-15,Other
CUST07367,0,,Not Churned
CUST07368,0,,Not Churned
CUST07369,0,,Not Churned
CUST07370,0,,Not Churned
CUST07371,0,,Not Churned
CUST07372,0,,Not Churned
CUST07373,0,,Not Churned
CUST07374,0,,Not Churned
CUST07375,0,,Not Churned
CUST07376,1,2026-06-30,Competitor
CUST07377,0,,Not Churned
CUST07378,0,,Not Churned
CUST07379,0,,Not Churned
CUST07380,1,2026-04-21,Customer Support
CUST07381,0,,Not Churned
CUST07382,0,,Not Churned
CUST07383,0,,Not Churned
CUST07384,0,,Not Churned
CUST07385,0,,Not Churned
CUST07386,0,,Not Churned
CUST07387,0,,Not Churned
CUST07388,0,,Not Churned
CUST07389,0,,Not Churned
CUST07390,0,,Not Churned
CUST07391,0,,Not Churned
CUST07392,0,,Not Churned
CUST07393,1,2026-02-06,Not Using Product
CUST07394,0,,Not Churned
CUST07395,1,2026-07-11,Competitor
CUST07396,0,,Not Churned
CUST07397,0,,Not Churned
CUST07398,0,,Not Churned
CUST07399,0,,Not Churned
CUST07400,0,,Not Churned
CUST07401,0,,Not Churned
CUST07402,0,,Not Churned
CUST07403,0,,Not Churned
CUST07404,0,,Not Churned
CUST07405,0,,Not Churned
CUST07406,1,2026-03-30,Poor Service
CUST07407,0,,Not Churned
CUST07408,0,,Not Churned
CUST07409,1,2026-07-06,Not Using Product
CUST07410,1,2026-05-31,Poor Service
CUST07411,1,2026-08-23,Poor Service
CUST07412,0,,Not Churned
CUST07413,0,,Not Churned
CUST07414,0,,Not Churned
CUST07415,0,,Not Churned
CUST07416,0,,Not Churned
CUST07417,1,2026-05-25,Other
CUST07418,1,2026-05-30,Poor Service
CUST07419,0,,Not Churned
CUST07420,0,,Not Churned
CUST07421,0,,Not Churned
CUST07422,0,,Not Churned
CUST07423,0,,Not Churned
CUST07424,0,,Not Churned
CUST07425,1,2026-03-03,Poor Service
CUST07426,0,,Not Churned
CUST07427,1,2026-02-14,Technical Issues
CUST07428,0,,Not Churned
CUST07429,1,2026-07-05,Competitor
CUST07430,0,,Not Churned
CUST07431,0,,Not Churned
CUST07432,0,,Not Churned
CUST07433,0,,Not Churned
CUST07434,0,,Not Churned
CUST07435,0,,Not Churned
CUST07436,0,,Not Churned
CUST07437,0,,Not Churned
CUST07438,0,,Not Churned
CUST07439,0,,Not Churned
CUST07440,0,,Not Churned
CUST07441,0,,Not Churned
CUST07442,0,,Not Churned
CUST07443,0,,Not Churned
CUST07444,0,,Not Churned
CUST07445,0,,Not Churned
CUST07446,0,,Not Churned
CUST07447,1,2026-08-27,Customer Support
CUST07448,0,,Not Churned
CUST07449,0,,Not Churned
CUST07450,0,,Not Churned
CUST07451,0,,Not Churned
CUST07452,0,,Not Churned
CUST07453,0,,Not Churned
CUST07454,0,,Not Churned
CUST07455,1,2026-06-16,High Price
CUST07456,0,,Not Churned
CUST07457,0,,Not Churned
CUST07458,1,2026-02-11,Customer Support
CUST07459,1,2026-05-30,High Price
CUST07460,0,,Not Churned
CUST07461,1,2026-05-21,Customer Support
CUST07462,1,2026-05-18,Technical Issues
CUST07463,0,,Not Churned
CUST07464,0,,Not Churned
CUST07465,0,,Not Churned
CUST07466,0,,Not Churned
CUST07467,1,2026-03-19,Technical Issues
CUST07468,0,,Not Churned
CUST07469,1,2026-01-06,Customer Support
CUST07470,0,,Not Churned
CUST07471,0,,Not Churned
CUST07472,0,,Not Churned
CUST07473,0,,Not Churned
CUST07474,0,,Not Churned
CUST07475,0,,Not Churned
CUST07476,0,,Not Churned
CUST07477,0,,Not Churned
CUST07478,0,,Not Churned
CUST07479,0,,Not Churned
CUST07480,0,,Not Churned
CUST07481,1,2026-01-17,High Price
CUST07482,0,,Not Churned
CUST07483,1,2026-04-22,High Price
CUST07484,0,,Not Churned
CUST07485,0,,Not Churned
CUST07486,0,,Not Churned
CUST07487,0,,Not Churned
CUST07488,0,,Not Churned
CUST07489,0,,Not Churned
CUST07490,0,,Not Churned
CUST07491,0,,Not Churned
CUST07492,0,,Not Churned
CUST07493,0,,Not Churned
CUST07494,0,,Not Churned
CUST07495,0,,Not Churned
CUST07496,0,,Not Churned
CUST07497,0,,Not Churned
CUST07498,0,,Not Churned
CUST07499,0,,Not Churned
CUST07500,1,2026-01-30,Poor Service
CUST07501,0,,Not Churned
CUST07502,0,,Not Churned
CUST07503,0,,Not Churned
CUST07504,0,,Not Churned
CUST07505,0,,Not Churned
CUST07506,0,,Not Churned
CUST07507,0,,Not Churned
CUST07508,0,,Not Churned
CUST07509,1,2026-08-15,Customer Support
CUST07510,0,,Not Churned
CUST07511,0,,Not Churned
CUST07512,0,,Not Churned
CUST07513,0,,Not Churned
CUST07514,0,,Not Churned
CUST07515,0,,Not Churned
CUST07516,0,,Not Churned
CUST07517,0,,Not Churned
CUST07518,1,2026-01-26,Competitor
CUST07519,1,2026-02-13,Customer Support
CUST07520,0,,Not Churned
CUST07521,1,2026-06-18,Other
CUST07522,0,,Not Churned
CUST07523,0,,Not Churned
CUST07524,1,2026-05-30,Competitor
CUST07525,1,2026-06-02,Other
CUST07526,0,,Not Churned
CUST07527,1,2026-05-29,Technical Issues
CUST07528,1,2026-02-11,Poor Service
CUST07529,1,2026-02-04,Technical Issues
CUST07530,0,,Not Churned
CUST07531,1,2026-01-17,Poor Service
CUST07532,0,,Not Churned
CUST07533,0,,Not Churned
CUST07534,0,,Not Churned
CUST07535,0,,Not Churned
CUST07536,0,,Not Churned
CUST07537,0,,Not Churned
CUST07538,0,,Not Churned
CUST07539,0,,Not Churned
CUST07540,0,,Not Churned
CUST07541,0,,Not Churned
CUST07542,1,2026-08-21,Technical Issues
CUST07543,0,,Not Churned
CUST07544,1,2026-08-05,Other
CUST07545,0,,Not Churned
CUST07546,1,2026-07-03,Technical Issues
CUST07547,1,2026-08-27,Other
CUST07548,0,,Not Churned
CUST07549,1,2026-08-25,Customer Support
CUST07550,1,2026-05-13,Customer Support
CUST07551,0,,Not Churned
CUST07552,1,2026-01-18,Not Using Product
CUST07553,0,,Not Churned
CUST07554,1,2026-02-14,Poor Service
CUST07555,0,,Not Churned
CUST07556,1,2026-01-26,Other
CUST07557,0,,Not Churned
CUST07558,0,,Not Churned
CUST07559,1,2026-04-22,Technical Issues
CUST07560,0,,Not Churned
CUST07561,0,,Not Churned
CUST07562,0,,Not Churned
CUST07563,0,,Not Churned
CUST07564,0,,Not Churned
CUST07565,0,,Not Churned
CUST07566,0,,Not Churned
CUST07567,0,,Not Churned
CUST07568,0,,Not Churned
CUST07569,0,,Not Churned
CUST07570,0,,Not Churned
CUST07571,1,2026-01-28,Customer Support
CUST07572,0,,Not Churned
CUST07573,1,2026-02-26,Not Using Product
CUST07574,1,2026-08-05,Other
CUST07575,1,2026-05-29,Customer Support
CUST07576,0,,Not Churned
CUST07577,0,,Not Churned
CUST07578,1,2026-01-17,Competitor
CUST07579,0,,Not Churned
CUST07580,1,2026-01-05,Competitor
CUST07581,0,,Not Churned
CUST07582,0,,Not Churned
CUST07583,0,,Not Churned
CUST07584,0,,Not Churned
CUST07585,0,,Not Churned
CUST07586,0,,Not Churned
CUST07587,1,2026-05-20,Competitor
CUST07588,0,,Not Churned
CUST07589,0,,Not Churned
CUST07590,0,,Not Churned
CUST07591,0,,Not Churned
CUST07592,0,,Not Churned
CUST07593,1,2026-04-29,Poor Service
CUST07594,0,,Not Churned
CUST07595,0,,Not Churned
CUST07596,1,2026-05-30,Other
CUST07597,0,,Not Churned
CUST07598,0,,Not Churned
CUST07599,0,,Not Churned
CUST07600,1,2026-02-12,Customer Support
CUST07601,0,,Not Churned
CUST07602,1,2026-08-24,Not Using Product
CUST07603,0,,Not Churned
CUST07604,0,,Not Churned
CUST07605,1,2026-03-02,Technical Issues
CUST07606,0,,Not Churned
CUST07607,0,,Not Churned
CUST07608,0,,Not Churned
CUST07609,0,,Not Churned
CUST07610,0,,Not Churned
CUST07611,0,,Not Churned
CUST07612,0,,Not Churned
CUST07613,1,2026-07-30,Technical Issues
CUST07614,0,,Not Churned
CUST07615,0,,Not Churned
CUST07616,1,2026-06-03,High Price
CUST07617,0,,Not Churned
CUST07618,1,2026-01-26,Other
CUST07619,0,,Not Churned
CUST07620,1,2026-05-25,Not Using Product
CUST07621,0,,Not Churned
CUST07622,0,,Not Churned
CUST07623,0,,Not Churned
CUST07624,1,2026-01-30,Competitor
CUST07625,0,,Not Churned
CUST07626,0,,Not Churned
CUST07627,0,,Not Churned
CUST07628,0,,Not Churned
CUST07629,1,2026-07-01,Competitor
CUST07630,1,2026-02-01,Not Using Product
CUST07631,0,,Not Churned
CUST07632,0,,Not Churned
CUST07633,0,,Not Churned
CUST07634,0,,Not Churned
CUST07635,0,,Not Churned
CUST07636,0,,Not Churned
CUST07637,0,,Not Churned
CUST07638,0,,Not Churned
CUST07639,1,2026-08-29,High Price
CUST07640,0,,Not Churned
CUST07641,0,,Not Churned
CUST07642,1,2026-03-28,Other
CUST07643,1,2026-07-15,Other
CUST07644,1,2026-06-22,Competitor
CUST07645,0,,Not Churned
CUST07646,1,2026-07-29,High Price
CUST07647,1,2026-05-18,Competitor
CUST07648,0,,Not Churned
CUST07649,0,,Not Churned
CUST07650,0,,Not Churned
CUST07651,0,,Not Churned
CUST07652,0,,Not Churned
CUST07653,0,,Not Churned
CUST07654,0,,Not Churned
CUST07655,1,2026-03-01,Other
CUST07656,0,,Not Churned
CUST07657,1,2026-05-29,Competitor
CUST07658,0,,Not Churned
CUST07659,1,2026-03-28,Customer Support
CUST07660,1,2026-04-05,High Price
CUST07661,0,,Not Churned
CUST07662,0,,Not Churned
CUST07663,0,,Not Churned
CUST07664,0,,Not Churned
CUST07665,0,,Not Churned
CUST07666,0,,Not Churned
CUST07667,1,2026-05-22,Other
CUST07668,0,,Not Churned
CUST07669,0,,Not Churned
CUST07670,0,,Not Churned
CUST07671,1,2026-08-06,Competitor
CUST07672,0,,Not Churned
CUST07673,1,2026-03-30,High Price
CUST07674,0,,Not Churned
CUST07675,1,2026-03-08,Technical Issues
CUST07676,0,,Not Churned
CUST07677,1,2026-07-05,High Price
CUST07678,0,,Not Churned
CUST07679,0,,Not Churned
CUST07680,0,,Not Churned
CUST07681,0,,Not Churned
CUST07682,1,2026-02-04,Not Using Product
CUST07683,1,2026-04-09,Technical Issues
CUST07684,0,,Not Churned
CUST07685,0,,Not Churned
CUST07686,0,,Not Churned
CUST07687,1,2026-03-27,Technical Issues
CUST07688,0,,Not Churned
CUST07689,0,,Not Churned
CUST07690,1,2026-04-01,Competitor
CUST07691,0,,Not Churned
CUST07692,1,2026-02-01,Competitor
CUST07693,0,,Not Churned
CUST07694,0,,Not Churned
CUST07695,0,,Not Churned
CUST07696,0,,Not Churned
CUST07697,0,,Not Churned
CUST07698,1,2026-07-29,Not Using Product
CUST07699,1,2026-07-19,Competitor
CUST07700,0,,Not Churned
CUST07701,0,,Not Churned
CUST07702,0,,Not Churned
CUST07703,0,,Not Churned
CUST07704,0,,Not Churned
CUST07705,0,,Not Churned
CUST07706,0,,Not Churned
CUST07707,1,2026-04-18,Technical Issues
CUST07708,0,,Not Churned
CUST07709,0,,Not Churned
CUST07710,1,2026-02-12,Other
CUST07711,0,,Not Churned
CUST07712,0,,Not Churned
CUST07713,0,,Not Churned
CUST07714,0,,Not Churned
CUST07715,1,2026-06-20,Competitor
CUST07716,0,,Not Churned
CUST07717,1,2026-05-16,Technical Issues
CUST07718,1,2026-03-10,Customer Support
CUST07719,1,2026-04-15,Technical Issues
CUST07720,0,,Not Churned
CUST07721,1,2026-06-02,Technical Issues
CUST07722,1,2026-06-29,Poor Service
CUST07723,0,,Not Churned
CUST07724,1,2026-02-07,High Price
CUST07725,1,2026-03-31,Customer Support
CUST07726,0,,Not Churned
CUST07727,0,,Not Churned
CUST07728,0,,Not Churned
CUST07729,0,,Not Churned
CUST07730,0,,Not Churned
CUST07731,1,2026-01-06,Not Using Product
CUST07732,1,2026-08-21,Competitor
CUST07733,0,,Not Churned
CUST07734,0,,Not Churned
CUST07735,1,2026-06-30,High Price
CUST07736,1,2026-01-18,Other
CUST07737,1,2026-03-08,Not Using Product
CUST07738,1,2026-04-16,Not Using Product
CUST07739,1,2026-05-26,Not Using Product
CUST07740,1,2026-06-25,Other
CUST07741,1,2026-01-14,Technical Issues
CUST07742,0,,Not Churned
CUST07743,0,,Not Churned
CUST07744,0,,Not Churned
CUST07745,1,2026-07-16,High Price
CUST07746,1,2026-07-01,High Price
CUST07747,1,2026-02-11,Customer Support
CUST07748,0,,Not Churned
CUST07749,1,2026-06-11,Competitor
CUST07750,0,,Not Churned
CUST07751,0,,Not Churned
CUST07752,1,2026-07-01,Customer Support
CUST07753,0,,Not Churned
CUST07754,0,,Not Churned
CUST07755,0,,Not Churned
CUST07756,1,2026-06-22,Competitor
CUST07757,0,,Not Churned
CUST07758,0,,Not Churned
CUST07759,0,,Not Churned
CUST07760,1,2026-08-22,Not Using Product
CUST07761,0,,Not Churned
CUST07762,0,,Not Churned
CUST07763,1,2026-04-08,Technical Issues
CUST07764,0,,Not Churned
CUST07765,1,2026-08-02,Customer Support
CUST07766,0,,Not Churned
CUST07767,0,,Not Churned
CUST07768,0,,Not Churned
CUST07769,0,,Not Churned
CUST07770,1,2026-01-29,Technical Issues
CUST07771,0,,Not Churned
CUST07772,1,2026-05-29,Other
CUST07773,0,,Not Churned
CUST07774,0,,Not Churned
CUST07775,0,,Not Churned
CUST07776,1,2026-08-05,Poor Service
CUST07777,0,,Not Churned
CUST07778,1,2026-04-09,Technical Issues
CUST07779,0,,Not Churned
CUST07780,0,,Not Churned
CUST07781,0,,Not Churned
CUST07782,0,,Not Churned
CUST07783,0,,Not Churned
CUST07784,0,,Not Churned
CUST07785,0,,Not Churned
CUST07786,0,,Not Churned
CUST07787,0,,Not Churned
CUST07788,1,2026-01-15,Customer Support
CUST07789,0,,Not Churned
CUST07790,1,2026-02-28,Customer Support
CUST07791,0,,Not Churned
CUST07792,1,2026-06-12,Technical Issues
CUST07793,1,2026-02-28,Other
CUST07794,1,2026-06-25,High Price
CUST07795,0,,Not Churned
CUST07796,0,,Not Churned
CUST07797,1,2026-05-02,Not Using Product
CUST07798,0,,Not Churned
CUST07799,0,,Not Churned
CUST07800,0,,Not Churned
CUST07801,0,,Not Churned
CUST07802,0,,Not Churned
CUST07803,0,,Not Churned
CUST07804,1,2026-06-08,Not Using Product
CUST07805,0,,Not Churned
CUST07806,1,2026-02-08,Not Using Product
CUST07807,0,,Not Churned
CUST07808,0,,Not Churned
CUST07809,0,,Not Churned
CUST07810,0,,Not Churned
CUST07811,0,,Not Churned
CUST07812,0,,Not Churned
CUST07813,0,,Not Churned
CUST07814,0,,Not Churned
CUST07815,0,,Not Churned
CUST07816,1,2026-01-15,Other
CUST07817,0,,Not Churned
CUST07818,0,,Not Churned
CUST07819,0,,Not Churned
CUST07820,0,,Not Churned
CUST07821,1,2026-01-28,Not Using Product
CUST07822,0,,Not Churned
CUST07823,0,,Not Churned
CUST07824,1,2026-04-02,Customer Support
CUST07825,1,2026-06-11,Other
CUST07826,1,2026-04-22,Competitor
CUST07827,1,2026-04-18,High Price
CUST07828,0,,Not Churned
CUST07829,0,,Not Churned
CUST07830,0,,Not Churned
CUST07831,0,,Not Churned
CUST07832,1,2026-03-08,Technical Issues
CUST07833,0,,Not Churned
CUST07834,0,,Not Churned
CUST07835,0,,Not Churned
CUST07836,0,,Not Churned
CUST07837,0,,Not Churned
CUST07838,1,2026-05-19,High Price
CUST07839,1,2026-06-17,Not Using Product
CUST07840,1,2026-06-03,Not Using Product
CUST07841,0,,Not Churned
CUST07842,0,,Not Churned
CUST07843,0,,Not Churned
CUST07844,1,2026-04-21,Not Using Product
CUST07845,1,2026-01-27,High Price
CUST07846,1,2026-01-26,Not Using Product
CUST07847,0,,Not Churned
CUST07848,1,2026-04-01,Other
CUST07849,0,,Not Churned
CUST07850,0,,Not Churned
CUST07851,0,,Not Churned
CUST07852,1,2026-07-22,Not Using Product
CUST07853,0,,Not Churned
CUST07854,0,,Not Churned
CUST07855,1,2026-07-31,Customer Support
CUST07856,0,,Not Churned
CUST07857,1,2026-07-23,Technical Issues
CUST07858,1,2026-07-24,Competitor
CUST07859,1,2026-07-04,Customer Support
CUST07860,0,,Not Churned
CUST07861,1,2026-05-23,Customer Support
CUST07862,0,,Not Churned
CUST07863,0,,Not Churned
CUST07864,0,,Not Churned
CUST07865,0,,Not Churned
CUST07866,1,2026-01-18,Poor Service
CUST07867,0,,Not Churned
CUST07868,0,,Not Churned
CUST07869,0,,Not Churned
CUST07870,1,2026-05-07,Technical Issues
CUST07871,0,,Not Churned
CUST07872,1,2026-05-30,Technical Issues
CUST07873,1,2026-03-13,Technical Issues
CUST07874,1,2026-06-27,Not Using Product
CUST07875,0,,Not Churned
CUST07876,1,2026-05-15,Technical Issues
CUST07877,0,,Not Churned
CUST07878,1,2026-07-18,Not Using Product
CUST07879,0,,Not Churned
CUST07880,0,,Not Churned
CUST07881,0,,Not Churned
CUST07882,0,,Not Churned
CUST07883,0,,Not Churned
CUST07884,0,,Not Churned
CUST07885,0,,Not Churned
CUST07886,1,2026-04-14,Competitor
CUST07887,0,,Not Churned
CUST07888,1,2026-08-03,Other
CUST07889,0,,Not Churned
CUST07890,0,,Not Churned
CUST07891,0,,Not Churned
CUST07892,1,2026-02-28,Poor Service
CUST07893,1,2026-05-26,Competitor
CUST07894,0,,Not Churned
CUST07895,0,,Not Churned
CUST07896,0,,Not Churned
CUST07897,0,,Not Churned
CUST07898,1,2026-08-27,Other
CUST07899,1,2026-04-13,Technical Issues
CUST07900,0,,Not Churned
CUST07901,1,2026-05-12,Customer Support
CUST07902,0,,Not Churned
CUST07903,0,,Not Churned
CUST07904,0,,Not Churned
CUST07905,0,,Not Churned
CUST07906,0,,Not Churned
CUST07907,1,2026-08-11,Competitor
CUST07908,0,,Not Churned
CUST07909,0,,Not Churned
CUST07910,0,,Not Churned
CUST07911,0,,Not Churned
CUST07912,0,,Not Churned
CUST07913,0,,Not Churned
CUST07914,1,2026-07-28,Poor Service
CUST07915,0,,Not Churned
CUST07916,1,2026-06-24,Not Using Product
CUST07917,1,2026-08-28,Customer Support
CUST07918,0,,Not Churned
CUST07919,0,,Not Churned
CUST07920,0,,Not Churned
CUST07921,1,2026-07-01,Poor Service
CUST07922,0,,Not Churned
CUST07923,0,,Not Churned
CUST07924,0,,Not Churned
CUST07925,0,,Not Churned
CUST07926,1,2026-04-20,High Price
CUST07927,0,,Not Churned
CUST07928,0,,Not Churned
CUST07929,1,2026-05-10,Customer Support
CUST07930,0,,Not Churned
CUST07931,0,,Not Churned
CUST07932,0,,Not Churned
CUST07933,1,2026-08-21,Not Using Product
CUST07934,0,,Not Churned
CUST07935,0,,Not Churned
CUST07936,0,,Not Churned
CUST07937,0,,Not Churned
CUST07938,1,2026-04-18,Not Using Product
CUST07939,0,,Not Churned
CUST07940,0,,Not Churned
CUST07941,0,,Not Churned
CUST07942,0,,Not Churned
CUST07943,0,,Not Churned
CUST07944,0,,Not Churned
CUST07945,0,,Not Churned
CUST07946,0,,Not Churned
CUST07947,0,,Not Churned
CUST07948,0,,Not Churned
CUST07949,0,,Not Churned
CUST07950,1,2026-07-23,Poor Service
CUST07951,1,2026-02-12,Other
CUST07952,1,2026-04-06,Other
CUST07953,0,,Not Churned
CUST07954,1,2026-04-27,High Price
CUST07955,1,2026-06-16,Technical Issues
CUST07956,0,,Not Churned
CUST07957,1,2026-04-26,Competitor
CUST07958,1,2026-08-26,Technical Issues
CUST07959,1,2026-02-05,High Price
CUST07960,0,,Not Churned
CUST07961,0,,Not Churned
CUST07962,0,,Not Churned
CUST07963,1,2026-04-01,Poor Service
CUST07964,1,2026-03-27,Competitor
CUST07965,0,,Not Churned
CUST07966,0,,Not Churned
CUST07967,0,,Not Churned
CUST07968,0,,Not Churned
CUST07969,0,,Not Churned
CUST07970,0,,Not Churned
CUST07971,0,,Not Churned
CUST07972,1,2026-06-25,High Price
CUST07973,0,,Not Churned
CUST07974,0,,Not Churned
CUST07975,0,,Not Churned
CUST07976,0,,Not Churned
CUST07977,1,2026-07-21,Technical Issues
CUST07978,1,2026-02-15,Other
CUST07979,1,2026-06-23,Customer Support
CUST07980,0,,Not Churned
CUST07981,1,2026-01-09,Other
CUST07982,0,,Not Churned
CUST07983,0,,Not Churned
CUST07984,0,,Not Churned
CUST07985,0,,Not Churned
CUST07986,0,,Not Churned
CUST07987,1,2026-04-03,Customer Support
CUST07988,0,,Not Churned
CUST07989,0,,Not Churned
CUST07990,1,2026-08-09,Other
CUST07991,0,,Not Churned
CUST07992,1,2026-08-07,Poor Service
CUST07993,0,,Not Churned
CUST07994,1,2026-08-08,Poor Service
CUST07995,0,,Not Churned
CUST07996,0,,Not Churned
CUST07997,0,,Not Churned
CUST07998,0,,Not Churned
CUST07999,0,,Not Churned
CUST08000,0,,Not Churned
CUST08001,0,,Not Churned
CUST08002,0,,Not Churned
CUST08003,1,2026-01-10,Customer Support
CUST08004,0,,Not Churned
CUST08005,1,2026-01-13,Other
CUST08006,0,,Not Churned
CUST08007,0,,Not Churned
CUST08008,1,2026-02-11,Other
CUST08009,0,,Not Churned
CUST08010,0,,Not Churned
CUST08011,0,,Not Churned
CUST08012,0,,Not Churned
CUST08013,0,,Not Churned
CUST08014,1,2026-01-22,Not Using Product
CUST08015,0,,Not Churned
CUST08016,0,,Not Churned
CUST08017,0,,Not Churned
CUST08018,0,,Not Churned
CUST08019,1,2026-01-17,Competitor
CUST08020,1,2026-04-24,High Price
CUST08021,0,,Not Churned
CUST08022,0,,Not Churned
CUST08023,0,,Not Churned
CUST08024,1,2026-04-24,Customer Support
CUST08025,0,,Not Churned
CUST08026,0,,Not Churned
CUST08027,0,,Not Churned
CUST08028,1,2026-06-14,Technical Issues
CUST08029,0,,Not Churned
CUST08030,0,,Not Churned
CUST08031,1,2026-04-17,Customer Support
CUST08032,0,,Not Churned
CUST08033,0,,Not Churned
CUST08034,0,,Not Churned
CUST08035,0,,Not Churned
CUST08036,0,,Not Churned
CUST08037,0,,Not Churned
CUST08038,0,,Not Churned
CUST08039,0,,Not Churned
CUST08040,0,,Not Churned
CUST08041,1,2026-08-30,Technical Issues
CUST08042,0,,Not Churned
CUST08043,0,,Not Churned
CUST08044,1,2026-01-21,Technical Issues
CUST08045,0,,Not Churned
CUST08046,0,,Not Churned
CUST08047,0,,Not Churned
CUST08048,0,,Not Churned
CUST08049,0,,Not Churned
CUST08050,0,,Not Churned
CUST08051,0,,Not Churned
CUST08052,1,2026-08-09,Poor Service
CUST08053,1,2026-01-08,Customer Support
CUST08054,0,,Not Churned
CUST08055,0,,Not Churned
CUST08056,0,,Not Churned
CUST08057,0,,Not Churned
CUST08058,1,2026-07-26,Competitor
CUST08059,0,,Not Churned
CUST08060,1,2026-05-05,High Price
CUST08061,1,2026-07-04,Poor Service
CUST08062,0,,Not Churned
CUST08063,1,2026-02-25,Competitor
CUST08064,0,,Not Churned
CUST08065,0,,Not Churned
CUST08066,0,,Not Churned
CUST08067,1,2026-07-29,Other
CUST08068,0,,Not Churned
CUST08069,0,,Not Churned
CUST08070,1,2026-01-08,Other
CUST08071,1,2026-04-16,Technical Issues
CUST08072,0,,Not Churned
CUST08073,0,,Not Churned
CUST08074,0,,Not Churned
CUST08075,1,2026-01-07,Not Using Product
CUST08076,0,,Not Churned
CUST08077,0,,Not Churned
CUST08078,1,2026-07-26,Technical Issues
CUST08079,1,2026-07-09,High Price
CUST08080,0,,Not Churned
CUST08081,1,2026-03-08,Technical Issues
CUST08082,0,,Not Churned
CUST08083,0,,Not Churned
CUST08084,0,,Not Churned
CUST08085,0,,Not Churned
CUST08086,0,,Not Churned
CUST08087,0,,Not Churned
CUST08088,0,,Not Churned
CUST08089,1,2026-08-24,High Price
CUST08090,0,,Not Churned
CUST08091,1,2026-01-31,Not Using Product
CUST08092,0,,Not Churned
CUST08093,0,,Not Churned
CUST08094,0,,Not Churned
CUST08095,0,,Not Churned
CUST08096,0,,Not Churned
CUST08097,0,,Not Churned
CUST08098,0,,Not Churned
CUST08099,0,,Not Churned
CUST08100,0,,Not Churned
CUST08101,1,2026-07-29,Technical Issues
CUST08102,0,,Not Churned
CUST08103,1,2026-07-19,High Price
CUST08104,1,2026-06-28,Other
CUST08105,0,,Not Churned
CUST08106,0,,Not Churned
CUST08107,0,,Not Churned
CUST08108,0,,Not Churned
CUST08109,1,2026-03-10,High Price
CUST08110,1,2026-08-18,High Price
CUST08111,0,,Not Churned
CUST08112,1,2026-06-09,Other
CUST08113,0,,Not Churned
CUST08114,0,,Not Churned
CUST08115,0,,Not Churned
CUST08116,0,,Not Churned
CUST08117,1,2026-03-10,Other
CUST08118,0,,Not Churned
CUST08119,0,,Not Churned
CUST08120,1,2026-01-10,Not Using Product
CUST08121,0,,Not Churned
CUST08122,0,,Not Churned
CUST08123,1,2026-01-31,Competitor
CUST08124,0,,Not Churned
CUST08125,1,2026-05-26,High Price
CUST08126,0,,Not Churned
CUST08127,0,,Not Churned
CUST08128,1,2026-01-05,Competitor
CUST08129,0,,Not Churned
CUST08130,0,,Not Churned
CUST08131,1,2026-01-19,Technical Issues
CUST08132,0,,Not Churned
CUST08133,0,,Not Churned
CUST08134,1,2026-05-11,Customer Support
CUST08135,1,2026-03-09,High Price
CUST08136,1,2026-06-09,Not Using Product
CUST08137,1,2026-01-28,Competitor
CUST08138,0,,Not Churned
CUST08139,1,2026-03-23,High Price
CUST08140,0,,Not Churned
CUST08141,0,,Not Churned
CUST08142,0,,Not Churned
CUST08143,0,,Not Churned
CUST08144,0,,Not Churned
CUST08145,0,,Not Churned
CUST08146,0,,Not Churned
CUST08147,0,,Not Churned
CUST08148,0,,Not Churned
CUST08149,0,,Not Churned
CUST08150,1,2026-06-07,High Price
CUST08151,0,,Not Churned
CUST08152,1,2026-05-23,Poor Service
CUST08153,0,,Not Churned
CUST08154,0,,Not Churned
CUST08155,1,2026-05-15,Competitor
CUST08156,1,2026-04-19,Not Using Product
CUST08157,0,,Not Churned
CUST08158,0,,Not Churned
CUST08159,0,,Not Churned
CUST08160,0,,Not Churned
CUST08161,0,,Not Churned
CUST08162,1,2026-05-17,Not Using Product
CUST08163,0,,Not Churned
CUST08164,0,,Not Churned
CUST08165,0,,Not Churned
CUST08166,0,,Not Churned
CUST08167,0,,Not Churned
CUST08168,0,,Not Churned
CUST08169,1,2026-04-14,Not Using Product
CUST08170,1,2026-03-31,High Price
CUST08171,1,2026-01-08,Poor Service
CUST08172,0,,Not Churned
CUST08173,0,,Not Churned
CUST08174,0,,Not Churned
CUST08175,0,,Not Churned
CUST08176,0,,Not Churned
CUST08177,0,,Not Churned
CUST08178,1,2026-08-13,Customer Support
CUST08179,0,,Not Churned
CUST08180,0,,Not Churned
CUST08181,0,,Not Churned
CUST08182,0,,Not Churned
CUST08183,0,,Not Churned
CUST08184,0,,Not Churned
CUST08185,0,,Not Churned
CUST08186,0,,Not Churned
CUST08187,0,,Not Churned
CUST08188,0,,Not Churned
CUST08189,0,,Not Churned
CUST08190,0,,Not Churned
CUST08191,0,,Not Churned
CUST08192,0,,Not Churned
CUST08193,0,,Not Churned
CUST08194,0,,Not Churned
CUST08195,0,,Not Churned
CUST08196,0,,Not Churned
CUST08197,0,,Not Churned
CUST08198,0,,Not Churned
CUST08199,0,,Not Churned
CUST08200,0,,Not Churned
CUST08201,0,,Not Churned
CUST08202,0,,Not Churned
CUST08203,0,,Not Churned
CUST08204,0,,Not Churned
CUST08205,0,,Not Churned
CUST08206,1,2026-08-09,Other
CUST08207,0,,Not Churned
CUST08208,1,2026-05-02,Other
CUST08209,0,,Not Churned
CUST08210,0,,Not Churned
CUST08211,0,,Not Churned
CUST08212,0,,Not Churned
CUST08213,0,,Not Churned
CUST08214,0,,Not Churned
CUST08215,1,2026-08-23,Customer Support
CUST08216,1,2026-08-05,High Price
CUST08217,1,2026-02-11,High Price
CUST08218,0,,Not Churned
CUST08219,1,2026-03-13,High Price
CUST08220,0,,Not Churned
CUST08221,1,2026-08-30,Competitor
CUST08222,0,,Not Churned
CUST08223,0,,Not Churned
CUST08224,0,,Not Churned
CUST08225,1,2026-06-24,Customer Support
CUST08226,0,,Not Churned
CUST08227,1,2026-02-12,High Price
CUST08228,0,,Not Churned
CUST08229,0,,Not Churned
CUST08230,1,2026-02-26,Other
CUST08231,1,2026-04-11,Competitor
CUST08232,0,,Not Churned
CUST08233,0,,Not Churned
CUST08234,0,,Not Churned
CUST08235,1,2026-08-18,Technical Issues
CUST08236,0,,Not Churned
CUST08237,0,,Not Churned
CUST08238,0,,Not Churned
CUST08239,0,,Not Churned
CUST08240,0,,Not Churned
CUST08241,0,,Not Churned
CUST08242,0,,Not Churned
CUST08243,0,,Not Churned
CUST08244,1,2026-01-12,High Price
CUST08245,1,2026-02-28,High Price
CUST08246,0,,Not Churned
CUST08247,0,,Not Churned
CUST08248,0,,Not Churned
CUST08249,0,,Not Churned
CUST08250,1,2026-04-08,Technical Issues
CUST08251,0,,Not Churned
CUST08252,0,,Not Churned
CUST08253,1,2026-03-13,Competitor
CUST08254,1,2026-02-08,Technical Issues
CUST08255,1,2026-03-10,Technical Issues
CUST08256,0,,Not Churned
CUST08257,0,,Not Churned
CUST08258,1,2026-06-30,Technical Issues
CUST08259,0,,Not Churned
CUST08260,0,,Not Churned
CUST08261,0,,Not Churned
CUST08262,0,,Not Churned
CUST08263,1,2026-06-04,High Price
CUST08264,0,,Not Churned
CUST08265,0,,Not Churned
CUST08266,0,,Not Churned
CUST08267,1,2026-08-25,Poor Service
CUST08268,1,2026-02-17,Other
CUST08269,1,2026-04-28,Competitor
CUST08270,1,2026-06-16,Competitor
CUST08271,1,2026-04-11,Customer Support
CUST08272,0,,Not Churned
CUST08273,0,,Not Churned
CUST08274,0,,Not Churned
CUST08275,0,,Not Churned
CUST08276,0,,Not Churned
CUST08277,0,,Not Churned
CUST08278,0,,Not Churned
CUST08279,0,,Not Churned
CUST08280,0,,Not Churned
CUST08281,0,,Not Churned
CUST08282,0,,Not Churned
CUST08283,1,2026-06-10,Competitor
CUST08284,0,,Not Churned
CUST08285,1,2026-08-16,Competitor
CUST08286,1,2026-06-16,Not Using Product
CUST08287,0,,Not Churned
CUST08288,1,2026-07-16,Competitor
CUST08289,1,2026-03-26,Technical Issues
CUST08290,0,,Not Churned
CUST08291,1,2026-01-14,Other
CUST08292,0,,Not Churned
CUST08293,0,,Not Churned
CUST08294,0,,Not Churned
CUST08295,0,,Not Churned
CUST08296,0,,Not Churned
CUST08297,0,,Not Churned
CUST08298,0,,Not Churned
CUST08299,0,,Not Churned
CUST08300,0,,Not Churned
CUST08301,0,,Not Churned
CUST08302,0,,Not Churned
CUST08303,0,,Not Churned
CUST08304,0,,Not Churned
CUST08305,0,,Not Churned
CUST08306,1,2026-06-19,Technical Issues
CUST08307,0,,Not Churned
CUST08308,0,,Not Churned
CUST08309,0,,Not Churned
CUST08310,0,,Not Churned
CUST08311,0,,Not Churned
CUST08312,0,,Not Churned
CUST08313,1,2026-06-23,Technical Issues
CUST08314,1,2026-03-20,Competitor
CUST08315,1,2026-05-15,Poor Service
CUST08316,0,,Not Churned
CUST08317,0,,Not Churned
CUST08318,1,2026-07-15,Other
CUST08319,0,,Not Churned
CUST08320,0,,Not Churned
CUST08321,0,,Not Churned
CUST08322,0,,Not Churned
CUST08323,1,2026-05-29,Customer Support
CUST08324,1,2026-05-20,Other
CUST08325,1,2026-03-25,High Price
CUST08326,0,,Not Churned
CUST08327,0,,Not Churned
CUST08328,1,2026-02-25,Competitor
CUST08329,0,,Not Churned
CUST08330,0,,Not Churned
CUST08331,0,,Not Churned
CUST08332,0,,Not Churned
CUST08333,0,,Not Churned
CUST08334,0,,Not Churned
CUST08335,0,,Not Churned
CUST08336,1,2026-01-25,Not Using Product
CUST08337,0,,Not Churned
CUST08338,0,,Not Churned
CUST08339,1,2026-05-09,Competitor
CUST08340,0,,Not Churned
CUST08341,0,,Not Churned
CUST08342,0,,Not Churned
CUST08343,1,2026-02-04,Not Using Product
CUST08344,0,,Not Churned
CUST08345,0,,Not Churned
CUST08346,1,2026-03-01,Poor Service
CUST08347,0,,Not Churned
CUST08348,1,2026-03-11,Competitor
CUST08349,0,,Not Churned
CUST08350,1,2026-02-05,Customer Support
CUST08351,0,,Not Churned
CUST08352,0,,Not Churned
CUST08353,0,,Not Churned
CUST08354,1,2026-04-28,Poor Service
CUST08355,0,,Not Churned
CUST08356,0,,Not Churned
CUST08357,0,,Not Churned
CUST08358,0,,Not Churned
CUST08359,0,,Not Churned
CUST08360,0,,Not Churned
CUST08361,0,,Not Churned
CUST08362,0,,Not Churned
CUST08363,1,2026-06-03,Poor Service
CUST08364,0,,Not Churned
CUST08365,0,,Not Churned
CUST08366,1,2026-07-15,Competitor
CUST08367,0,,Not Churned
CUST08368,1,2026-04-16,High Price
CUST08369,0,,Not Churned
CUST08370,0,,Not Churned
CUST08371,1,2026-05-15,Competitor
CUST08372,0,,Not Churned
CUST08373,0,,Not Churned
CUST08374,1,2026-06-03,Other
CUST08375,0,,Not Churned
CUST08376,0,,Not Churned
CUST08377,1,2026-03-26,Technical Issues
CUST08378,0,,Not Churned
CUST08379,1,2026-01-20,Customer Support
CUST08380,0,,Not Churned
CUST08381,0,,Not Churned
CUST08382,0,,Not Churned
CUST08383,0,,Not Churned
CUST08384,1,2026-03-28,Technical Issues
CUST08385,0,,Not Churned
CUST08386,0,,Not Churned
CUST08387,1,2026-07-04,Other
CUST08388,0,,Not Churned
CUST08389,0,,Not Churned
CUST08390,1,2026-03-18,Other
CUST08391,0,,Not Churned
CUST08392,1,2026-04-06,Other
CUST08393,1,2026-04-01,Competitor
CUST08394,1,2026-05-18,High Price
CUST08395,0,,Not Churned
CUST08396,0,,Not Churned
CUST08397,1,2026-08-03,Not Using Product
CUST08398,1,2026-04-21,High Price
CUST08399,0,,Not Churned
CUST08400,0,,Not Churned
CUST08401,0,,Not Churned
CUST08402,0,,Not Churned
CUST08403,0,,Not Churned
CUST08404,0,,Not Churned
CUST08405,0,,Not Churned
CUST08406,1,2026-01-20,Other
CUST08407,0,,Not Churned
CUST08408,1,2026-04-22,Technical Issues
CUST08409,0,,Not Churned
CUST08410,0,,Not Churned
CUST08411,0,,Not Churned
CUST08412,0,,Not Churned
CUST08413,0,,Not Churned
CUST08414,0,,Not Churned
CUST08415,0,,Not Churned
CUST08416,1,2026-04-14,High Price
CUST08417,0,,Not Churned
CUST08418,0,,Not Churned
CUST08419,0,,Not Churned
CUST08420,1,2026-03-21,Competitor
CUST08421,0,,Not Churned
CUST08422,0,,Not Churned
CUST08423,0,,Not Churned
CUST08424,0,,Not Churned
CUST08425,0,,Not Churned
CUST08426,0,,Not Churned
CUST08427,0,,Not Churned
CUST08428,0,,Not Churned
CUST08429,0,,Not Churned
CUST08430,0,,Not Churned
CUST08431,0,,Not Churned
CUST08432,1,2026-03-04,High Price
CUST08433,0,,Not Churned
CUST08434,1,2026-02-15,Competitor
CUST08435,0,,Not Churned
CUST08436,0,,Not Churned
CUST08437,0,,Not Churned
CUST08438,0,,Not Churned
CUST08439,1,2026-01-16,Competitor
CUST08440,0,,Not Churned
CUST08441,0,,Not Churned
CUST08442,0,,Not Churned
CUST08443,0,,Not Churned
CUST08444,0,,Not Churned
CUST08445,0,,Not Churned
CUST08446,1,2026-04-01,Customer Support
CUST08447,0,,Not Churned
CUST08448,0,,Not Churned
CUST08449,0,,Not Churned
CUST08450,0,,Not Churned
CUST08451,0,,Not Churned
CUST08452,1,2026-08-22,Other
CUST08453,0,,Not Churned
CUST08454,0,,Not Churned
CUST08455,1,2026-02-20,Customer Support
CUST08456,0,,Not Churned
CUST08457,1,2026-01-11,Competitor
CUST08458,0,,Not Churned
CUST08459,1,2026-08-11,Poor Service
CUST08460,1,2026-07-20,Poor Service
CUST08461,0,,Not Churned
CUST08462,1,2026-02-28,Customer Support
CUST08463,1,2026-07-14,Customer Support
CUST08464,0,,Not Churned
CUST08465,1,2026-03-22,Technical Issues
CUST08466,0,,Not Churned
CUST08467,0,,Not Churned
CUST08468,1,2026-02-01,Other
CUST08469,0,,Not Churned
CUST08470,0,,Not Churned
CUST08471,0,,Not Churned
CUST08472,1,2026-06-11,Customer Support
CUST08473,1,2026-04-07,Customer Support
CUST08474,1,2026-01-10,Customer Support
CUST08475,1,2026-02-22,Poor Service
CUST08476,0,,Not Churned
CUST08477,1,2026-03-03,Competitor
CUST08478,1,2026-07-06,Customer Support
CUST08479,0,,Not Churned
CUST08480,1,2026-04-23,Other
CUST08481,0,,Not Churned
CUST08482,1,2026-07-07,Poor Service
CUST08483,0,,Not Churned
CUST08484,0,,Not Churned
CUST08485,0,,Not Churned
CUST08486,0,,Not Churned
CUST08487,0,,Not Churned
CUST08488,0,,Not Churned
CUST08489,1,2026-07-12,Other
CUST08490,1,2026-07-13,Customer Support
CUST08491,1,2026-08-13,High Price
CUST08492,1,2026-06-17,Customer Support
CUST08493,0,,Not Churned
CUST08494,1,2026-01-28,High Price
CUST08495,0,,Not Churned
CUST08496,0,,Not Churned
CUST08497,1,2026-08-10,Not Using Product
CUST08498,1,2026-02-05,Technical Issues
CUST08499,1,2026-06-16,Not Using Product
CUST08500,0,,Not Churned
CUST08501,1,2026-03-17,High Price
CUST08502,1,2026-06-24,High Price
CUST08503,1,2026-02-04,Competitor
CUST08504,0,,Not Churned
CUST08505,1,2026-08-12,Not Using Product
CUST08506,0,,Not Churned
CUST08507,1,2026-03-31,Competitor
CUST08508,0,,Not Churned
CUST08509,0,,Not Churned
CUST08510,1,2026-07-14,Other
CUST08511,0,,Not Churned
CUST08512,1,2026-01-18,Not Using Product
CUST08513,1,2026-05-01,Not Using Product
CUST08514,1,2026-06-19,Other
CUST08515,0,,Not Churned
CUST08516,0,,Not Churned
CUST08517,1,2026-03-29,High Price
CUST08518,1,2026-01-10,Competitor
CUST08519,0,,Not Churned
CUST08520,0,,Not Churned
CUST08521,0,,Not Churned
CUST08522,0,,Not Churned
CUST08523,0,,Not Churned
CUST08524,0,,Not Churned
CUST08525,0,,Not Churned
CUST08526,0,,Not Churned
CUST08527,1,2026-03-17,Poor Service
CUST08528,0,,Not Churned
CUST08529,0,,Not Churned
CUST08530,0,,Not Churned
CUST08531,1,2026-04-11,Not Using Product
CUST08532,0,,Not Churned
CUST08533,1,2026-07-28,Competitor
CUST08534,0,,Not Churned
CUST08535,0,,Not Churned
CUST08536,1,2026-04-06,Poor Service
CUST08537,1,2026-08-04,Poor Service
CUST08538,0,,Not Churned
CUST08539,0,,Not Churned
CUST08540,0,,Not Churned
CUST08541,0,,Not Churned
CUST08542,0,,Not Churned
CUST08543,0,,Not Churned
CUST08544,0,,Not Churned
CUST08545,1,2026-07-02,High Price
CUST08546,1,2026-02-08,Competitor
CUST08547,0,,Not Churned
CUST08548,0,,Not Churned
CUST08549,1,2026-06-29,High Price
CUST08550,0,,Not Churned
CUST08551,0,,Not Churned
CUST08552,0,,Not Churned
CUST08553,1,2026-04-16,Other
CUST08554,1,2026-08-23,Poor Service
CUST08555,0,,Not Churned
CUST08556,0,,Not Churned
CUST08557,0,,Not Churned
CUST08558,1,2026-03-10,Customer Support
CUST08559,0,,Not Churned
CUST08560,1,2026-07-05,Not Using Product
CUST08561,0,,Not Churned
CUST08562,0,,Not Churned
CUST08563,0,,Not Churned
CUST08564,1,2026-01-12,Other
CUST08565,0,,Not Churned
CUST08566,0,,Not Churned
CUST08567,1,2026-08-02,Not Using Product
CUST08568,0,,Not Churned
CUST08569,0,,Not Churned
CUST08570,1,2026-04-19,Not Using Product
CUST08571,0,,Not Churned
CUST08572,0,,Not Churned
CUST08573,1,2026-08-20,Customer Support
CUST08574,1,2026-02-11,Other
CUST08575,0,,Not Churned
CUST08576,0,,Not Churned
CUST08577,0,,Not Churned
CUST08578,0,,Not Churned
CUST08579,1,2026-05-13,Technical Issues
CUST08580,1,2026-07-12,Technical Issues
CUST08581,0,,Not Churned
CUST08582,0,,Not Churned
CUST08583,0,,Not Churned
CUST08584,1,2026-02-11,Poor Service
CUST08585,0,,Not Churned
CUST08586,0,,Not Churned
CUST08587,0,,Not Churned
CUST08588,0,,Not Churned
CUST08589,0,,Not Churned
CUST08590,0,,Not Churned
CUST08591,0,,Not Churned
CUST08592,0,,Not Churned
CUST08593,0,,Not Churned
CUST08594,0,,Not Churned
CUST08595,0,,Not Churned
CUST08596,0,,Not Churned
CUST08597,0,,Not Churned
CUST08598,0,,Not Churned
CUST08599,1,2026-07-12,Competitor
CUST08600,0,,Not Churned
CUST08601,0,,Not Churned
CUST08602,0,,Not Churned
CUST08603,1,2026-04-04,Competitor
CUST08604,0,,Not Churned
CUST08605,1,2026-01-05,Competitor
CUST08606,0,,Not Churned
CUST08607,1,2026-02-02,Other
CUST08608,0,,Not Churned
CUST08609,1,2026-07-03,Poor Service
CUST08610,0,,Not Churned
CUST08611,0,,Not Churned
CUST08612,0,,Not Churned
CUST08613,0,,Not Churned
CUST08614,0,,Not Churned
CUST08615,1,2026-04-04,High Price
CUST08616,0,,Not Churned
CUST08617,0,,Not Churned
CUST08618,1,2026-01-15,Technical Issues
CUST08619,0,,Not Churned
CUST08620,0,,Not Churned
CUST08621,0,,Not Churned
CUST08622,0,,Not Churned
CUST08623,1,2026-03-07,Other
CUST08624,0,,Not Churned
CUST08625,0,,Not Churned
CUST08626,0,,Not Churned
CUST08627,1,2026-07-19,Competitor
CUST08628,0,,Not Churned
CUST08629,0,,Not Churned
CUST08630,0,,Not Churned
CUST08631,0,,Not Churned
CUST08632,0,,Not Churned
CUST08633,0,,Not Churned
CUST08634,0,,Not Churned
CUST08635,0,,Not Churned
CUST08636,1,2026-03-03,High Price
CUST08637,0,,Not Churned
CUST08638,0,,Not Churned
CUST08639,1,2026-02-20,Not Using Product
CUST08640,1,2026-02-27,Customer Support
CUST08641,1,2026-02-06,High Price
CUST08642,1,2026-03-20,Customer Support
CUST08643,0,,Not Churned
CUST08644,0,,Not Churned
CUST08645,0,,Not Churned
CUST08646,0,,Not Churned
CUST08647,0,,Not Churned
CUST08648,1,2026-02-08,Competitor
CUST08649,0,,Not Churned
CUST08650,1,2026-04-24,Competitor
CUST08651,1,2026-06-01,Customer Support
CUST08652,0,,Not Churned
CUST08653,0,,Not Churned
CUST08654,0,,Not Churned
CUST08655,0,,Not Churned
CUST08656,0,,Not Churned
CUST08657,0,,Not Churned
CUST08658,0,,Not Churned
CUST08659,1,2026-02-11,Not Using Product
CUST08660,1,2026-03-12,Poor Service
CUST08661,0,,Not Churned
CUST08662,1,2026-07-28,Poor Service
CUST08663,0,,Not Churned
CUST08664,0,,Not Churned
CUST08665,0,,Not Churned
CUST08666,1,2026-02-26,Poor Service
CUST08667,0,,Not Churned
CUST08668,0,,Not Churned
CUST08669,0,,Not Churned
CUST08670,0,,Not Churned
CUST08671,1,2026-03-22,Not Using Product
CUST08672,0,,Not Churned
CUST08673,0,,Not Churned
CUST08674,0,,Not Churned
CUST08675,0,,Not Churned
CUST08676,0,,Not Churned
CUST08677,0,,Not Churned
CUST08678,0,,Not Churned
CUST08679,0,,Not Churned
CUST08680,1,2026-01-18,Other
CUST08681,0,,Not Churned
CUST08682,0,,Not Churned
CUST08683,1,2026-03-24,Poor Service
CUST08684,0,,Not Churned
CUST08685,0,,Not Churned
CUST08686,0,,Not Churned
CUST08687,0,,Not Churned
CUST08688,1,2026-03-10,Customer Support
CUST08689,1,2026-06-23,High Price
CUST08690,0,,Not Churned
CUST08691,0,,Not Churned
CUST08692,0,,Not Churned
CUST08693,0,,Not Churned
CUST08694,0,,Not Churned
CUST08695,1,2026-07-14,Technical Issues
CUST08696,0,,Not Churned
CUST08697,0,,Not Churned
CUST08698,1,2026-06-10,Other
CUST08699,0,,Not Churned
CUST08700,1,2026-07-08,Customer Support
CUST08701,0,,Not Churned
CUST08702,0,,Not Churned
CUST08703,1,2026-07-27,Other
CUST08704,0,,Not Churned
CUST08705,0,,Not Churned
CUST08706,0,,Not Churned
CUST08707,0,,Not Churned
CUST08708,0,,Not Churned
CUST08709,1,2026-08-04,Technical Issues
CUST08710,0,,Not Churned
CUST08711,0,,Not Churned
CUST08712,0,,Not Churned
CUST08713,0,,Not Churned
CUST08714,0,,Not Churned
CUST08715,0,,Not Churned
CUST08716,0,,Not Churned
CUST08717,1,2026-02-23,Technical Issues
CUST08718,1,2026-04-13,Other
CUST08719,0,,Not Churned
CUST08720,0,,Not Churned
CUST08721,0,,Not Churned
CUST08722,1,2026-01-11,Other
CUST08723,0,,Not Churned
CUST08724,0,,Not Churned
CUST08725,0,,Not Churned
CUST08726,0,,Not Churned
CUST08727,0,,Not Churned
CUST08728,1,2026-03-27,Technical Issues
CUST08729,0,,Not Churned
CUST08730,0,,Not Churned
CUST08731,0,,Not Churned
CUST08732,1,2026-06-26,Customer Support
CUST08733,1,2026-04-02,Customer Support
CUST08734,1,2026-08-28,Other
CUST08735,0,,Not Churned
CUST08736,1,2026-04-02,Not Using Product
CUST08737,1,2026-05-13,Competitor
CUST08738,0,,Not Churned
CUST08739,0,,Not Churned
CUST08740,1,2026-06-01,Other
CUST08741,0,,Not Churned
CUST08742,0,,Not Churned
CUST08743,0,,Not Churned
CUST08744,0,,Not Churned
CUST08745,0,,Not Churned
CUST08746,1,2026-02-02,Customer Support
CUST08747,0,,Not Churned
CUST08748,0,,Not Churned
CUST08749,1,2026-06-07,High Price
CUST08750,1,2026-03-07,High Price
CUST08751,0,,Not Churned
CUST08752,0,,Not Churned
CUST08753,0,,Not Churned
CUST08754,0,,Not Churned
CUST08755,0,,Not Churned
CUST08756,0,,Not Churned
CUST08757,0,,Not Churned
CUST08758,1,2026-01-19,High Price
CUST08759,0,,Not Churned
CUST08760,1,2026-06-27,Technical Issues
CUST08761,0,,Not Churned
CUST08762,0,,Not Churned
CUST08763,0,,Not Churned
CUST08764,0,,Not Churned
CUST08765,0,,Not Churned
CUST08766,1,2026-08-16,Poor Service
CUST08767,0,,Not Churned
CUST08768,0,,Not Churned
CUST08769,1,2026-04-10,Other
CUST08770,0,,Not Churned
CUST08771,0,,Not Churned
CUST08772,0,,Not Churned
CUST08773,1,2026-04-20,Other
CUST08774,0,,Not Churned
CUST08775,0,,Not Churned
CUST08776,0,,Not Churned
CUST08777,1,2026-07-16,High Price
CUST08778,1,2026-06-16,Competitor
CUST08779,0,,Not Churned
CUST08780,1,2026-05-17,Poor Service
CUST08781,0,,Not Churned
CUST08782,0,,Not Churned
CUST08783,1,2026-04-28,Technical Issues
CUST08784,0,,Not Churned
CUST08785,0,,Not Churned
CUST08786,0,,Not Churned
CUST08787,0,,Not Churned
CUST08788,0,,Not Churned
CUST08789,0,,Not Churned
CUST08790,1,2026-03-19,Other
CUST08791,0,,Not Churned
CUST08792,1,2026-07-14,Technical Issues
CUST08793,1,2026-05-14,Technical Issues
CUST08794,0,,Not Churned
CUST08795,1,2026-04-18,Customer Support
CUST08796,0,,Not Churned
CUST08797,0,,Not Churned
CUST08798,0,,Not Churned
CUST08799,0,,Not Churned
CUST08800,0,,Not Churned
CUST08801,1,2026-07-03,Poor Service
CUST08802,0,,Not Churned
CUST08803,0,,Not Churned
CUST08804,0,,Not Churned
CUST08805,1,2026-03-25,High Price
CUST08806,0,,Not Churned
CUST08807,0,,Not Churned
CUST08808,0,,Not Churned
CUST08809,0,,Not Churned
CUST08810,0,,Not Churned
CUST08811,0,,Not Churned
CUST08812,1,2026-07-11,Customer Support
CUST08813,0,,Not Churned
CUST08814,1,2026-03-03,Competitor
CUST08815,1,2026-08-05,Technical Issues
CUST08816,0,,Not Churned
CUST08817,1,2026-07-05,Technical Issues
CUST08818,0,,Not Churned
CUST08819,0,,Not Churned
CUST08820,0,,Not Churned
CUST08821,0,,Not Churned
CUST08822,0,,Not Churned
CUST08823,0,,Not Churned
CUST08824,0,,Not Churned
CUST08825,1,2026-02-07,Competitor
CUST08826,1,2026-03-07,Not Using Product
CUST08827,0,,Not Churned
CUST08828,1,2026-08-18,Competitor
CUST08829,0,,Not Churned
CUST08830,0,,Not Churned
CUST08831,0,,Not Churned
CUST08832,1,2026-05-28,Poor Service
CUST08833,0,,Not Churned
CUST08834,0,,Not Churned
CUST08835,1,2026-03-29,Other
CUST08836,0,,Not Churned
CUST08837,1,2026-03-05,Poor Service
CUST08838,0,,Not Churned
CUST08839,1,2026-06-23,Not Using Product
CUST08840,1,2026-06-05,Customer Support
CUST08841,0,,Not Churned
CUST08842,0,,Not Churned
CUST08843,1,2026-06-05,Competitor
CUST08844,1,2026-07-15,Not Using Product
CUST08845,1,2026-01-08,Poor Service
CUST08846,1,2026-08-21,High Price
CUST08847,0,,Not Churned
CUST08848,0,,Not Churned
CUST08849,0,,Not Churned
CUST08850,0,,Not Churned
CUST08851,1,2026-03-16,Other
CUST08852,0,,Not Churned
CUST08853,0,,Not Churned
CUST08854,0,,Not Churned
CUST08855,0,,Not Churned
CUST08856,1,2026-04-28,Technical Issues
CUST08857,0,,Not Churned
CUST08858,0,,Not Churned
CUST08859,1,2026-01-24,Poor Service
CUST08860,0,,Not Churned
CUST08861,0,,Not Churned
CUST08862,0,,Not Churned
CUST08863,1,2026-04-15,Customer Support
CUST08864,0,,Not Churned
CUST08865,1,2026-07-11,High Price
CUST08866,1,2026-07-18,Poor Service
CUST08867,1,2026-04-19,Competitor
CUST08868,1,2026-02-06,Other
CUST08869,0,,Not Churned
CUST08870,1,2026-02-07,Competitor
CUST08871,0,,Not Churned
CUST08872,1,2026-04-09,Competitor
CUST08873,0,,Not Churned
CUST08874,1,2026-06-04,Not Using Product
CUST08875,0,,Not Churned
CUST08876,1,2026-05-20,High Price
CUST08877,1,2026-03-14,Other
CUST08878,0,,Not Churned
CUST08879,0,,Not Churned
CUST08880,0,,Not Churned
CUST08881,0,,Not Churned
CUST08882,1,2026-07-21,Other
CUST08883,1,2026-02-17,Not Using Product
CUST08884,1,2026-03-27,Other
CUST08885,0,,Not Churned
CUST08886,1,2026-06-18,Technical Issues
CUST08887,0,,Not Churned
CUST08888,1,2026-06-16,Poor Service
CUST08889,1,2026-07-18,High Price
CUST08890,0,,Not Churned
CUST08891,1,2026-03-24,Poor Service
CUST08892,0,,Not Churned
CUST08893,0,,Not Churned
CUST08894,0,,Not Churned
CUST08895,0,,Not Churned
CUST08896,0,,Not Churned
CUST08897,0,,Not Churned
CUST08898,1,2026-05-07,Technical Issues
CUST08899,0,,Not Churned
CUST08900,0,,Not Churned
CUST08901,1,2026-06-25,Not Using Product
CUST08902,0,,Not Churned
CUST08903,1,2026-07-03,Competitor
CUST08904,1,2026-03-14,Poor Service
CUST08905,1,2026-04-03,Competitor
CUST08906,0,,Not Churned
CUST08907,0,,Not Churned
CUST08908,0,,Not Churned
CUST08909,0,,Not Churned
CUST08910,0,,Not Churned
CUST08911,0,,Not Churned
CUST08912,0,,Not Churned
CUST08913,0,,Not Churned
CUST08914,0,,Not Churned
CUST08915,0,,Not Churned
CUST08916,1,2026-04-13,Poor Service
CUST08917,1,2026-06-28,Other
CUST08918,0,,Not Churned
CUST08919,0,,Not Churned
CUST08920,0,,Not Churned
CUST08921,0,,Not Churned
CUST08922,0,,Not Churned
CUST08923,0,,Not Churned
CUST08924,0,,Not Churned
CUST08925,1,2026-03-06,Technical Issues
CUST08926,0,,Not Churned
CUST08927,1,2026-08-16,Other
CUST08928,0,,Not Churned
CUST08929,0,,Not Churned
CUST08930,0,,Not Churned
CUST08931,1,2026-04-16,Technical Issues
CUST08932,0,,Not Churned
CUST08933,1,2026-03-26,Poor Service
CUST08934,1,2026-02-04,Competitor
CUST08935,0,,Not Churned
CUST08936,0,,Not Churned
CUST08937,0,,Not Churned
CUST08938,1,2026-04-18,Customer Support
CUST08939,0,,Not Churned
CUST08940,0,,Not Churned
CUST08941,0,,Not Churned
CUST08942,0,,Not Churned
CUST08943,0,,Not Churned
CUST08944,0,,Not Churned
CUST08945,0,,Not Churned
CUST08946,0,,Not Churned
CUST08947,0,,Not Churned
CUST08948,0,,Not Churned
CUST08949,1,2026-08-06,High Price
CUST08950,0,,Not Churned
CUST08951,0,,Not Churned
CUST08952,1,2026-05-10,High Price
CUST08953,0,,Not Churned
CUST08954,0,,Not Churned
CUST08955,1,2026-01-22,Customer Support
CUST08956,1,2026-05-30,Poor Service
CUST08957,0,,Not Churned
CUST08958,1,2026-05-07,Not Using Product
CUST08959,1,2026-08-06,Competitor
CUST08960,0,,Not Churned
CUST08961,0,,Not Churned
CUST08962,0,,Not Churned
CUST08963,1,2026-05-30,Other
CUST08964,1,2026-01-24,Not Using Product
CUST08965,1,2026-02-20,Other
CUST08966,0,,Not Churned
CUST08967,0,,Not Churned
CUST08968,1,2026-01-05,Not Using Product
CUST08969,1,2026-04-12,Not Using Product
CUST08970,1,2026-03-26,Not Using Product
CUST08971,0,,Not Churned
CUST08972,0,,Not Churned
CUST08973,1,2026-07-20,High Price
CUST08974,0,,Not Churned
CUST08975,0,,Not Churned
CUST08976,0,,Not Churned
CUST08977,1,2026-06-22,Other
CUST08978,1,2026-06-28,Competitor
CUST08979,1,2026-02-26,Not Using Product
CUST08980,1,2026-08-11,Customer Support
CUST08981,0,,Not Churned
CUST08982,0,,Not Churned
CUST08983,0,,Not Churned
CUST08984,1,2026-01-12,Competitor
CUST08985,1,2026-08-27,Other
CUST08986,0,,Not Churned
CUST08987,0,,Not Churned
CUST08988,0,,Not Churned
CUST08989,1,2026-02-07,Other
CUST08990,0,,Not Churned
CUST08991,0,,Not Churned
CUST08992,0,,Not Churned
CUST08993,1,2026-04-02,Other
CUST08994,1,2026-05-25,Customer Support
CUST08995,1,2026-07-06,Other
CUST08996,1,2026-04-21,Customer Support
CUST08997,0,,Not Churned
CUST08998,1,2026-03-16,Technical Issues
CUST08999,0,,Not Churned
CUST09000,1,2026-01-28,Not Using Product
CUST09001,0,,Not Churned
CUST09002,0,,Not Churned
CUST09003,0,,Not Churned
CUST09004,1,2026-07-27,Other
CUST09005,0,,Not Churned
CUST09006,0,,Not Churned
CUST09007,0,,Not Churned
CUST09008,0,,Not Churned
CUST09009,0,,Not Churned
CUST09010,1,2026-05-07,Competitor
CUST09011,1,2026-04-19,Customer Support
CUST09012,1,2026-01-09,Poor Service
CUST09013,1,2026-03-04,Customer Support
CUST09014,0,,Not Churned
CUST09015,1,2026-01-22,Not Using Product
CUST09016,0,,Not Churned
CUST09017,0,,Not Churned
CUST09018,1,2026-07-22,Technical Issues
CUST09019,0,,Not Churned
CUST09020,0,,Not Churned
CUST09021,0,,Not Churned
CUST09022,0,,Not Churned
CUST09023,0,,Not Churned
CUST09024,0,,Not Churned
CUST09025,0,,Not Churned
CUST09026,0,,Not Churned
CUST09027,0,,Not Churned
CUST09028,0,,Not Churned
CUST09029,0,,Not Churned
CUST09030,0,,Not Churned
CUST09031,0,,Not Churned
CUST09032,0,,Not Churned
CUST09033,0,,Not Churned
CUST09034,0,,Not Churned
CUST09035,0,,Not Churned
CUST09036,1,2026-01-23,High Price
CUST09037,0,,Not Churned
CUST09038,0,,Not Churned
CUST09039,0,,Not Churned
CUST09040,0,,Not Churned
CUST09041,0,,Not Churned
CUST09042,0,,Not Churned
CUST09043,1,2026-02-18,Not Using Product
CUST09044,1,2026-08-24,High Price
CUST09045,0,,Not Churned
CUST09046,0,,Not Churned
CUST09047,0,,Not Churned
CUST09048,0,,Not Churned
CUST09049,1,2026-08-09,Poor Service
CUST09050,1,2026-07-01,Other
CUST09051,0,,Not Churned
CUST09052,1,2026-03-26,Technical Issues
CUST09053,0,,Not Churned
CUST09054,0,,Not Churned
CUST09055,0,,Not Churned
CUST09056,0,,Not Churned
CUST09057,0,,Not Churned
CUST09058,0,,Not Churned
CUST09059,0,,Not Churned
CUST09060,1,2026-02-28,Competitor
CUST09061,0,,Not Churned
CUST09062,0,,Not Churned
CUST09063,0,,Not Churned
CUST09064,1,2026-05-20,Poor Service
CUST09065,0,,Not Churned
CUST09066,1,2026-08-14,Other
CUST09067,0,,Not Churned
CUST09068,1,2026-04-01,Competitor
CUST09069,1,2026-05-24,Not Using Product
CUST09070,0,,Not Churned
CUST09071,1,2026-04-23,High Price
CUST09072,1,2026-05-29,Customer Support
CUST09073,0,,Not Churned
CUST09074,1,2026-07-01,Poor Service
CUST09075,0,,Not Churned
CUST09076,0,,Not Churned
CUST09077,0,,Not Churned
CUST09078,0,,Not Churned
CUST09079,1,2026-02-09,Other
CUST09080,1,2026-03-18,Customer Support
CUST09081,0,,Not Churned
CUST09082,0,,Not Churned
CUST09083,1,2026-03-09,Competitor
CUST09084,0,,Not Churned
CUST09085,0,,Not Churned
CUST09086,0,,Not Churned
CUST09087,0,,Not Churned
CUST09088,0,,Not Churned
CUST09089,0,,Not Churned
CUST09090,0,,Not Churned
CUST09091,0,,Not Churned
CUST09092,0,,Not Churned
CUST09093,0,,Not Churned
CUST09094,0,,Not Churned
CUST09095,0,,Not Churned
CUST09096,1,2026-04-16,Competitor
CUST09097,0,,Not Churned
CUST09098,0,,Not Churned
CUST09099,1,2026-02-05,Competitor
CUST09100,1,2026-04-10,High Price
CUST09101,1,2026-08-11,Poor Service
CUST09102,0,,Not Churned
CUST09103,0,,Not Churned
CUST09104,0,,Not Churned
CUST09105,1,2026-01-20,Customer Support
CUST09106,1,2026-07-27,High Price
CUST09107,0,,Not Churned
CUST09108,0,,Not Churned
CUST09109,1,2026-08-14,Competitor
CUST09110,1,2026-07-11,Technical Issues
CUST09111,0,,Not Churned
CUST09112,0,,Not Churned
CUST09113,0,,Not Churned
CUST09114,1,2026-04-27,Customer Support
CUST09115,0,,Not Churned
CUST09116,0,,Not Churned
CUST09117,0,,Not Churned
CUST09118,1,2026-07-22,High Price
CUST09119,1,2026-01-24,Technical Issues
CUST09120,0,,Not Churned
CUST09121,1,2026-07-22,Technical Issues
CUST09122,1,2026-01-15,Technical Issues
CUST09123,1,2026-01-24,Competitor
CUST09124,0,,Not Churned
CUST09125,1,2026-06-28,Other
CUST09126,0,,Not Churned
CUST09127,0,,Not Churned
CUST09128,0,,Not Churned
CUST09129,0,,Not Churned
CUST09130,0,,Not Churned
CUST09131,1,2026-07-08,Technical Issues
CUST09132,1,2026-08-22,High Price
CUST09133,1,2026-07-17,Not Using Product
CUST09134,0,,Not Churned
CUST09135,0,,Not Churned
CUST09136,0,,Not Churned
CUST09137,0,,Not Churned
CUST09138,0,,Not Churned
CUST09139,0,,Not Churned
CUST09140,0,,Not Churned
CUST09141,0,,Not Churned
CUST09142,1,2026-02-13,Poor Service
CUST09143,1,2026-08-28,Customer Support
CUST09144,0,,Not Churned
CUST09145,0,,Not Churned
CUST09146,0,,Not Churned
CUST09147,0,,Not Churned
CUST09148,0,,Not Churned
CUST09149,0,,Not Churned
CUST09150,0,,Not Churned
CUST09151,0,,Not Churned
CUST09152,0,,Not Churned
CUST09153,1,2026-07-22,High Price
CUST09154,0,,Not Churned
CUST09155,0,,Not Churned
CUST09156,0,,Not Churned
CUST09157,0,,Not Churned
CUST09158,0,,Not Churned
CUST09159,0,,Not Churned
CUST09160,0,,Not Churned
CUST09161,1,2026-08-19,Technical Issues
CUST09162,1,2026-02-15,Competitor
CUST09163,0,,Not Churned
CUST09164,0,,Not Churned
CUST09165,0,,Not Churned
CUST09166,0,,Not Churned
CUST09167,0,,Not Churned
CUST09168,0,,Not Churned
CUST09169,0,,Not Churned
CUST09170,0,,Not Churned
CUST09171,0,,Not Churned
CUST09172,1,2026-03-07,Technical Issues
CUST09173,0,,Not Churned
CUST09174,0,,Not Churned
CUST09175,0,,Not Churned
CUST09176,0,,Not Churned
CUST09177,0,,Not Churned
CUST09178,0,,Not Churned
CUST09179,0,,Not Churned
CUST09180,1,2026-04-30,Not Using Product
CUST09181,0,,Not Churned
CUST09182,0,,Not Churned
CUST09183,0,,Not Churned
CUST09184,1,2026-04-15,Technical Issues
CUST09185,0,,Not Churned
CUST09186,1,2026-06-05,Poor Service
CUST09187,0,,Not Churned
CUST09188,0,,Not Churned
CUST09189,1,2026-04-10,High Price
CUST09190,1,2026-02-16,High Price
CUST09191,0,,Not Churned
CUST09192,0,,Not Churned
CUST09193,0,,Not Churned
CUST09194,0,,Not Churned
CUST09195,0,,Not Churned
CUST09196,0,,Not Churned
CUST09197,1,2026-04-10,Other
CUST09198,0,,Not Churned
CUST09199,0,,Not Churned
CUST09200,0,,Not Churned
CUST09201,0,,Not Churned
CUST09202,0,,Not Churned
CUST09203,0,,Not Churned
CUST09204,0,,Not Churned
CUST09205,0,,Not Churned
CUST09206,1,2026-02-17,Competitor
CUST09207,0,,Not Churned
CUST09208,1,2026-08-16,Customer Support
CUST09209,0,,Not Churned
CUST09210,0,,Not Churned
CUST09211,1,2026-08-24,High Price
CUST09212,0,,Not Churned
CUST09213,1,2026-03-30,High Price
CUST09214,0,,Not Churned
CUST09215,1,2026-08-21,High Price
CUST09216,0,,Not Churned
CUST09217,1,2026-02-24,Not Using Product
CUST09218,0,,Not Churned
CUST09219,0,,Not Churned
CUST09220,0,,Not Churned
CUST09221,1,2026-01-14,Not Using Product
CUST09222,1,2026-05-30,Not Using Product
CUST09223,0,,Not Churned
CUST09224,1,2026-02-12,Other
CUST09225,0,,Not Churned
CUST09226,0,,Not Churned
CUST09227,1,2026-02-03,Competitor
CUST09228,0,,Not Churned
CUST09229,1,2026-06-10,Technical Issues
CUST09230,1,2026-02-25,Other
CUST09231,1,2026-06-09,High Price
CUST09232,0,,Not Churned
CUST09233,0,,Not Churned
CUST09234,1,2026-03-08,Technical Issues
CUST09235,0,,Not Churned
CUST09236,0,,Not Churned
CUST09237,0,,Not Churned
CUST09238,0,,Not Churned
CUST09239,0,,Not Churned
CUST09240,0,,Not Churned
CUST09241,0,,Not Churned
CUST09242,0,,Not Churned
CUST09243,0,,Not Churned
CUST09244,0,,Not Churned
CUST09245,0,,Not Churned
CUST09246,0,,Not Churned
CUST09247,0,,Not Churned
CUST09248,1,2026-04-05,Customer Support
CUST09249,0,,Not Churned
CUST09250,0,,Not Churned
CUST09251,0,,Not Churned
CUST09252,0,,Not Churned
CUST09253,0,,Not Churned
CUST09254,0,,Not Churned
CUST09255,0,,Not Churned
CUST09256,1,2026-07-22,Technical Issues
CUST09257,1,2026-04-14,Not Using Product
CUST09258,1,2026-07-24,High Price
CUST09259,0,,Not Churned
CUST09260,0,,Not Churned
CUST09261,0,,Not Churned
CUST09262,0,,Not Churned
CUST09263,1,2026-05-29,Technical Issues
CUST09264,0,,Not Churned
CUST09265,0,,Not Churned
CUST09266,1,2026-02-24,Customer Support
CUST09267,0,,Not Churned
CUST09268,1,2026-04-11,Technical Issues
CUST09269,0,,Not Churned
CUST09270,1,2026-04-09,Customer Support
CUST09271,1,2026-05-12,Customer Support
CUST09272,0,,Not Churned
CUST09273,0,,Not Churned
CUST09274,0,,Not Churned
CUST09275,1,2026-07-05,Technical Issues
CUST09276,0,,Not Churned
CUST09277,0,,Not Churned
CUST09278,0,,Not Churned
CUST09279,0,,Not Churned
CUST09280,0,,Not Churned
CUST09281,1,2026-07-20,Poor Service
CUST09282,1,2026-01-04,Technical Issues
CUST09283,1,2026-06-14,High Price
CUST09284,0,,Not Churned
CUST09285,0,,Not Churned
CUST09286,0,,Not Churned
CUST09287,1,2026-03-25,Competitor
CUST09288,0,,Not Churned
CUST09289,0,,Not Churned
CUST09290,0,,Not Churned
CUST09291,1,2026-02-16,Other
CUST09292,1,2026-01-30,Technical Issues
CUST09293,0,,Not Churned
CUST09294,0,,Not Churned
CUST09295,0,,Not Churned
CUST09296,0,,Not Churned
CUST09297,0,,Not Churned
CUST09298,0,,Not Churned
CUST09299,0,,Not Churned
CUST09300,0,,Not Churned
CUST09301,1,2026-08-18,Competitor
CUST09302,1,2026-03-23,High Price
CUST09303,0,,Not Churned
CUST09304,0,,Not Churned
CUST09305,0,,Not Churned
CUST09306,0,,Not Churned
CUST09307,1,2026-01-23,Customer Support
CUST09308,0,,Not Churned
CUST09309,1,2026-06-28,Other
CUST09310,0,,Not Churned
CUST09311,0,,Not Churned
CUST09312,1,2026-01-09,Poor Service
CUST09313,0,,Not Churned
CUST09314,1,2026-02-24,High Price
CUST09315,0,,Not Churned
CUST09316,0,,Not Churned
CUST09317,1,2026-06-10,Technical Issues
CUST09318,0,,Not Churned
CUST09319,0,,Not Churned
CUST09320,0,,Not Churned
CUST09321,0,,Not Churned
CUST09322,0,,Not Churned
CUST09323,0,,Not Churned
CUST09324,1,2026-07-15,Other
CUST09325,0,,Not Churned
CUST09326,0,,Not Churned
CUST09327,0,,Not Churned
CUST09328,0,,Not Churned
CUST09329,0,,Not Churned
CUST09330,0,,Not Churned
CUST09331,0,,Not Churned
CUST09332,0,,Not Churned
CUST09333,0,,Not Churned
CUST09334,0,,Not Churned
CUST09335,0,,Not Churned
CUST09336,1,2026-07-22,Other
CUST09337,0,,Not Churned
CUST09338,0,,Not Churned
CUST09339,0,,Not Churned
CUST09340,0,,Not Churned
CUST09341,0,,Not Churned
CUST09342,1,2026-07-28,Other
CUST09343,0,,Not Churned
CUST09344,1,2026-02-20,High Price
CUST09345,1,2026-02-21,Customer Support
CUST09346,0,,Not Churned
CUST09347,0,,Not Churned
CUST09348,0,,Not Churned
CUST09349,0,,Not Churned
CUST09350,0,,Not Churned
CUST09351,1,2026-01-30,Other
CUST09352,0,,Not Churned
CUST09353,0,,Not Churned
CUST09354,0,,Not Churned
CUST09355,0,,Not Churned
CUST09356,1,2026-01-23,Competitor
CUST09357,1,2026-03-14,Competitor
CUST09358,0,,Not Churned
CUST09359,0,,Not Churned
CUST09360,0,,Not Churned
CUST09361,1,2026-01-12,Technical Issues
CUST09362,1,2026-08-16,Competitor
CUST09363,0,,Not Churned
CUST09364,0,,Not Churned
CUST09365,0,,Not Churned
CUST09366,1,2026-07-26,Poor Service
CUST09367,0,,Not Churned
CUST09368,0,,Not Churned
CUST09369,1,2026-08-18,Technical Issues
CUST09370,0,,Not Churned
CUST09371,1,2026-04-24,Not Using Product
CUST09372,0,,Not Churned
CUST09373,0,,Not Churned
CUST09374,1,2026-06-29,Technical Issues
CUST09375,1,2026-04-01,Poor Service
CUST09376,0,,Not Churned
CUST09377,1,2026-06-28,Competitor
CUST09378,0,,Not Churned
CUST09379,1,2026-06-26,Other
CUST09380,0,,Not Churned
CUST09381,0,,Not Churned
CUST09382,0,,Not Churned
CUST09383,0,,Not Churned
CUST09384,0,,Not Churned
CUST09385,0,,Not Churned
CUST09386,0,,Not Churned
CUST09387,0,,Not Churned
CUST09388,1,2026-07-01,Poor Service
CUST09389,1,2026-06-15,Technical Issues
CUST09390,0,,Not Churned
CUST09391,1,2026-02-27,Technical Issues
CUST09392,0,,Not Churned
CUST09393,1,2026-05-07,Customer Support
CUST09394,1,2026-08-14,Technical Issues
CUST09395,0,,Not Churned
CUST09396,1,2026-04-16,Competitor
CUST09397,0,,Not Churned
CUST09398,0,,Not Churned
CUST09399,0,,Not Churned
CUST09400,1,2026-07-06,Not Using Product
CUST09401,0,,Not Churned
CUST09402,1,2026-04-30,Poor Service
CUST09403,1,2026-03-24,High Price
CUST09404,1,2026-05-14,Not Using Product
CUST09405,1,2026-07-22,High Price
CUST09406,0,,Not Churned
CUST09407,0,,Not Churned
CUST09408,0,,Not Churned
CUST09409,1,2026-04-21,Customer Support
CUST09410,0,,Not Churned
CUST09411,0,,Not Churned
CUST09412,1,2026-06-29,Technical Issues
CUST09413,0,,Not Churned
CUST09414,0,,Not Churned
CUST09415,0,,Not Churned
CUST09416,0,,Not Churned
CUST09417,1,2026-08-06,Competitor
CUST09418,0,,Not Churned
CUST09419,0,,Not Churned
CUST09420,0,,Not Churned
CUST09421,0,,Not Churned
CUST09422,1,2026-04-01,Poor Service
CUST09423,0,,Not Churned
CUST09424,0,,Not Churned
CUST09425,0,,Not Churned
CUST09426,0,,Not Churned
CUST09427,1,2026-06-11,Not Using Product
CUST09428,0,,Not Churned
CUST09429,0,,Not Churned
CUST09430,0,,Not Churned
CUST09431,1,2026-07-09,High Price
CUST09432,0,,Not Churned
CUST09433,1,2026-04-12,Poor Service
CUST09434,1,2026-02-22,High Price
CUST09435,1,2026-08-01,Technical Issues
CUST09436,1,2026-07-12,Competitor
CUST09437,0,,Not Churned
CUST09438,0,,Not Churned
CUST09439,0,,Not Churned
CUST09440,0,,Not Churned
CUST09441,0,,Not Churned
CUST09442,0,,Not Churned
CUST09443,1,2026-02-13,Competitor
CUST09444,0,,Not Churned
CUST09445,0,,Not Churned
CUST09446,0,,Not Churned
CUST09447,0,,Not Churned
CUST09448,0,,Not Churned
CUST09449,0,,Not Churned
CUST09450,1,2026-06-23,Customer Support
CUST09451,0,,Not Churned
CUST09452,1,2026-07-15,High Price
CUST09453,0,,Not Churned
CUST09454,0,,Not Churned
CUST09455,0,,Not Churned
CUST09456,0,,Not Churned
CUST09457,1,2026-05-30,High Price
CUST09458,0,,Not Churned
CUST09459,1,2026-06-30,Technical Issues
CUST09460,0,,Not Churned
CUST09461,0,,Not Churned
CUST09462,0,,Not Churned
CUST09463,0,,Not Churned
CUST09464,0,,Not Churned
CUST09465,0,,Not Churned
CUST09466,1,2026-08-18,Technical Issues
CUST09467,1,2026-06-26,Technical Issues
CUST09468,0,,Not Churned
CUST09469,0,,Not Churned
CUST09470,0,,Not Churned
CUST09471,1,2026-08-19,Other
CUST09472,0,,Not Churned
CUST09473,0,,Not Churned
CUST09474,0,,Not Churned
CUST09475,0,,Not Churned
CUST09476,0,,Not Churned
CUST09477,0,,Not Churned
CUST09478,0,,Not Churned
CUST09479,0,,Not Churned
CUST09480,1,2026-03-05,Other
CUST09481,0,,Not Churned
CUST09482,0,,Not Churned
CUST09483,0,,Not Churned
CUST09484,0,,Not Churned
CUST09485,0,,Not Churned
CUST09486,1,2026-03-02,Technical Issues
CUST09487,1,2026-05-25,Poor Service
CUST09488,0,,Not Churned
CUST09489,0,,Not Churned
CUST09490,0,,Not Churned
CUST09491,0,,Not Churned
CUST09492,0,,Not Churned
CUST09493,1,2026-03-08,Not Using Product
CUST09494,1,2026-04-01,Not Using Product
CUST09495,0,,Not Churned
CUST09496,1,2026-08-06,Customer Support
CUST09497,0,,Not Churned
CUST09498,0,,Not Churned
CUST09499,1,2026-06-03,High Price
CUST09500,1,2026-05-15,Poor Service
CUST09501,0,,Not Churned
CUST09502,0,,Not Churned
CUST09503,1,2026-03-23,High Price
CUST09504,1,2026-03-10,Technical Issues
CUST09505,0,,Not Churned
CUST09506,0,,Not Churned
CUST09507,1,2026-08-04,Not Using Product
CUST09508,0,,Not Churned
CUST09509,0,,Not Churned
CUST09510,0,,Not Churned
CUST09511,0,,Not Churned
CUST09512,0,,Not Churned
CUST09513,0,,Not Churned
CUST09514,0,,Not Churned
CUST09515,1,2026-07-26,Competitor
CUST09516,0,,Not Churned
CUST09517,0,,Not Churned
CUST09518,1,2026-04-17,Not Using Product
CUST09519,1,2026-03-05,High Price
CUST09520,0,,Not Churned
CUST09521,1,2026-06-05,Technical Issues
CUST09522,1,2026-03-21,High Price
CUST09523,0,,Not Churned
CUST09524,0,,Not Churned
CUST09525,0,,Not Churned
CUST09526,0,,Not Churned
CUST09527,1,2026-08-08,Customer Support
CUST09528,0,,Not Churned
CUST09529,0,,Not Churned
CUST09530,0,,Not Churned
CUST09531,0,,Not Churned
CUST09532,0,,Not Churned
CUST09533,0,,Not Churned
CUST09534,0,,Not Churned
CUST09535,0,,Not Churned
CUST09536,0,,Not Churned
CUST09537,1,2026-02-01,Not Using Product
CUST09538,1,2026-06-11,Other
CUST09539,0,,Not Churned
CUST09540,0,,Not Churned
CUST09541,1,2026-06-29,Customer Support
CUST09542,0,,Not Churned
CUST09543,0,,Not Churned
CUST09544,0,,Not Churned
CUST09545,1,2026-03-19,High Price
CUST09546,1,2026-02-26,Customer Support
CUST09547,0,,Not Churned
CUST09548,1,2026-05-14,Other
CUST09549,0,,Not Churned
CUST09550,0,,Not Churned
CUST09551,0,,Not Churned
CUST09552,0,,Not Churned
CUST09553,0,,Not Churned
CUST09554,0,,Not Churned
CUST09555,1,2026-03-22,Other
CUST09556,1,2026-06-23,Other
CUST09557,0,,Not Churned
CUST09558,1,2026-03-18,Customer Support
CUST09559,0,,Not Churned
CUST09560,1,2026-07-23,Customer Support
CUST09561,1,2026-08-15,Customer Support
CUST09562,1,2026-05-22,High Price
CUST09563,0,,Not Churned
CUST09564,0,,Not Churned
CUST09565,1,2026-04-29,High Price
CUST09566,1,2026-04-26,Competitor
CUST09567,0,,Not Churned
CUST09568,1,2026-06-04,Other
CUST09569,0,,Not Churned
CUST09570,0,,Not Churned
CUST09571,0,,Not Churned
CUST09572,1,2026-01-10,Customer Support
CUST09573,0,,Not Churned
CUST09574,1,2026-01-24,Not Using Product
CUST09575,1,2026-06-18,Other
CUST09576,0,,Not Churned
CUST09577,0,,Not Churned
CUST09578,0,,Not Churned
CUST09579,1,2026-03-21,Other
CUST09580,0,,Not Churned
CUST09581,0,,Not Churned
CUST09582,0,,Not Churned
CUST09583,0,,Not Churned
CUST09584,1,2026-01-06,Technical Issues
CUST09585,0,,Not Churned
CUST09586,0,,Not Churned
CUST09587,1,2026-08-30,High Price
CUST09588,0,,Not Churned
CUST09589,1,2026-02-15,Customer Support
CUST09590,0,,Not Churned
CUST09591,0,,Not Churned
CUST09592,1,2026-06-16,High Price
CUST09593,0,,Not Churned
CUST09594,0,,Not Churned
CUST09595,0,,Not Churned
CUST09596,1,2026-02-08,Not Using Product
CUST09597,0,,Not Churned
CUST09598,0,,Not Churned
CUST09599,0,,Not Churned
CUST09600,0,,Not Churned
CUST09601,0,,Not Churned
CUST09602,0,,Not Churned
CUST09603,0,,Not Churned
CUST09604,1,2026-06-01,Competitor
CUST09605,0,,Not Churned
CUST09606,1,2026-04-23,Other
CUST09607,0,,Not Churned
CUST09608,0,,Not Churned
CUST09609,0,,Not Churned
CUST09610,0,,Not Churned
CUST09611,0,,Not Churned
CUST09612,0,,Not Churned
CUST09613,1,2026-08-30,Customer Support
CUST09614,0,,Not Churned
CUST09615,0,,Not Churned
CUST09616,0,,Not Churned
CUST09617,0,,Not Churned
CUST09618,1,2026-02-08,Not Using Product
CUST09619,0,,Not Churned
CUST09620,0,,Not Churned
CUST09621,0,,Not Churned
CUST09622,1,2026-03-16,Not Using Product
CUST09623,0,,Not Churned
CUST09624,1,2026-03-14,Competitor
CUST09625,0,,Not Churned
CUST09626,0,,Not Churned
CUST09627,0,,Not Churned
CUST09628,0,,Not Churned
CUST09629,1,2026-07-26,High Price
CUST09630,1,2026-08-30,High Price
CUST09631,1,2026-04-21,Not Using Product
CUST09632,0,,Not Churned
CUST09633,0,,Not Churned
CUST09634,1,2026-06-21,Technical Issues
CUST09635,0,,Not Churned
CUST09636,0,,Not Churned
CUST09637,1,2026-06-04,Competitor
CUST09638,0,,Not Churned
CUST09639,0,,Not Churned
CUST09640,0,,Not Churned
CUST09641,1,2026-07-02,Not Using Product
CUST09642,0,,Not Churned
CUST09643,1,2026-01-06,High Price
CUST09644,0,,Not Churned
CUST09645,0,,Not Churned
CUST09646,1,2026-05-29,Competitor
CUST09647,1,2026-02-12,Competitor
CUST09648,1,2026-06-27,Technical Issues
CUST09649,0,,Not Churned
CUST09650,0,,Not Churned
CUST09651,0,,Not Churned
CUST09652,0,,Not Churned
CUST09653,1,2026-02-09,Technical Issues
CUST09654,0,,Not Churned
CUST09655,1,2026-02-24,High Price
CUST09656,0,,Not Churned
CUST09657,0,,Not Churned
CUST09658,0,,Not Churned
CUST09659,0,,Not Churned
CUST09660,0,,Not Churned
CUST09661,0,,Not Churned
CUST09662,0,,Not Churned
CUST09663,0,,Not Churned
CUST09664,0,,Not Churned
CUST09665,0,,Not Churned
CUST09666,0,,Not Churned
CUST09667,0,,Not Churned
CUST09668,1,2026-07-20,Technical Issues
CUST09669,0,,Not Churned
CUST09670,0,,Not Churned
CUST09671,0,,Not Churned
CUST09672,0,,Not Churned
CUST09673,0,,Not Churned
CUST09674,1,2026-06-19,Poor Service
CUST09675,1,2026-05-10,High Price
CUST09676,0,,Not Churned
CUST09677,1,2026-06-25,Poor Service
CUST09678,1,2026-03-08,High Price
CUST09679,0,,Not Churned
CUST09680,0,,Not Churned
CUST09681,0,,Not Churned
CUST09682,0,,Not Churned
CUST09683,1,2026-05-07,Customer Support
CUST09684,1,2026-01-07,Poor Service
CUST09685,0,,Not Churned
CUST09686,0,,Not Churned
CUST09687,1,2026-03-16,Other
CUST09688,1,2026-04-04,Competitor
CUST09689,0,,Not Churned
CUST09690,0,,Not Churned
CUST09691,0,,Not Churned
CUST09692,0,,Not Churned
CUST09693,1,2026-03-15,Other
CUST09694,0,,Not Churned
CUST09695,1,2026-08-15,Not Using Product
CUST09696,1,2026-06-24,Not Using Product
CUST09697,0,,Not Churned
CUST09698,0,,Not Churned
CUST09699,0,,Not Churned
CUST09700,0,,Not Churned
CUST09701,0,,Not Churned
CUST09702,0,,Not Churned
CUST09703,0,,Not Churned
CUST09704,0,,Not Churned
CUST09705,1,2026-02-16,Customer Support
CUST09706,0,,Not Churned
CUST09707,0,,Not Churned
CUST09708,0,,Not Churned
CUST09709,1,2026-05-24,Technical Issues
CUST09710,0,,Not Churned
CUST09711,0,,Not Churned
CUST09712,0,,Not Churned
CUST09713,0,,Not Churned
CUST09714,1,2026-02-16,Poor Service
CUST09715,0,,Not Churned
CUST09716,0,,Not Churned
CUST09717,0,,Not Churned
CUST09718,0,,Not Churned
CUST09719,0,,Not Churned
CUST09720,1,2026-03-26,Competitor
CUST09721,0,,Not Churned
CUST09722,0,,Not Churned
CUST09723,0,,Not Churned
CUST09724,1,2026-01-10,Poor Service
CUST09725,0,,Not Churned
CUST09726,0,,Not Churned
CUST09727,1,2026-05-10,High Price
CUST09728,0,,Not Churned
CUST09729,0,,Not Churned
CUST09730,0,,Not Churned
CUST09731,0,,Not Churned
CUST09732,0,,Not Churned
CUST09733,0,,Not Churned
CUST09734,1,2026-03-01,Other
CUST09735,0,,Not Churned
CUST09736,1,2026-08-16,Other
CUST09737,1,2026-08-01,Customer Support
CUST09738,1,2026-01-11,High Price
CUST09739,0,,Not Churned
CUST09740,0,,Not Churned
CUST09741,0,,Not Churned
CUST09742,0,,Not Churned
CUST09743,0,,Not Churned
CUST09744,1,2026-03-11,Customer Support
CUST09745,0,,Not Churned
CUST09746,0,,Not Churned
CUST09747,0,,Not Churned
CUST09748,0,,Not Churned
CUST09749,0,,Not Churned
CUST09750,1,2026-03-30,Technical Issues
CUST09751,0,,Not Churned
CUST09752,1,2026-05-04,Customer Support
CUST09753,1,2026-05-19,High Price
CUST09754,1,2026-01-05,Poor Service
CUST09755,0,,Not Churned
CUST09756,0,,Not Churned
CUST09757,0,,Not Churned
CUST09758,0,,Not Churned
CUST09759,0,,Not Churned
CUST09760,0,,Not Churned
CUST09761,0,,Not Churned
CUST09762,0,,Not Churned
CUST09763,0,,Not Churned
CUST09764,1,2026-04-26,Other
CUST09765,1,2026-03-17,Technical Issues
CUST09766,0,,Not Churned
CUST09767,0,,Not Churned
CUST09768,0,,Not Churned
CUST09769,1,2026-02-20,Competitor
CUST09770,0,,Not Churned
CUST09771,0,,Not Churned
CUST09772,1,2026-02-04,Competitor
CUST09773,0,,Not Churned
CUST09774,0,,Not Churned
CUST09775,0,,Not Churned
CUST09776,0,,Not Churned
CUST09777,0,,Not Churned
CUST09778,1,2026-03-31,Other
CUST09779,0,,Not Churned
CUST09780,1,2026-07-22,High Price
CUST09781,0,,Not Churned
CUST09782,1,2026-05-16,Poor Service
CUST09783,1,2026-01-07,Not Using Product
CUST09784,1,2026-07-12,Poor Service
CUST09785,0,,Not Churned
CUST09786,0,,Not Churned
CUST09787,0,,Not Churned
CUST09788,0,,Not Churned
CUST09789,0,,Not Churned
CUST09790,0,,Not Churned
CUST09791,0,,Not Churned
CUST09792,0,,Not Churned
CUST09793,1,2026-06-17,Poor Service
CUST09794,1,2026-07-29,Not Using Product
CUST09795,1,2026-01-11,Competitor
CUST09796,0,,Not Churned
CUST09797,0,,Not Churned
CUST09798,0,,Not Churned
CUST09799,0,,Not Churned
CUST09800,1,2026-03-20,Competitor
CUST09801,0,,Not Churned
CUST09802,0,,Not Churned
CUST09803,1,2026-03-21,Customer Support
CUST09804,0,,Not Churned
CUST09805,0,,Not Churned
CUST09806,1,2026-04-24,Competitor
CUST09807,0,,Not Churned
CUST09808,0,,Not Churned
CUST09809,0,,Not Churned
CUST09810,0,,Not Churned
CUST09811,0,,Not Churned
CUST09812,0,,Not Churned
CUST09813,0,,Not Churned
CUST09814,0,,Not Churned
CUST09815,0,,Not Churned
CUST09816,0,,Not Churned
CUST09817,0,,Not Churned
CUST09818,1,2026-08-02,Other
CUST09819,0,,Not Churned
CUST09820,0,,Not Churned
CUST09821,0,,Not Churned
CUST09822,0,,Not Churned
CUST09823,0,,Not Churned
CUST09824,0,,Not Churned
CUST09825,0,,Not Churned
CUST09826,0,,Not Churned
CUST09827,0,,Not Churned
CUST09828,1,2026-04-25,Customer Support
CUST09829,0,,Not Churned
CUST09830,0,,Not Churned
CUST09831,0,,Not Churned
CUST09832,0,,Not Churned
CUST09833,0,,Not Churned
CUST09834,1,2026-02-24,Not Using Product
CUST09835,0,,Not Churned
CUST09836,0,,Not Churned
CUST09837,0,,Not Churned
CUST09838,1,2026-01-05,Customer Support
CUST09839,0,,Not Churned
CUST09840,1,2026-06-18,Other
CUST09841,0,,Not Churned
CUST09842,1,2026-07-19,Not Using Product
CUST09843,1,2026-07-05,Other
CUST09844,0,,Not Churned
CUST09845,0,,Not Churned
CUST09846,1,2026-07-01,Competitor
CUST09847,1,2026-07-01,Competitor
CUST09848,0,,Not Churned
CUST09849,0,,Not Churned
CUST09850,0,,Not Churned
CUST09851,0,,Not Churned
CUST09852,0,,Not Churned
CUST09853,0,,Not Churned
CUST09854,0,,Not Churned
CUST09855,1,2026-07-19,Customer Support
CUST09856,0,,Not Churned
CUST09857,0,,Not Churned
CUST09858,1,2026-06-02,Poor Service
CUST09859,0,,Not Churned
CUST09860,0,,Not Churned
CUST09861,0,,Not Churned
CUST09862,1,2026-06-13,Poor Service
CUST09863,0,,Not Churned
CUST09864,0,,Not Churned
CUST09865,0,,Not Churned
CUST09866,0,,Not Churned
CUST09867,1,2026-01-16,Poor Service
CUST09868,1,2026-02-09,Other
CUST09869,0,,Not Churned
CUST09870,1,2026-04-15,Competitor
CUST09871,0,,Not Churned
CUST09872,0,,Not Churned
CUST09873,1,2026-06-09,Other
CUST09874,1,2026-05-23,Poor Service
CUST09875,0,,Not Churned
CUST09876,0,,Not Churned
CUST09877,1,2026-06-09,Competitor
CUST09878,0,,Not Churned
CUST09879,1,2026-07-19,Customer Support
CUST09880,0,,Not Churned
CUST09881,0,,Not Churned
CUST09882,0,,Not Churned
CUST09883,0,,Not Churned
CUST09884,1,2026-02-11,Competitor
CUST09885,1,2026-02-13,Not Using Product
CUST09886,0,,Not Churned
CUST09887,1,2026-07-27,Other
CUST09888,1,2026-08-22,Technical Issues
CUST09889,0,,Not Churned
CUST09890,0,,Not Churned
CUST09891,0,,Not Churned
CUST09892,0,,Not Churned
CUST09893,0,,Not Churned
CUST09894,1,2026-07-28,Poor Service
CUST09895,0,,Not Churned
CUST09896,0,,Not Churned
CUST09897,1,2026-04-25,High Price
CUST09898,1,2026-07-12,Customer Support
CUST09899,1,2026-04-08,High Price
CUST09900,1,2026-03-20,Not Using Product
CUST09901,0,,Not Churned
CUST09902,1,2026-01-26,Not Using Product
CUST09903,0,,Not Churned
CUST09904,0,,Not Churned
CUST09905,0,,Not Churned
CUST09906,1,2026-07-19,Poor Service
CUST09907,1,2026-08-08,Not Using Product
CUST09908,1,2026-08-07,Technical Issues
CUST09909,0,,Not Churned
CUST09910,0,,Not Churned
CUST09911,0,,Not Churned
CUST09912,0,,Not Churned
CUST09913,0,,Not Churned
CUST09914,0,,Not Churned
CUST09915,0,,Not Churned
CUST09916,1,2026-06-07,Not Using Product
CUST09917,1,2026-03-19,Technical Issues
CUST09918,1,2026-07-13,High Price
CUST09919,1,2026-05-17,Other
CUST09920,0,,Not Churned
CUST09921,1,2026-07-19,Customer Support
CUST09922,1,2026-08-25,Customer Support
CUST09923,1,2026-07-10,Not Using Product
CUST09924,1,2026-03-07,Not Using Product
CUST09925,0,,Not Churned
CUST09926,0,,Not Churned
CUST09927,0,,Not Churned
CUST09928,0,,Not Churned
CUST09929,0,,Not Churned
CUST09930,0,,Not Churned
CUST09931,0,,Not Churned
CUST09932,0,,Not Churned
CUST09933,0,,Not Churned
CUST09934,0,,Not Churned
CUST09935,0,,Not Churned
CUST09936,1,2026-08-28,Not Using Product
CUST09937,0,,Not Churned
CUST09938,0,,Not Churned
CUST09939,0,,Not Churned
CUST09940,0,,Not Churned
CUST09941,0,,Not Churned
CUST09942,1,2026-02-25,Poor Service
CUST09943,1,2026-06-24,Not Using Product
CUST09944,0,,Not Churned
CUST09945,0,,Not Churned
CUST09946,0,,Not Churned
CUST09947,0,,Not Churned
CUST09948,1,2026-06-28,Poor Service
CUST09949,0,,Not Churned
CUST09950,1,2026-08-24,Not Using Product
CUST09951,1,2026-08-30,Competitor
CUST09952,0,,Not Churned
CUST09953,0,,Not Churned
CUST09954,0,,Not Churned
CUST09955,0,,Not Churned
CUST09956,1,2026-06-12,High Price
CUST09957,0,,Not Churned
CUST09958,0,,Not Churned
CUST09959,0,,Not Churned
CUST09960,0,,Not Churned
CUST09961,0,,Not Churned
CUST09962,0,,Not Churned
CUST09963,0,,Not Churned
CUST09964,0,,Not Churned
CUST09965,0,,Not Churned
CUST09966,0,,Not Churned
CUST09967,0,,Not Churned
CUST09968,0,,Not Churned
CUST09969,0,,Not Churned
CUST09970,0,,Not Churned
CUST09971,0,,Not Churned
CUST09972,1,2026-07-23,Technical Issues
CUST09973,0,,Not Churned
CUST09974,0,,Not Churned
CUST09975,0,,Not Churned
CUST09976,1,2026-07-20,Competitor
CUST09977,0,,Not Churned
CUST09978,0,,Not Churned
CUST09979,0,,Not Churned
CUST09980,1,2026-04-02,Competitor
CUST09981,0,,Not Churned
CUST09982,0,,Not Churned
CUST09983,0,,Not Churned
CUST09984,0,,Not Churned
CUST09985,1,2026-02-16,High Price
CUST09986,1,2026-04-25,Competitor
CUST09987,0,,Not Churned
CUST09988,0,,Not Churned
CUST09989,0,,Not Churned
CUST09990,0,,Not Churned
CUST09991,0,,Not Churned
CUST09992,0,,Not Churned
CUST09993,0,,Not Churned
CUST09994,1,2026-03-13,Poor Service
CUST09995,0,,Not Churned
CUST09996,1,2026-02-13,Not Using Product
CUST09997,1,2026-08-15,Customer Support
CUST09998,1,2026-07-08,Customer Support
CUST09999,0,,Not Churned
CUST10000,0,,Not Churned
CUST10001,0,,Not Churned
CUST10002,0,,Not Churned
CUST10003,0,,Not Churned
CUST10004,0,,Not Churned
CUST10005,1,2026-06-08,Not Using Product
CUST10006,1,2026-08-13,Other
CUST10007,1,2026-07-16,Poor Service
CUST10008,1,2026-07-13,Other
CUST10009,0,,Not Churned
CUST10010,1,2026-01-26,Technical Issues
CUST10011,1,2026-05-08,Competitor
CUST10012,0,,Not Churned
CUST10013,0,,Not Churned
CUST10014,0,,Not Churned
CUST10015,0,,Not Churned
CUST10016,0,,Not Churned
CUST10017,0,,Not Churned
CUST10018,0,,Not Churned
CUST10019,0,,Not Churned
CUST10020,0,,Not Churned
CUST10021,0,,Not Churned
CUST10022,0,,Not Churned
CUST10023,0,,Not Churned
CUST10024,1,2026-01-11,Not Using Product
CUST10025,0,,Not Churned
CUST10026,0,,Not Churned
CUST10027,0,,Not Churned
CUST10028,0,,Not Churned
CUST10029,0,,Not Churned
CUST10030,0,,Not Churned
CUST10031,1,2026-06-04,Customer Support
CUST10032,0,,Not Churned
CUST10033,1,2026-01-10,Other
CUST10034,0,,Not Churned
CUST10035,0,,Not Churned
CUST10036,0,,Not Churned
CUST10037,1,2026-01-07,Competitor
CUST10038,0,,Not Churned
CUST10039,0,,Not Churned
CUST10040,0,,Not Churned
CUST10041,0,,Not Churned
CUST10042,0,,Not Churned
CUST10043,0,,Not Churned
CUST10044,0,,Not Churned
CUST10045,0,,Not Churned
CUST10046,1,2026-08-06,Customer Support
CUST10047,0,,Not Churned
CUST10048,0,,Not Churned
CUST10049,0,,Not Churned
CUST10050,1,2026-06-15,Technical Issues
CUST10051,0,,Not Churned
CUST10052,0,,Not Churned
CUST10053,0,,Not Churned
CUST10054,1,2026-06-20,Technical Issues
CUST10055,0,,Not Churned
CUST10056,1,2026-01-28,Other
CUST10057,0,,Not Churned
CUST10058,0,,Not Churned
CUST10059,0,,Not Churned
CUST10060,0,,Not Churned
CUST10061,0,,Not Churned
CUST10062,0,,Not Churned
CUST10063,0,,Not Churned
CUST10064,0,,Not Churned
CUST10065,0,,Not Churned
CUST10066,1,2026-06-07,Customer Support
CUST10067,0,,Not Churned
CUST10068,0,,Not Churned
CUST10069,0,,Not Churned
CUST10070,1,2026-03-20,Customer Support
CUST10071,0,,Not Churned
CUST10072,0,,Not Churned
CUST10073,0,,Not Churned
CUST10074,1,2026-01-30,Poor Service
CUST10075,0,,Not Churned
CUST10076,0,,Not Churned
CUST10077,0,,Not Churned
CUST10078,0,,Not Churned
CUST10079,1,2026-07-27,Customer Support
CUST10080,0,,Not Churned
CUST10081,0,,Not Churned
CUST10082,0,,Not Churned
CUST10083,0,,Not Churned
CUST10084,0,,Not Churned
CUST10085,1,2026-04-08,Competitor
CUST10086,0,,Not Churned
CUST10087,1,2026-07-27,Customer Support
CUST10088,0,,Not Churned
CUST10089,1,2026-04-08,Customer Support
CUST10090,1,2026-08-10,Not Using Product
CUST10091,1,2026-04-09,Not Using Product
CUST10092,0,,Not Churned
CUST10093,0,,Not Churned
CUST10094,0,,Not Churned
CUST10095,0,,Not Churned
CUST10096,0,,Not Churned
CUST10097,0,,Not Churned
CUST10098,1,2026-07-01,Poor Service
CUST10099,0,,Not Churned
CUST10100,0,,Not Churned
CUST10101,0,,Not Churned
CUST10102,0,,Not Churned
CUST10103,0,,Not Churned
CUST10104,1,2026-08-03,Not Using Product
CUST10105,0,,Not Churned
CUST10106,0,,Not Churned
CUST10107,0,,Not Churned
CUST10108,0,,Not Churned
CUST10109,0,,Not Churned
CUST10110,0,,Not Churned
CUST10111,0,,Not Churned
CUST10112,0,,Not Churned
CUST10113,0,,Not Churned
CUST10114,1,2026-08-23,Competitor
CUST10115,0,,Not Churned
CUST10116,1,2026-04-11,Poor Service
CUST10117,1,2026-07-15,Not Using Product
CUST10118,0,,Not Churned
CUST10119,1,2026-06-27,Not Using Product
CUST10120,0,,Not Churned
CUST10121,1,2026-08-10,High Price
CUST10122,1,2026-01-18,High Price
CUST10123,1,2026-07-17,Technical Issues
CUST10124,0,,Not Churned
CUST10125,0,,Not Churned
CUST10126,0,,Not Churned
CUST10127,0,,Not Churned
CUST10128,1,2026-07-25,Not Using Product
CUST10129,0,,Not Churned
CUST10130,0,,Not Churned
CUST10131,1,2026-08-24,Competitor
CUST10132,0,,Not Churned
CUST10133,0,,Not Churned
CUST10134,0,,Not Churned
CUST10135,1,2026-05-20,High Price
CUST10136,1,2026-06-25,Other
CUST10137,1,2026-03-02,High Price
CUST10138,0,,Not Churned
CUST10139,0,,Not Churned
CUST10140,0,,Not Churned
CUST10141,0,,Not Churned
CUST10142,0,,Not Churned
CUST10143,1,2026-01-10,Other
CUST10144,0,,Not Churned
CUST10145,1,2026-03-07,High Price
CUST10146,1,2026-08-11,Technical Issues
CUST10147,1,2026-03-16,Customer Support
CUST10148,0,,Not Churned
CUST10149,0,,Not Churned
CUST10150,0,,Not Churned
CUST10151,0,,Not Churned
CUST10152,1,2026-06-23,Poor Service
CUST10153,0,,Not Churned
CUST10154,1,2026-02-13,High Price
CUST10155,0,,Not Churned
CUST10156,1,2026-08-12,High Price
CUST10157,0,,Not Churned
CUST10158,0,,Not Churned
CUST10159,0,,Not Churned
CUST10160,0,,Not Churned
CUST10161,1,2026-06-09,Not Using Product
CUST10162,0,,Not Churned
CUST10163,0,,Not Churned
CUST10164,0,,Not Churned
CUST10165,1,2026-07-03,Technical Issues
CUST10166,0,,Not Churned
CUST10167,0,,Not Churned
CUST10168,0,,Not Churned
CUST10169,0,,Not Churned
CUST10170,0,,Not Churned
CUST10171,1,2026-08-17,Competitor
CUST10172,1,2026-08-19,Customer Support
CUST10173,0,,Not Churned
CUST10174,0,,Not Churned
CUST10175,0,,Not Churned
CUST10176,0,,Not Churned
CUST10177,1,2026-06-22,High Price
CUST10178,0,,Not Churned
CUST10179,1,2026-04-13,Poor Service
CUST10180,1,2026-07-01,Other
CUST10181,1,2026-03-08,Competitor
CUST10182,0,,Not Churned
CUST10183,0,,Not Churned
CUST10184,0,,Not Churned
CUST10185,1,2026-04-20,Technical Issues
CUST10186,0,,Not Churned
CUST10187,1,2026-05-13,Other
CUST10188,0,,Not Churned
CUST10189,0,,Not Churned
CUST10190,0,,Not Churned
CUST10191,0,,Not Churned
CUST10192,0,,Not Churned
CUST10193,1,2026-05-13,Other
CUST10194,1,2026-03-29,High Price
CUST10195,0,,Not Churned
CUST10196,0,,Not Churned
CUST10197,0,,Not Churned
CUST10198,0,,Not Churned
CUST10199,1,2026-04-12,Competitor
CUST10200,0,,Not Churned
CUST10201,0,,Not Churned
CUST10202,0,,Not Churned
CUST10203,0,,Not Churned
CUST10204,0,,Not Churned
CUST10205,1,2026-01-06,Not Using Product
CUST10206,1,2026-03-23,Other
CUST10207,0,,Not Churned
CUST10208,0,,Not Churned
CUST10209,1,2026-02-25,Not Using Product
CUST10210,0,,Not Churned
CUST10211,0,,Not Churned
CUST10212,0,,Not Churned
CUST10213,0,,Not Churned
CUST10214,0,,Not Churned
CUST10215,1,2026-03-30,Poor Service
CUST10216,0,,Not Churned
CUST10217,0,,Not Churned
CUST10218,0,,Not Churned
CUST10219,1,2026-02-16,Competitor
CUST10220,1,2026-06-22,Poor Service
CUST10221,1,2026-06-17,Poor Service
CUST10222,0,,Not Churned
CUST10223,0,,Not Churned
CUST10224,0,,Not Churned
CUST10225,1,2026-02-03,Technical Issues
CUST10226,1,2026-05-11,Poor Service
CUST10227,0,,Not Churned
CUST10228,1,2026-01-20,Technical Issues
CUST10229,0,,Not Churned
CUST10230,1,2026-08-14,Not Using Product
CUST10231,0,,Not Churned
CUST10232,1,2026-04-20,Technical Issues
CUST10233,0,,Not Churned
CUST10234,0,,Not Churned
CUST10235,0,,Not Churned
CUST10236,1,2026-06-12,Customer Support
CUST10237,0,,Not Churned
CUST10238,0,,Not Churned
CUST10239,0,,Not Churned
CUST10240,0,,Not Churned
CUST10241,0,,Not Churned
CUST10242,1,2026-08-15,Competitor
CUST10243,0,,Not Churned
CUST10244,0,,Not Churned
CUST10245,0,,Not Churned
CUST10246,0,,Not Churned
CUST10247,0,,Not Churned
CUST10248,1,2026-05-26,High Price
CUST10249,1,2026-05-28,Competitor
CUST10250,0,,Not Churned
CUST10251,0,,Not Churned
CUST10252,0,,Not Churned
CUST10253,0,,Not Churned
CUST10254,0,,Not Churned
CUST10255,0,,Not Churned
CUST10256,0,,Not Churned
CUST10257,0,,Not Churned
CUST10258,1,2026-04-10,High Price
CUST10259,1,2026-05-30,High Price
CUST10260,0,,Not Churned
CUST10261,0,,Not Churned
CUST10262,0,,Not Churned
CUST10263,1,2026-07-29,Poor Service
CUST10264,0,,Not Churned
CUST10265,0,,Not Churned
CUST10266,0,,Not Churned
CUST10267,0,,Not Churned
CUST10268,0,,Not Churned
CUST10269,0,,Not Churned
CUST10270,1,2026-07-22,Customer Support
CUST10271,1,2026-06-30,Not Using Product
CUST10272,0,,Not Churned
CUST10273,0,,Not Churned
CUST10274,0,,Not Churned
CUST10275,0,,Not Churned
CUST10276,1,2026-01-19,Poor Service
CUST10277,0,,Not Churned
CUST10278,0,,Not Churned
CUST10279,0,,Not Churned
CUST10280,0,,Not Churned
CUST10281,0,,Not Churned
CUST10282,0,,Not Churned
CUST10283,0,,Not Churned
CUST10284,0,,Not Churned
CUST10285,0,,Not Churned
CUST10286,0,,Not Churned
CUST10287,1,2026-05-09,Customer Support
CUST10288,0,,Not Churned
CUST10289,0,,Not Churned
CUST10290,0,,Not Churned
CUST10291,0,,Not Churned
CUST10292,0,,Not Churned
CUST10293,0,,Not Churned
CUST10294,0,,Not Churned
CUST10295,1,2026-08-12,Customer Support
CUST10296,0,,Not Churned
CUST10297,1,2026-07-09,Technical Issues
CUST10298,0,,Not Churned
CUST10299,1,2026-08-14,Not Using Product
CUST10300,0,,Not Churned
CUST10301,1,2026-04-12,Customer Support
CUST10302,0,,Not Churned
CUST10303,0,,Not Churned
CUST10304,1,2026-01-04,Poor Service
CUST10305,1,2026-05-05,Competitor
CUST10306,1,2026-03-21,High Price
CUST10307,1,2026-01-04,Other
CUST10308,0,,Not Churned
CUST10309,0,,Not Churned
CUST10310,1,2026-05-09,Poor Service
CUST10311,0,,Not Churned
CUST10312,0,,Not Churned
CUST10313,0,,Not Churned
CUST10314,0,,Not Churned
CUST10315,0,,Not Churned
CUST10316,0,,Not Churned
CUST10317,1,2026-03-29,Customer Support
CUST10318,0,,Not Churned
CUST10319,0,,Not Churned
CUST10320,0,,Not Churned
CUST10321,0,,Not Churned
CUST10322,0,,Not Churned
CUST10323,1,2026-05-11,Competitor
CUST10324,0,,Not Churned
CUST10325,1,2026-04-15,Poor Service
CUST10326,1,2026-04-01,Customer Support
CUST10327,0,,Not Churned
CUST10328,0,,Not Churned
CUST10329,0,,Not Churned
CUST10330,0,,Not Churned
CUST10331,0,,Not Churned
CUST10332,0,,Not Churned
CUST10333,0,,Not Churned
CUST10334,1,2026-03-19,Other
CUST10335,0,,Not Churned
CUST10336,0,,Not Churned
CUST10337,0,,Not Churned
CUST10338,0,,Not Churned
CUST10339,0,,Not Churned
CUST10340,0,,Not Churned
CUST10341,1,2026-05-18,Poor Service
CUST10342,0,,Not Churned
CUST10343,1,2026-06-16,Technical Issues
CUST10344,0,,Not Churned
CUST10345,0,,Not Churned
CUST10346,1,2026-08-07,Customer Support
CUST10347,0,,Not Churned
CUST10348,0,,Not Churned
CUST10349,1,2026-06-17,Other
CUST10350,1,2026-05-22,Customer Support
CUST10351,0,,Not Churned
CUST10352,0,,Not Churned
CUST10353,0,,Not Churned
CUST10354,0,,Not Churned
CUST10355,0,,Not Churned
CUST10356,1,2026-02-20,Not Using Product
CUST10357,1,2026-01-16,High Price
CUST10358,0,,Not Churned
CUST10359,0,,Not Churned
CUST10360,1,2026-05-06,Technical Issues
CUST10361,1,2026-08-18,Customer Support
CUST10362,0,,Not Churned
CUST10363,0,,Not Churned
CUST10364,0,,Not Churned
CUST10365,0,,Not Churned
CUST10366,1,2026-02-04,Other
CUST10367,1,2026-02-23,Customer Support
CUST10368,1,2026-08-17,Poor Service
CUST10369,0,,Not Churned
CUST10370,0,,Not Churned
CUST10371,0,,Not Churned
CUST10372,0,,Not Churned
CUST10373,0,,Not Churned
CUST10374,0,,Not Churned
CUST10375,0,,Not Churned
CUST10376,0,,Not Churned
CUST10377,0,,Not Churned
CUST10378,0,,Not Churned
CUST10379,0,,Not Churned
CUST10380,0,,Not Churned
CUST10381,0,,Not Churned
CUST10382,0,,Not Churned
CUST10383,1,2026-08-02,Not Using Product
CUST10384,1,2026-03-19,Technical Issues
CUST10385,0,,Not Churned
CUST10386,1,2026-08-21,Not Using Product
CUST10387,0,,Not Churned
CUST10388,1,2026-03-15,Competitor
CUST10389,1,2026-07-08,Not Using Product
CUST10390,0,,Not Churned
CUST10391,1,2026-08-24,Competitor
CUST10392,0,,Not Churned
CUST10393,0,,Not Churned
CUST10394,0,,Not Churned
CUST10395,1,2026-01-28,High Price
CUST10396,0,,Not Churned
CUST10397,1,2026-04-01,Technical Issues
CUST10398,0,,Not Churned
CUST10399,0,,Not Churned
CUST10400,0,,Not Churned
CUST10401,0,,Not Churned
CUST10402,0,,Not Churned
CUST10403,0,,Not Churned
CUST10404,0,,Not Churned
CUST10405,0,,Not Churned
CUST10406,0,,Not Churned
CUST10407,0,,Not Churned
CUST10408,0,,Not Churned
CUST10409,0,,Not Churned
CUST10410,1,2026-04-20,High Price
CUST10411,0,,Not Churned
CUST10412,0,,Not Churned
CUST10413,0,,Not Churned
CUST10414,0,,Not Churned
CUST10415,0,,Not Churned
CUST10416,1,2026-02-20,Technical Issues
CUST10417,0,,Not Churned
CUST10418,1,2026-05-05,Not Using Product
CUST10419,0,,Not Churned
CUST10420,0,,Not Churned
CUST10421,0,,Not Churned
CUST10422,0,,Not Churned
CUST10423,1,2026-05-12,Customer Support
CUST10424,1,2026-07-15,Customer Support
CUST10425,0,,Not Churned
CUST10426,1,2026-06-19,Customer Support
CUST10427,1,2026-07-09,Technical Issues
CUST10428,1,2026-03-04,High Price
CUST10429,0,,Not Churned
CUST10430,0,,Not Churned
CUST10431,0,,Not Churned
CUST10432,1,2026-03-01,Not Using Product
CUST10433,0,,Not Churned
CUST10434,0,,Not Churned
CUST10435,0,,Not Churned
CUST10436,0,,Not Churned
CUST10437,0,,Not Churned
CUST10438,0,,Not Churned
CUST10439,0,,Not Churned
CUST10440,0,,Not Churned
CUST10441,1,2026-03-17,Poor Service
CUST10442,1,2026-06-02,Other
CUST10443,0,,Not Churned
CUST10444,0,,Not Churned
CUST10445,0,,Not Churned
CUST10446,0,,Not Churned
CUST10447,0,,Not Churned
CUST10448,0,,Not Churned
CUST10449,0,,Not Churned
CUST10450,1,2026-07-21,Poor Service
CUST10451,0,,Not Churned
CUST10452,1,2026-08-17,Competitor
CUST10453,0,,Not Churned
CUST10454,0,,Not Churned
CUST10455,0,,Not Churned
CUST10456,0,,Not Churned
CUST10457,0,,Not Churned
CUST10458,0,,Not Churned
CUST10459,0,,Not Churned
CUST10460,0,,Not Churned
CUST10461,0,,Not Churned
CUST10462,0,,Not Churned
CUST10463,1,2026-03-08,Customer Support
CUST10464,1,2026-02-18,Poor Service
CUST10465,1,2026-04-17,Technical Issues
CUST10466,0,,Not Churned
CUST10467,0,,Not Churned
CUST10468,0,,Not Churned
CUST10469,1,2026-04-27,Competitor
CUST10470,0,,Not Churned
CUST10471,0,,Not Churned
CUST10472,0,,Not Churned
CUST10473,0,,Not Churned
CUST10474,0,,Not Churned
CUST10475,1,2026-06-21,Other
CUST10476,1,2026-01-26,Technical Issues
CUST10477,0,,Not Churned
CUST10478,0,,Not Churned
CUST10479,0,,Not Churned
CUST10480,0,,Not Churned
CUST10481,1,2026-07-02,Other
CUST10482,0,,Not Churned
CUST10483,0,,Not Churned
CUST10484,0,,Not Churned
CUST10485,1,2026-01-24,High Price
CUST10486,0,,Not Churned
CUST10487,0,,Not Churned
CUST10488,1,2026-04-25,Technical Issues
CUST10489,0,,Not Churned
CUST10490,0,,Not Churned
CUST10491,0,,Not Churned
CUST10492,0,,Not Churned
CUST10493,0,,Not Churned
CUST10494,1,2026-02-09,High Price
CUST10495,0,,Not Churned
CUST10496,1,2026-03-07,Customer Support
CUST10497,0,,Not Churned
CUST10498,0,,Not Churned
CUST10499,1,2026-08-20,High Price
CUST10500,0,,Not Churned
CUST10501,0,,Not Churned
CUST10502,0,,Not Churned
CUST10503,1,2026-06-06,Technical Issues
CUST10504,1,2026-04-11,Competitor
CUST10505,0,,Not Churned
CUST10506,0,,Not Churned
CUST10507,0,,Not Churned
CUST10508,0,,Not Churned
CUST10509,0,,Not Churned
CUST10510,0,,Not Churned
CUST10511,1,2026-04-06,Customer Support
CUST10512,0,,Not Churned
CUST10513,0,,Not Churned
CUST10514,0,,Not Churned
CUST10515,0,,Not Churned
CUST10516,0,,Not Churned
CUST10517,0,,Not Churned
CUST10518,0,,Not Churned
CUST10519,0,,Not Churned
CUST10520,0,,Not Churned
CUST10521,0,,Not Churned
CUST10522,1,2026-04-16,Not Using Product
CUST10523,0,,Not Churned
CUST10524,0,,Not Churned
CUST10525,0,,Not Churned
CUST10526,0,,Not Churned
CUST10527,0,,Not Churned
CUST10528,0,,Not Churned
CUST10529,1,2026-04-12,Technical Issues
CUST10530,1,2026-06-29,Poor Service
CUST10531,0,,Not Churned
CUST10532,1,2026-07-07,Technical Issues
CUST10533,0,,Not Churned
CUST10534,0,,Not Churned
CUST10535,0,,Not Churned
CUST10536,0,,Not Churned
CUST10537,0,,Not Churned
CUST10538,0,,Not Churned
CUST10539,0,,Not Churned
CUST10540,0,,Not Churned
CUST10541,0,,Not Churned
CUST10542,0,,Not Churned
CUST10543,0,,Not Churned
CUST10544,1,2026-08-23,Competitor
CUST10545,0,,Not Churned
CUST10546,0,,Not Churned
CUST10547,0,,Not Churned
CUST10548,1,2026-02-17,Not Using Product
CUST10549,0,,Not Churned
CUST10550,0,,Not Churned
CUST10551,1,2026-03-05,Other
CUST10552,0,,Not Churned
CUST10553,0,,Not Churned
CUST10554,0,,Not Churned
CUST10555,0,,Not Churned
CUST10556,0,,Not Churned
CUST10557,0,,Not Churned
CUST10558,0,,Not Churned
CUST10559,0,,Not Churned
CUST10560,1,2026-01-07,Poor Service
CUST10561,1,2026-01-29,Poor Service
CUST10562,0,,Not Churned
CUST10563,0,,Not Churned
CUST10564,0,,Not Churned
CUST10565,0,,Not Churned
CUST10566,0,,Not Churned
CUST10567,1,2026-05-23,Competitor
CUST10568,1,2026-06-08,High Price
CUST10569,0,,Not Churned
CUST10570,0,,Not Churned
CUST10571,0,,Not Churned
CUST10572,0,,Not Churned
CUST10573,0,,Not Churned
CUST10574,0,,Not Churned
CUST10575,1,2026-04-18,Poor Service
CUST10576,0,,Not Churned
CUST10577,0,,Not Churned
CUST10578,0,,Not Churned
CUST10579,1,2026-01-17,Poor Service
CUST10580,0,,Not Churned
CUST10581,0,,Not Churned
CUST10582,0,,Not Churned
CUST10583,0,,Not Churned
CUST10584,0,,Not Churned
CUST10585,0,,Not Churned
CUST10586,1,2026-04-18,Poor Service
CUST10587,0,,Not Churned
CUST10588,0,,Not Churned
CUST10589,0,,Not Churned
CUST10590,0,,Not Churned
CUST10591,0,,Not Churned
CUST10592,0,,Not Churned
CUST10593,0,,Not Churned
CUST10594,0,,Not Churned
CUST10595,0,,Not Churned
CUST10596,0,,Not Churned
CUST10597,0,,Not Churned
CUST10598,0,,Not Churned
CUST10599,0,,Not Churned
CUST10600,0,,Not Churned
CUST10601,0,,Not Churned
CUST10602,0,,Not Churned
CUST10603,0,,Not Churned
CUST10604,1,2026-02-16,Competitor
CUST10605,0,,Not Churned
CUST10606,0,,Not Churned
CUST10607,1,2026-01-04,High Price
CUST10608,0,,Not Churned
CUST10609,1,2026-03-05,Customer Support
CUST10610,0,,Not Churned
CUST10611,0,,Not Churned
CUST10612,0,,Not Churned
CUST10613,1,2026-02-02,High Price
CUST10614,0,,Not Churned
CUST10615,0,,Not Churned
CUST10616,0,,Not Churned
CUST10617,0,,Not Churned
CUST10618,0,,Not Churned
CUST10619,0,,Not Churned
CUST10620,1,2026-03-25,Not Using Product
CUST10621,0,,Not Churned
CUST10622,1,2026-02-24,Other
CUST10623,0,,Not Churned
CUST10624,1,2026-03-07,Customer Support
CUST10625,0,,Not Churned
CUST10626,0,,Not Churned
CUST10627,0,,Not Churned
CUST10628,1,2026-01-29,Competitor
CUST10629,0,,Not Churned
CUST10630,1,2026-01-16,Technical Issues
CUST10631,0,,Not Churned
CUST10632,0,,Not Churned
CUST10633,0,,Not Churned
CUST10634,0,,Not Churned
CUST10635,0,,Not Churned
CUST10636,0,,Not Churned
CUST10637,0,,Not Churned
CUST10638,1,2026-04-13,Customer Support
CUST10639,0,,Not Churned
CUST10640,0,,Not Churned
CUST10641,0,,Not Churned
CUST10642,0,,Not Churned
CUST10643,1,2026-01-09,Competitor
CUST10644,0,,Not Churned
CUST10645,0,,Not Churned
CUST10646,0,,Not Churned
CUST10647,0,,Not Churned
CUST10648,0,,Not Churned
CUST10649,1,2026-04-24,Not Using Product
CUST10650,1,2026-06-03,Competitor
CUST10651,1,2026-05-28,Other
CUST10652,0,,Not Churned
CUST10653,0,,Not Churned
CUST10654,0,,Not Churned
CUST10655,1,2026-07-10,Not Using Product
CUST10656,0,,Not Churned
CUST10657,0,,Not Churned
CUST10658,1,2026-07-30,High Price
CUST10659,0,,Not Churned
CUST10660,0,,Not Churned
CUST10661,0,,Not Churned
CUST10662,0,,Not Churned
CUST10663,0,,Not Churned
CUST10664,1,2026-02-01,Competitor
CUST10665,0,,Not Churned
CUST10666,0,,Not Churned
CUST10667,1,2026-03-04,High Price
CUST10668,1,2026-02-24,Other
CUST10669,0,,Not Churned
CUST10670,1,2026-05-04,Other
CUST10671,0,,Not Churned
CUST10672,0,,Not Churned
CUST10673,0,,Not Churned
CUST10674,0,,Not Churned
CUST10675,0,,Not Churned
CUST10676,0,,Not Churned
CUST10677,1,2026-05-20,High Price
CUST10678,0,,Not Churned
CUST10679,0,,Not Churned
CUST10680,0,,Not Churned
CUST10681,0,,Not Churned
CUST10682,0,,Not Churned
CUST10683,0,,Not Churned
CUST10684,0,,Not Churned
CUST10685,0,,Not Churned
CUST10686,1,2026-02-04,Competitor
CUST10687,0,,Not Churned
CUST10688,0,,Not Churned
CUST10689,1,2026-06-16,Customer Support
CUST10690,0,,Not Churned
CUST10691,0,,Not Churned
CUST10692,0,,Not Churned
CUST10693,1,2026-02-18,Competitor
CUST10694,1,2026-07-21,Technical Issues
CUST10695,0,,Not Churned
CUST10696,0,,Not Churned
CUST10697,1,2026-05-15,Poor Service
CUST10698,0,,Not Churned
CUST10699,0,,Not Churned
CUST10700,1,2026-06-18,Other
CUST10701,1,2026-08-16,Poor Service
CUST10702,1,2026-08-12,Other
CUST10703,1,2026-04-17,Technical Issues
CUST10704,1,2026-06-01,High Price
CUST10705,1,2026-03-10,Not Using Product
CUST10706,0,,Not Churned
CUST10707,0,,Not Churned
CUST10708,0,,Not Churned
CUST10709,1,2026-01-14,High Price
CUST10710,0,,Not Churned
CUST10711,1,2026-01-06,Not Using Product
CUST10712,0,,Not Churned
CUST10713,0,,Not Churned
CUST10714,0,,Not Churned
CUST10715,1,2026-06-28,Not Using Product
CUST10716,0,,Not Churned
CUST10717,0,,Not Churned
CUST10718,0,,Not Churned
CUST10719,0,,Not Churned
CUST10720,0,,Not Churned
CUST10721,0,,Not Churned
CUST10722,1,2026-07-24,Other
CUST10723,0,,Not Churned
CUST10724,1,2026-03-09,Customer Support
CUST10725,1,2026-01-14,Customer Support
CUST10726,1,2026-06-21,High Price
CUST10727,1,2026-06-24,Competitor
CUST10728,0,,Not Churned
CUST10729,0,,Not Churned
CUST10730,0,,Not Churned
CUST10731,0,,Not Churned
CUST10732,1,2026-05-23,Technical Issues
CUST10733,0,,Not Churned
CUST10734,0,,Not Churned
CUST10735,1,2026-01-22,Competitor
CUST10736,0,,Not Churned
CUST10737,0,,Not Churned
CUST10738,0,,Not Churned
CUST10739,0,,Not Churned
CUST10740,0,,Not Churned
CUST10741,0,,Not Churned
CUST10742,1,2026-04-13,Technical Issues
CUST10743,0,,Not Churned
CUST10744,0,,Not Churned
CUST10745,0,,Not Churned
CUST10746,1,2026-03-12,Poor Service
CUST10747,0,,Not Churned
CUST10748,0,,Not Churned
CUST10749,0,,Not Churned
CUST10750,0,,Not Churned
CUST10751,0,,Not Churned
CUST10752,1,2026-01-31,Other
CUST10753,0,,Not Churned
CUST10754,0,,Not Churned
CUST10755,0,,Not Churned
CUST10756,0,,Not Churned
CUST10757,0,,Not Churned
CUST10758,0,,Not Churned
CUST10759,1,2026-05-24,Customer Support
CUST10760,0,,Not Churned
CUST10761,0,,Not Churned
CUST10762,0,,Not Churned
CUST10763,0,,Not Churned
CUST10764,0,,Not Churned
CUST10765,0,,Not Churned
CUST10766,1,2026-07-21,Technical Issues
CUST10767,0,,Not Churned
CUST10768,0,,Not Churned
CUST10769,1,2026-01-25,High Price
CUST10770,0,,Not Churned
CUST10771,0,,Not Churned
CUST10772,0,,Not Churned
CUST10773,0,,Not Churned
CUST10774,0,,Not Churned
CUST10775,0,,Not Churned
CUST10776,0,,Not Churned
CUST10777,0,,Not Churned
CUST10778,1,2026-06-26,Not Using Product
CUST10779,1,2026-03-09,Customer Support
CUST10780,0,,Not Churned
CUST10781,1,2026-05-25,Other
CUST10782,1,2026-06-25,Other
CUST10783,0,,Not Churned
CUST10784,0,,Not Churned
CUST10785,0,,Not Churned
CUST10786,0,,Not Churned
CUST10787,0,,Not Churned
CUST10788,0,,Not Churned
CUST10789,1,2026-04-10,Competitor
CUST10790,1,2026-03-26,Customer Support
CUST10791,0,,Not Churned
CUST10792,0,,Not Churned
CUST10793,1,2026-04-27,High Price
CUST10794,1,2026-05-12,Technical Issues
CUST10795,0,,Not Churned
CUST10796,1,2026-04-01,Other
CUST10797,0,,Not Churned
CUST10798,1,2026-08-29,Poor Service
CUST10799,0,,Not Churned
CUST10800,1,2026-02-27,Poor Service
CUST10801,1,2026-02-12,Other
CUST10802,0,,Not Churned
CUST10803,0,,Not Churned
CUST10804,0,,Not Churned
CUST10805,0,,Not Churned
CUST10806,0,,Not Churned
CUST10807,0,,Not Churned
CUST10808,0,,Not Churned
CUST10809,1,2026-07-23,Competitor
CUST10810,0,,Not Churned
CUST10811,1,2026-08-06,Competitor
CUST10812,1,2026-04-09,Not Using Product
CUST10813,0,,Not Churned
CUST10814,0,,Not Churned
CUST10815,1,2026-06-20,Poor Service
CUST10816,0,,Not Churned
CUST10817,1,2026-06-01,High Price
CUST10818,0,,Not Churned
CUST10819,0,,Not Churned
CUST10820,1,2026-01-21,Competitor
CUST10821,0,,Not Churned
CUST10822,1,2026-06-16,Poor Service
CUST10823,0,,Not Churned
CUST10824,0,,Not Churned
CUST10825,0,,Not Churned
CUST10826,0,,Not Churned
CUST10827,0,,Not Churned
CUST10828,0,,Not Churned
CUST10829,1,2026-06-02,Other
CUST10830,1,2026-01-14,Not Using Product
CUST10831,0,,Not Churned
CUST10832,0,,Not Churned
CUST10833,0,,Not Churned
CUST10834,1,2026-03-09,High Price
CUST10835,0,,Not Churned
CUST10836,1,2026-04-25,Not Using Product
CUST10837,0,,Not Churned
CUST10838,0,,Not Churned
CUST10839,0,,Not Churned
CUST10840,1,2026-08-16,Poor Service
CUST10841,0,,Not Churned
CUST10842,1,2026-05-06,Competitor
CUST10843,1,2026-01-19,High Price
CUST10844,0,,Not Churned
CUST10845,0,,Not Churned
CUST10846,1,2026-08-15,Poor Service
CUST10847,0,,Not Churned
CUST10848,0,,Not Churned
CUST10849,0,,Not Churned
CUST10850,1,2026-02-20,Competitor
CUST10851,0,,Not Churned
CUST10852,0,,Not Churned
CUST10853,0,,Not Churned
CUST10854,0,,Not Churned
CUST10855,1,2026-04-25,Customer Support
CUST10856,1,2026-01-10,High Price
CUST10857,0,,Not Churned
CUST10858,0,,Not Churned
CUST10859,1,2026-07-17,High Price
CUST10860,0,,Not Churned
CUST10861,0,,Not Churned
CUST10862,0,,Not Churned
CUST10863,0,,Not Churned
CUST10864,1,2026-08-26,Poor Service
CUST10865,0,,Not Churned
CUST10866,0,,Not Churned
CUST10867,0,,Not Churned
CUST10868,0,,Not Churned
CUST10869,0,,Not Churned
CUST10870,1,2026-04-30,Technical Issues
CUST10871,0,,Not Churned
CUST10872,0,,Not Churned
CUST10873,0,,Not Churned
CUST10874,1,2026-06-22,Customer Support
CUST10875,0,,Not Churned
CUST10876,0,,Not Churned
CUST10877,0,,Not Churned
CUST10878,0,,Not Churned
CUST10879,0,,Not Churned
CUST10880,0,,Not Churned
CUST10881,0,,Not Churned
CUST10882,0,,Not Churned
CUST10883,1,2026-07-11,Other
CUST10884,0,,Not Churned
CUST10885,0,,Not Churned
CUST10886,0,,Not Churned
CUST10887,0,,Not Churned
CUST10888,0,,Not Churned
CUST10889,1,2026-01-20,High Price
CUST10890,0,,Not Churned
CUST10891,0,,Not Churned
CUST10892,0,,Not Churned
CUST10893,0,,Not Churned
CUST10894,0,,Not Churned
CUST10895,0,,Not Churned
CUST10896,0,,Not Churned
CUST10897,0,,Not Churned
CUST10898,1,2026-06-08,Competitor
CUST10899,0,,Not Churned
CUST10900,0,,Not Churned
CUST10901,0,,Not Churned
CUST10902,1,2026-05-26,Technical Issues
CUST10903,1,2026-01-27,Other
CUST10904,0,,Not Churned
CUST10905,0,,Not Churned
CUST10906,0,,Not Churned
CUST10907,0,,Not Churned
CUST10908,0,,Not Churned
CUST10909,0,,Not Churned
CUST10910,1,2026-08-20,Poor Service
CUST10911,1,2026-02-19,High Price
CUST10912,0,,Not Churned
CUST10913,0,,Not Churned
CUST10914,0,,Not Churned
CUST10915,0,,Not Churned
CUST10916,1,2026-06-10,Not Using Product
CUST10917,1,2026-01-07,Poor Service
CUST10918,1,2026-08-11,Poor Service
CUST10919,0,,Not Churned
CUST10920,0,,Not Churned
CUST10921,0,,Not Churned
CUST10922,0,,Not Churned
CUST10923,1,2026-01-13,Competitor
CUST10924,0,,Not Churned
CUST10925,0,,Not Churned
CUST10926,0,,Not Churned
CUST10927,0,,Not Churned
CUST10928,0,,Not Churned
CUST10929,1,2026-08-15,Poor Service
CUST10930,0,,Not Churned
CUST10931,0,,Not Churned
CUST10932,1,2026-03-20,Competitor
CUST10933,1,2026-07-12,Other
CUST10934,1,2026-05-23,Customer Support
CUST10935,1,2026-01-30,Technical Issues
CUST10936,0,,Not Churned
CUST10937,0,,Not Churned
CUST10938,0,,Not Churned
CUST10939,0,,Not Churned
CUST10940,0,,Not Churned
CUST10941,0,,Not Churned
CUST10942,0,,Not Churned
CUST10943,0,,Not Churned
CUST10944,0,,Not Churned
CUST10945,0,,Not Churned
CUST10946,0,,Not Churned
CUST10947,0,,Not Churned
CUST10948,0,,Not Churned
CUST10949,0,,Not Churned
CUST10950,0,,Not Churned
CUST10951,0,,Not Churned
CUST10952,0,,Not Churned
CUST10953,0,,Not Churned
CUST10954,0,,Not Churned
CUST10955,0,,Not Churned
CUST10956,0,,Not Churned
CUST10957,0,,Not Churned
CUST10958,0,,Not Churned
CUST10959,0,,Not Churned
CUST10960,0,,Not Churned
CUST10961,0,,Not Churned
CUST10962,1,2026-06-09,Customer Support
CUST10963,0,,Not Churned
CUST10964,0,,Not Churned
CUST10965,0,,Not Churned
CUST10966,1,2026-01-31,Technical Issues
CUST10967,0,,Not Churned
CUST10968,0,,Not Churned
CUST10969,1,2026-01-27,Other
CUST10970,0,,Not Churned
CUST10971,0,,Not Churned
CUST10972,1,2026-06-17,Customer Support
CUST10973,0,,Not Churned
CUST10974,1,2026-02-08,Customer Support
CUST10975,0,,Not Churned
CUST10976,0,,Not Churned
CUST10977,1,2026-02-10,Not Using Product
CUST10978,1,2026-08-15,Customer Support
CUST10979,1,2026-03-14,Not Using Product
CUST10980,0,,Not Churned
CUST10981,0,,Not Churned
CUST10982,0,,Not Churned
CUST10983,0,,Not Churned
CUST10984,0,,Not Churned
CUST10985,0,,Not Churned
CUST10986,1,2026-05-19,High Price
CUST10987,0,,Not Churned
CUST10988,0,,Not Churned
CUST10989,0,,Not Churned
CUST10990,1,2026-07-13,Poor Service
CUST10991,0,,Not Churned
CUST10992,0,,Not Churned
CUST10993,1,2026-06-25,Technical Issues
CUST10994,0,,Not Churned
CUST10995,1,2026-06-15,Other
CUST10996,0,,Not Churned
CUST10997,0,,Not Churned
CUST10998,0,,Not Churned
CUST10999,0,,Not Churned
CUST11000,0,,Not Churned
CUST11001,0,,Not Churned
CUST11002,0,,Not Churned
CUST11003,0,,Not Churned
CUST11004,0,,Not Churned
CUST11005,1,2026-03-27,Technical Issues
CUST11006,1,2026-04-06,Competitor
CUST11007,0,,Not Churned
CUST11008,0,,Not Churned
CUST11009,0,,Not Churned
CUST11010,1,2026-06-03,Technical Issues
CUST11011,1,2026-04-20,Not Using Product
CUST11012,0,,Not Churned
CUST11013,1,2026-07-24,High Price
CUST11014,0,,Not Churned
CUST11015,1,2026-07-20,Customer Support
CUST11016,1,2026-06-27,High Price
CUST11017,0,,Not Churned
CUST11018,0,,Not Churned
CUST11019,0,,Not Churned
CUST11020,0,,Not Churned
CUST11021,0,,Not Churned
CUST11022,0,,Not Churned
CUST11023,0,,Not Churned
CUST11024,0,,Not Churned
CUST11025,0,,Not Churned
CUST11026,0,,Not Churned
CUST11027,0,,Not Churned
CUST11028,0,,Not Churned
CUST11029,0,,Not Churned
CUST11030,0,,Not Churned
CUST11031,0,,Not Churned
CUST11032,0,,Not Churned
CUST11033,1,2026-04-23,Competitor
CUST11034,0,,Not Churned
CUST11035,0,,Not Churned
CUST11036,0,,Not Churned
CUST11037,0,,Not Churned
CUST11038,1,2026-03-11,Poor Service
CUST11039,0,,Not Churned
CUST11040,0,,Not Churned
CUST11041,1,2026-03-18,Poor Service
CUST11042,1,2026-03-25,Not Using Product
CUST11043,0,,Not Churned
CUST11044,0,,Not Churned
CUST11045,0,,Not Churned
CUST11046,0,,Not Churned
CUST11047,0,,Not Churned
CUST11048,0,,Not Churned
CUST11049,0,,Not Churned
CUST11050,0,,Not Churned
CUST11051,0,,Not Churned
CUST11052,0,,Not Churned
CUST11053,0,,Not Churned
CUST11054,0,,Not Churned
CUST11055,1,2026-05-29,Not Using Product
CUST11056,0,,Not Churned
CUST11057,0,,Not Churned
CUST11058,1,2026-04-02,Technical Issues
CUST11059,0,,Not Churned
CUST11060,0,,Not Churned
CUST11061,1,2026-02-24,Poor Service
CUST11062,0,,Not Churned
CUST11063,1,2026-03-23,Customer Support
CUST11064,0,,Not Churned
CUST11065,0,,Not Churned
CUST11066,0,,Not Churned
CUST11067,1,2026-01-04,Competitor
CUST11068,1,2026-03-28,Technical Issues
CUST11069,0,,Not Churned
CUST11070,0,,Not Churned
CUST11071,0,,Not Churned
CUST11072,0,,Not Churned
CUST11073,0,,Not Churned
CUST11074,1,2026-04-17,Other
CUST11075,1,2026-06-05,Not Using Product
CUST11076,1,2026-03-22,Not Using Product
CUST11077,0,,Not Churned
CUST11078,0,,Not Churned
CUST11079,0,,Not Churned
CUST11080,0,,Not Churned
CUST11081,1,2026-05-09,Competitor
CUST11082,1,2026-08-05,Competitor
CUST11083,0,,Not Churned
CUST11084,0,,Not Churned
CUST11085,1,2026-03-11,Technical Issues
CUST11086,0,,Not Churned
CUST11087,0,,Not Churned
CUST11088,0,,Not Churned
CUST11089,0,,Not Churned
CUST11090,0,,Not Churned
CUST11091,0,,Not Churned
CUST11092,0,,Not Churned
CUST11093,0,,Not Churned
CUST11094,0,,Not Churned
CUST11095,0,,Not Churned
CUST11096,0,,Not Churned
CUST11097,0,,Not Churned
CUST11098,0,,Not Churned
CUST11099,0,,Not Churned
CUST11100,0,,Not Churned
CUST11101,0,,Not Churned
CUST11102,0,,Not Churned
CUST11103,1,2026-06-22,Not Using Product
CUST11104,1,2026-08-30,High Price
CUST11105,0,,Not Churned
CUST11106,1,2026-08-21,High Price
CUST11107,1,2026-03-21,Other
CUST11108,1,2026-03-11,Technical Issues
CUST11109,1,2026-01-20,Not Using Product
CUST11110,0,,Not Churned
CUST11111,0,,Not Churned
CUST11112,1,2026-04-18,Other
CUST11113,0,,Not Churned
CUST11114,0,,Not Churned
CUST11115,0,,Not Churned
CUST11116,0,,Not Churned
CUST11117,0,,Not Churned
CUST11118,0,,Not Churned
CUST11119,1,2026-05-28,Poor Service
CUST11120,0,,Not Churned
CUST11121,1,2026-05-17,High Price
CUST11122,1,2026-07-07,Other
CUST11123,0,,Not Churned
CUST11124,0,,Not Churned
CUST11125,0,,Not Churned
CUST11126,0,,Not Churned
CUST11127,0,,Not Churned
CUST11128,1,2026-08-06,Poor Service
CUST11129,1,2026-03-23,Poor Service
CUST11130,0,,Not Churned
CUST11131,0,,Not Churned
CUST11132,1,2026-07-09,Customer Support
CUST11133,0,,Not Churned
CUST11134,0,,Not Churned
CUST11135,1,2026-05-25,Customer Support
CUST11136,0,,Not Churned
CUST11137,1,2026-03-08,Customer Support
CUST11138,0,,Not Churned
CUST11139,0,,Not Churned
CUST11140,0,,Not Churned
CUST11141,1,2026-05-13,Not Using Product
CUST11142,1,2026-08-29,High Price
CUST11143,1,2026-01-24,Poor Service
CUST11144,0,,Not Churned
CUST11145,0,,Not Churned
CUST11146,0,,Not Churned
CUST11147,0,,Not Churned
CUST11148,0,,Not Churned
CUST11149,0,,Not Churned
CUST11150,0,,Not Churned
CUST11151,0,,Not Churned
CUST11152,0,,Not Churned
CUST11153,0,,Not Churned
CUST11154,0,,Not Churned
CUST11155,0,,Not Churned
CUST11156,0,,Not Churned
CUST11157,0,,Not Churned
CUST11158,0,,Not Churned
CUST11159,1,2026-08-10,High Price
CUST11160,1,2026-07-17,Other
CUST11161,0,,Not Churned
CUST11162,0,,Not Churned
CUST11163,0,,Not Churned
CUST11164,0,,Not Churned
CUST11165,0,,Not Churned
CUST11166,0,,Not Churned
CUST11167,0,,Not Churned
CUST11168,1,2026-07-18,Technical Issues
CUST11169,1,2026-02-13,Technical Issues
CUST11170,0,,Not Churned
CUST11171,0,,Not Churned
CUST11172,0,,Not Churned
CUST11173,0,,Not Churned
CUST11174,1,2026-02-10,Other
CUST11175,1,2026-07-03,Competitor
CUST11176,1,2026-05-17,Customer Support
CUST11177,0,,Not Churned
CUST11178,0,,Not Churned
CUST11179,0,,Not Churned
CUST11180,1,2026-08-05,Technical Issues
CUST11181,0,,Not Churned
CUST11182,1,2026-03-16,Customer Support
CUST11183,0,,Not Churned
CUST11184,0,,Not Churned
CUST11185,0,,Not Churned
CUST11186,1,2026-05-10,Customer Support
CUST11187,1,2026-04-28,Other
CUST11188,1,2026-05-13,High Price
CUST11189,0,,Not Churned
CUST11190,1,2026-01-23,Customer Support
CUST11191,0,,Not Churned
CUST11192,1,2026-08-19,Competitor
CUST11193,0,,Not Churned
CUST11194,0,,Not Churned
CUST11195,0,,Not Churned
CUST11196,1,2026-04-15,Other
CUST11197,0,,Not Churned
CUST11198,0,,Not Churned
CUST11199,0,,Not Churned
CUST11200,0,,Not Churned
CUST11201,0,,Not Churned
CUST11202,0,,Not Churned
CUST11203,0,,Not Churned
CUST11204,0,,Not Churned
CUST11205,0,,Not Churned
CUST11206,0,,Not Churned
CUST11207,1,2026-08-18,Technical Issues
CUST11208,0,,Not Churned
CUST11209,0,,Not Churned
CUST11210,0,,Not Churned
CUST11211,0,,Not Churned
CUST11212,0,,Not Churned
CUST11213,0,,Not Churned
CUST11214,1,2026-08-15,Poor Service
CUST11215,1,2026-07-05,Poor Service
CUST11216,1,2026-06-20,Customer Support
CUST11217,1,2026-02-12,Technical Issues
CUST11218,0,,Not Churned
CUST11219,0,,Not Churned
CUST11220,1,2026-01-18,Competitor
CUST11221,0,,Not Churned
CUST11222,0,,Not Churned
CUST11223,0,,Not Churned
CUST11224,1,2026-05-27,Customer Support
CUST11225,0,,Not Churned
CUST11226,0,,Not Churned
CUST11227,0,,Not Churned
CUST11228,0,,Not Churned
CUST11229,0,,Not Churned
CUST11230,0,,Not Churned
CUST11231,0,,Not Churned
CUST11232,1,2026-05-15,Competitor
CUST11233,0,,Not Churned
CUST11234,1,2026-07-11,High Price
CUST11235,1,2026-07-20,Poor Service
CUST11236,0,,Not Churned
CUST11237,1,2026-05-25,Competitor
CUST11238,1,2026-03-01,High Price
CUST11239,0,,Not Churned
CUST11240,1,2026-07-10,Poor Service
CUST11241,1,2026-07-14,Other
CUST11242,1,2026-01-24,Not Using Product
CUST11243,1,2026-02-24,Poor Service
CUST11244,0,,Not Churned
CUST11245,0,,Not Churned
CUST11246,0,,Not Churned
CUST11247,0,,Not Churned
CUST11248,1,2026-06-30,Technical Issues
CUST11249,0,,Not Churned
CUST11250,0,,Not Churned
CUST11251,0,,Not Churned
CUST11252,0,,Not Churned
CUST11253,1,2026-07-12,High Price
CUST11254,0,,Not Churned
CUST11255,0,,Not Churned
CUST11256,0,,Not Churned
CUST11257,1,2026-02-01,Competitor
CUST11258,0,,Not Churned
CUST11259,0,,Not Churned
CUST11260,1,2026-06-26,Technical Issues
CUST11261,0,,Not Churned
CUST11262,0,,Not Churned
CUST11263,1,2026-05-22,Competitor
CUST11264,0,,Not Churned
CUST11265,0,,Not Churned
CUST11266,0,,Not Churned
CUST11267,0,,Not Churned
CUST11268,0,,Not Churned
CUST11269,1,2026-04-18,Other
CUST11270,0,,Not Churned
CUST11271,0,,Not Churned
CUST11272,0,,Not Churned
CUST11273,0,,Not Churned
CUST11274,1,2026-06-25,Poor Service
CUST11275,0,,Not Churned
CUST11276,0,,Not Churned
CUST11277,1,2026-06-26,Competitor
CUST11278,0,,Not Churned
CUST11279,0,,Not Churned
CUST11280,0,,Not Churned
CUST11281,0,,Not Churned
CUST11282,0,,Not Churned
CUST11283,0,,Not Churned
CUST11284,0,,Not Churned
CUST11285,0,,Not Churned
CUST11286,0,,Not Churned
CUST11287,0,,Not Churned
CUST11288,0,,Not Churned
CUST11289,1,2026-05-17,Technical Issues
CUST11290,0,,Not Churned
CUST11291,1,2026-08-16,Not Using Product
CUST11292,0,,Not Churned
CUST11293,0,,Not Churned
CUST11294,0,,Not Churned
CUST11295,1,2026-05-01,Poor Service
CUST11296,0,,Not Churned
CUST11297,0,,Not Churned
CUST11298,1,2026-01-26,Poor Service
CUST11299,0,,Not Churned
CUST11300,0,,Not Churned
CUST11301,0,,Not Churned
CUST11302,1,2026-08-08,Poor Service
CUST11303,0,,Not Churned
CUST11304,0,,Not Churned
CUST11305,0,,Not Churned
CUST11306,1,2026-03-07,Other
CUST11307,0,,Not Churned
CUST11308,1,2026-02-09,Customer Support
CUST11309,0,,Not Churned
CUST11310,1,2026-01-10,High Price
CUST11311,0,,Not Churned
CUST11312,0,,Not Churned
CUST11313,1,2026-06-16,Other
CUST11314,0,,Not Churned
CUST11315,1,2026-05-08,Competitor
CUST11316,0,,Not Churned
CUST11317,0,,Not Churned
CUST11318,0,,Not Churned
CUST11319,0,,Not Churned
CUST11320,1,2026-07-05,Competitor
CUST11321,0,,Not Churned
CUST11322,0,,Not Churned
CUST11323,0,,Not Churned
CUST11324,1,2026-06-01,Customer Support
CUST11325,0,,Not Churned
CUST11326,0,,Not Churned
CUST11327,0,,Not Churned
CUST11328,1,2026-06-18,Not Using Product
CUST11329,1,2026-03-20,Not Using Product
CUST11330,0,,Not Churned
CUST11331,0,,Not Churned
CUST11332,1,2026-05-18,Competitor
CUST11333,0,,Not Churned
CUST11334,0,,Not Churned
CUST11335,1,2026-06-17,Technical Issues
CUST11336,1,2026-03-22,Poor Service
CUST11337,1,2026-01-31,Technical Issues
CUST11338,0,,Not Churned
CUST11339,0,,Not Churned
CUST11340,0,,Not Churned
CUST11341,0,,Not Churned
CUST11342,1,2026-05-05,High Price
CUST11343,1,2026-03-17,Competitor
CUST11344,0,,Not Churned
CUST11345,0,,Not Churned
CUST11346,0,,Not Churned
CUST11347,0,,Not Churned
CUST11348,0,,Not Churned
CUST11349,0,,Not Churned
CUST11350,0,,Not Churned
CUST11351,1,2026-03-01,Not Using Product
CUST11352,1,2026-02-07,Customer Support
CUST11353,1,2026-08-13,Competitor
CUST11354,0,,Not Churned
CUST11355,1,2026-02-13,High Price
CUST11356,0,,Not Churned
CUST11357,0,,Not Churned
CUST11358,0,,Not Churned
CUST11359,0,,Not Churned
CUST11360,0,,Not Churned
CUST11361,0,,Not Churned
CUST11362,1,2026-04-27,Poor Service
CUST11363,0,,Not Churned
CUST11364,0,,Not Churned
CUST11365,1,2026-05-08,Other
CUST11366,0,,Not Churned
CUST11367,0,,Not Churned
CUST11368,1,2026-07-03,Customer Support
CUST11369,1,2026-07-07,Poor Service
CUST11370,0,,Not Churned
CUST11371,1,2026-06-18,Customer Support
CUST11372,0,,Not Churned
CUST11373,0,,Not Churned
CUST11374,0,,Not Churned
CUST11375,0,,Not Churned
CUST11376,1,2026-06-15,Other
CUST11377,0,,Not Churned
CUST11378,0,,Not Churned
CUST11379,1,2026-01-31,Not Using Product
CUST11380,1,2026-04-17,Not Using Product
CUST11381,1,2026-02-27,High Price
CUST11382,1,2026-01-06,Poor Service
CUST11383,1,2026-07-24,Technical Issues
CUST11384,0,,Not Churned
CUST11385,0,,Not Churned
CUST11386,0,,Not Churned
CUST11387,0,,Not Churned
CUST11388,0,,Not Churned
CUST11389,1,2026-07-20,Poor Service
CUST11390,0,,Not Churned
CUST11391,1,2026-07-18,Customer Support
CUST11392,1,2026-08-05,Not Using Product
CUST11393,0,,Not Churned
CUST11394,1,2026-06-07,High Price
CUST11395,1,2026-07-30,Poor Service
CUST11396,0,,Not Churned
CUST11397,1,2026-04-19,High Price
CUST11398,1,2026-01-16,Not Using Product
CUST11399,1,2026-01-04,Not Using Product
CUST11400,1,2026-02-27,Customer Support
CUST11401,0,,Not Churned
CUST11402,0,,Not Churned
CUST11403,0,,Not Churned
CUST11404,0,,Not Churned
CUST11405,0,,Not Churned
CUST11406,0,,Not Churned
CUST11407,0,,Not Churned
CUST11408,0,,Not Churned
CUST11409,1,2026-06-09,High Price
CUST11410,0,,Not Churned
CUST11411,0,,Not Churned
CUST11412,0,,Not Churned
CUST11413,0,,Not Churned
CUST11414,0,,Not Churned
CUST11415,1,2026-06-29,Poor Service
CUST11416,0,,Not Churned
CUST11417,1,2026-04-14,Technical Issues
CUST11418,0,,Not Churned
CUST11419,0,,Not Churned
CUST11420,1,2026-06-13,Technical Issues
CUST11421,0,,Not Churned
CUST11422,0,,Not Churned
CUST11423,1,2026-04-19,Other
CUST11424,0,,Not Churned
CUST11425,0,,Not Churned
CUST11426,1,2026-07-20,Customer Support
CUST11427,0,,Not Churned
CUST11428,1,2026-05-05,Not Using Product
CUST11429,1,2026-04-09,Other
CUST11430,0,,Not Churned
CUST11431,1,2026-01-05,Customer Support
CUST11432,1,2026-04-14,Other
CUST11433,0,,Not Churned
CUST11434,0,,Not Churned
CUST11435,0,,Not Churned
CUST11436,0,,Not Churned
CUST11437,0,,Not Churned
CUST11438,0,,Not Churned
CUST11439,1,2026-03-11,Other
CUST11440,0,,Not Churned
CUST11441,0,,Not Churned
CUST11442,0,,Not Churned
CUST11443,0,,Not Churned
CUST11444,1,2026-02-15,Other
CUST11445,0,,Not Churned
CUST11446,0,,Not Churned
CUST11447,0,,Not Churned
CUST11448,0,,Not Churned
CUST11449,0,,Not Churned
CUST11450,0,,Not Churned
CUST11451,0,,Not Churned
CUST11452,1,2026-06-26,Competitor
CUST11453,0,,Not Churned
CUST11454,0,,Not Churned
CUST11455,0,,Not Churned
CUST11456,0,,Not Churned
CUST11457,0,,Not Churned
CUST11458,0,,Not Churned
CUST11459,0,,Not Churned
CUST11460,0,,Not Churned
CUST11461,0,,Not Churned
CUST11462,0,,Not Churned
CUST11463,0,,Not Churned
CUST11464,0,,Not Churned
CUST11465,0,,Not Churned
CUST11466,0,,Not Churned
CUST11467,0,,Not Churned
CUST11468,1,2026-07-31,Other
CUST11469,0,,Not Churned
CUST11470,1,2026-05-17,High Price
CUST11471,0,,Not Churned
CUST11472,0,,Not Churned
CUST11473,1,2026-04-07,Customer Support
CUST11474,1,2026-03-31,Poor Service
CUST11475,0,,Not Churned
CUST11476,0,,Not Churned
CUST11477,1,2026-03-01,Competitor
CUST11478,0,,Not Churned
CUST11479,0,,Not Churned
CUST11480,0,,Not Churned
CUST11481,0,,Not Churned
CUST11482,0,,Not Churned
CUST11483,0,,Not Churned
CUST11484,1,2026-01-17,Poor Service
CUST11485,1,2026-08-27,Not Using Product
CUST11486,0,,Not Churned
CUST11487,0,,Not Churned
CUST11488,0,,Not Churned
CUST11489,0,,Not Churned
CUST11490,0,,Not Churned
CUST11491,1,2026-01-26,Technical Issues
CUST11492,1,2026-03-10,Technical Issues
CUST11493,0,,Not Churned
CUST11494,0,,Not Churned
CUST11495,0,,Not Churned
CUST11496,1,2026-02-17,Customer Support
CUST11497,0,,Not Churned
CUST11498,1,2026-05-22,Poor Service
CUST11499,0,,Not Churned
CUST11500,0,,Not Churned
CUST11501,0,,Not Churned
CUST11502,0,,Not Churned
CUST11503,1,2026-07-05,Technical Issues
CUST11504,0,,Not Churned
CUST11505,0,,Not Churned
CUST11506,0,,Not Churned
CUST11507,1,2026-03-03,Poor Service
CUST11508,1,2026-02-02,Not Using Product
CUST11509,1,2026-08-07,Poor Service
CUST11510,0,,Not Churned
CUST11511,0,,Not Churned
CUST11512,1,2026-05-16,High Price
CUST11513,0,,Not Churned
CUST11514,0,,Not Churned
CUST11515,0,,Not Churned
CUST11516,1,2026-01-29,High Price
CUST11517,0,,Not Churned
CUST11518,0,,Not Churned
CUST11519,0,,Not Churned
CUST11520,1,2026-04-20,Technical Issues
CUST11521,0,,Not Churned
CUST11522,1,2026-08-23,Not Using Product
CUST11523,0,,Not Churned
CUST11524,1,2026-04-12,High Price
CUST11525,0,,Not Churned
CUST11526,0,,Not Churned
CUST11527,0,,Not Churned
CUST11528,0,,Not Churned
CUST11529,0,,Not Churned
CUST11530,0,,Not Churned
CUST11531,0,,Not Churned
CUST11532,0,,Not Churned
CUST11533,1,2026-04-11,Competitor
CUST11534,0,,Not Churned
CUST11535,1,2026-08-07,Technical Issues
CUST11536,1,2026-02-13,Technical Issues
CUST11537,1,2026-02-03,Other
CUST11538,1,2026-06-07,Poor Service
CUST11539,0,,Not Churned
CUST11540,0,,Not Churned
CUST11541,0,,Not Churned
CUST11542,0,,Not Churned
CUST11543,0,,Not Churned
CUST11544,0,,Not Churned
CUST11545,1,2026-04-01,Other
CUST11546,1,2026-05-09,Competitor
CUST11547,1,2026-04-11,High Price
CUST11548,0,,Not Churned
CUST11549,1,2026-02-08,Other
CUST11550,0,,Not Churned
CUST11551,0,,Not Churned
CUST11552,1,2026-02-04,Technical Issues
CUST11553,0,,Not Churned
CUST11554,0,,Not Churned
CUST11555,0,,Not Churned
CUST11556,1,2026-02-22,Not Using Product
CUST11557,0,,Not Churned
CUST11558,0,,Not Churned
CUST11559,0,,Not Churned
CUST11560,1,2026-04-13,Poor Service
CUST11561,0,,Not Churned
CUST11562,0,,Not Churned
CUST11563,1,2026-02-02,Competitor
CUST11564,1,2026-08-29,Competitor
CUST11565,0,,Not Churned
CUST11566,0,,Not Churned
CUST11567,0,,Not Churned
CUST11568,0,,Not Churned
CUST11569,0,,Not Churned
CUST11570,0,,Not Churned
CUST11571,0,,Not Churned
CUST11572,1,2026-08-02,Competitor
CUST11573,0,,Not Churned
CUST11574,0,,Not Churned
CUST11575,0,,Not Churned
CUST11576,0,,Not Churned
CUST11577,0,,Not Churned
CUST11578,0,,Not Churned
CUST11579,1,2026-08-19,Customer Support
CUST11580,1,2026-06-25,Other
CUST11581,0,,Not Churned
CUST11582,0,,Not Churned
CUST11583,0,,Not Churned
CUST11584,0,,Not Churned
CUST11585,0,,Not Churned
CUST11586,0,,Not Churned
CUST11587,0,,Not Churned
CUST11588,0,,Not Churned
CUST11589,0,,Not Churned
CUST11590,0,,Not Churned
CUST11591,0,,Not Churned
CUST11592,0,,Not Churned
CUST11593,0,,Not Churned
CUST11594,0,,Not Churned
CUST11595,0,,Not Churned
CUST11596,0,,Not Churned
CUST11597,0,,Not Churned
CUST11598,0,,Not Churned
CUST11599,0,,Not Churned
CUST11600,1,2026-02-27,Not Using Product
CUST11601,0,,Not Churned
CUST11602,1,2026-07-07,Other
CUST11603,1,2026-05-18,Technical Issues
CUST11604,1,2026-02-21,Competitor
CUST11605,0,,Not Churned
CUST11606,0,,Not Churned
CUST11607,0,,Not Churned
CUST11608,0,,Not Churned
CUST11609,0,,Not Churned
CUST11610,1,2026-05-22,Customer Support
CUST11611,0,,Not Churned
CUST11612,0,,Not Churned
CUST11613,0,,Not Churned
CUST11614,0,,Not Churned
CUST11615,0,,Not Churned
CUST11616,0,,Not Churned
CUST11617,0,,Not Churned
CUST11618,0,,Not Churned
CUST11619,1,2026-06-08,Customer Support
CUST11620,0,,Not Churned
CUST11621,0,,Not Churned
CUST11622,1,2026-04-23,High Price
CUST11623,0,,Not Churned
CUST11624,1,2026-03-10,Poor Service
CUST11625,0,,Not Churned
CUST11626,1,2026-07-02,Technical Issues
CUST11627,0,,Not Churned
CUST11628,0,,Not Churned
CUST11629,0,,Not Churned
CUST11630,1,2026-08-02,Poor Service
CUST11631,0,,Not Churned
CUST11632,0,,Not Churned
CUST11633,0,,Not Churned
CUST11634,1,2026-03-06,Not Using Product
CUST11635,0,,Not Churned
CUST11636,1,2026-07-27,High Price
CUST11637,0,,Not Churned
CUST11638,0,,Not Churned
CUST11639,1,2026-01-28,Poor Service
CUST11640,1,2026-07-11,Other
CUST11641,0,,Not Churned
CUST11642,0,,Not Churned
CUST11643,0,,Not Churned
CUST11644,0,,Not Churned
CUST11645,0,,Not Churned
CUST11646,0,,Not Churned
CUST11647,1,2026-04-24,Competitor
CUST11648,0,,Not Churned
CUST11649,0,,Not Churned
CUST11650,1,2026-06-01,Technical Issues
CUST11651,1,2026-05-13,Poor Service
CUST11652,1,2026-05-01,Other
CUST11653,0,,Not Churned
CUST11654,1,2026-06-02,Customer Support
CUST11655,0,,Not Churned
CUST11656,0,,Not Churned
CUST11657,0,,Not Churned
CUST11658,1,2026-05-28,Customer Support
CUST11659,0,,Not Churned
CUST11660,0,,Not Churned
CUST11661,0,,Not Churned
CUST11662,0,,Not Churned
CUST11663,0,,Not Churned
CUST11664,0,,Not Churned
CUST11665,0,,Not Churned
CUST11666,1,2026-07-22,Not Using Product
CUST11667,0,,Not Churned
CUST11668,1,2026-01-22,High Price
CUST11669,1,2026-02-01,High Price
CUST11670,0,,Not Churned
CUST11671,0,,Not Churned
CUST11672,0,,Not Churned
CUST11673,1,2026-05-29,High Price
CUST11674,0,,Not Churned
CUST11675,0,,Not Churned
CUST11676,0,,Not Churned
CUST11677,0,,Not Churned
CUST11678,0,,Not Churned
CUST11679,0,,Not Churned
CUST11680,1,2026-01-28,Not Using Product
CUST11681,0,,Not Churned
CUST11682,0,,Not Churned
CUST11683,0,,Not Churned
CUST11684,1,2026-06-10,Other
CUST11685,0,,Not Churned
CUST11686,0,,Not Churned
CUST11687,0,,Not Churned
CUST11688,0,,Not Churned
CUST11689,0,,Not Churned
CUST11690,1,2026-04-22,Other
CUST11691,0,,Not Churned
CUST11692,1,2026-05-19,High Price
CUST11693,0,,Not Churned
CUST11694,0,,Not Churned
CUST11695,0,,Not Churned
CUST11696,0,,Not Churned
CUST11697,0,,Not Churned
CUST11698,1,2026-07-19,Other
CUST11699,0,,Not Churned
CUST11700,0,,Not Churned
CUST11701,0,,Not Churned
CUST11702,0,,Not Churned
CUST11703,0,,Not Churned
CUST11704,0,,Not Churned
CUST11705,0,,Not Churned
CUST11706,1,2026-07-10,Customer Support
CUST11707,0,,Not Churned
CUST11708,0,,Not Churned
CUST11709,0,,Not Churned
CUST11710,1,2026-03-30,High Price
CUST11711,0,,Not Churned
CUST11712,0,,Not Churned
CUST11713,0,,Not Churned
CUST11714,0,,Not Churned
CUST11715,0,,Not Churned
CUST11716,0,,Not Churned
CUST11717,0,,Not Churned
CUST11718,1,2026-07-20,Customer Support
CUST11719,1,2026-01-28,Poor Service
CUST11720,1,2026-02-12,Poor Service
CUST11721,0,,Not Churned
CUST11722,0,,Not Churned
CUST11723,1,2026-01-13,Competitor
CUST11724,0,,Not Churned
CUST11725,0,,Not Churned
CUST11726,0,,Not Churned
CUST11727,1,2026-01-31,High Price
CUST11728,1,2026-01-25,Other
CUST11729,0,,Not Churned
CUST11730,1,2026-01-17,Customer Support
CUST11731,1,2026-04-09,Customer Support
CUST11732,0,,Not Churned
CUST11733,0,,Not Churned
CUST11734,1,2026-06-13,Technical Issues
CUST11735,0,,Not Churned
CUST11736,0,,Not Churned
CUST11737,0,,Not Churned
CUST11738,0,,Not Churned
CUST11739,1,2026-03-03,Competitor
CUST11740,0,,Not Churned
CUST11741,0,,Not Churned
CUST11742,1,2026-02-24,Not Using Product
CUST11743,1,2026-05-18,Poor Service
CUST11744,0,,Not Churned
CUST11745,0,,Not Churned
CUST11746,1,2026-01-28,Not Using Product
CUST11747,1,2026-07-17,Not Using Product
CUST11748,0,,Not Churned
CUST11749,0,,Not Churned
CUST11750,0,,Not Churned
CUST11751,0,,Not Churned
CUST11752,1,2026-02-11,Customer Support
CUST11753,0,,Not Churned
CUST11754,1,2026-04-13,Customer Support
CUST11755,0,,Not Churned
CUST11756,0,,Not Churned
CUST11757,0,,Not Churned
CUST11758,0,,Not Churned
CUST11759,0,,Not Churned
CUST11760,0,,Not Churned
CUST11761,0,,Not Churned
CUST11762,1,2026-05-26,High Price
CUST11763,0,,Not Churned
CUST11764,0,,Not Churned
CUST11765,0,,Not Churned
CUST11766,1,2026-06-17,Technical Issues
CUST11767,0,,Not Churned
CUST11768,0,,Not Churned
CUST11769,0,,Not Churned
CUST11770,0,,Not Churned
CUST11771,0,,Not Churned
CUST11772,0,,Not Churned
CUST11773,0,,Not Churned
CUST11774,1,2026-05-15,Competitor
CUST11775,0,,Not Churned
CUST11776,0,,Not Churned
CUST11777,0,,Not Churned
CUST11778,0,,Not Churned
CUST11779,1,2026-08-11,Poor Service
CUST11780,0,,Not Churned
CUST11781,0,,Not Churned
CUST11782,0,,Not Churned
CUST11783,1,2026-06-14,High Price
CUST11784,1,2026-03-07,High Price
CUST11785,1,2026-05-03,Poor Service
CUST11786,1,2026-06-11,Technical Issues
CUST11787,1,2026-05-25,High Price
CUST11788,0,,Not Churned
CUST11789,0,,Not Churned
CUST11790,0,,Not Churned
CUST11791,0,,Not Churned
CUST11792,0,,Not Churned
CUST11793,0,,Not Churned
CUST11794,1,2026-06-12,Not Using Product
CUST11795,0,,Not Churned
CUST11796,0,,Not Churned
CUST11797,0,,Not Churned
CUST11798,1,2026-06-26,Other
CUST11799,0,,Not Churned
CUST11800,1,2026-01-18,Competitor
CUST11801,0,,Not Churned
CUST11802,1,2026-07-13,High Price
CUST11803,1,2026-03-26,Not Using Product
CUST11804,1,2026-01-31,Not Using Product
CUST11805,0,,Not Churned
CUST11806,0,,Not Churned
CUST11807,0,,Not Churned
CUST11808,0,,Not Churned
CUST11809,0,,Not Churned
CUST11810,1,2026-07-29,Other
CUST11811,1,2026-03-18,Customer Support
CUST11812,0,,Not Churned
CUST11813,1,2026-04-25,Competitor
CUST11814,1,2026-06-06,Customer Support
CUST11815,0,,Not Churned
CUST11816,0,,Not Churned
CUST11817,1,2026-06-07,Technical Issues
CUST11818,0,,Not Churned
CUST11819,0,,Not Churned
CUST11820,0,,Not Churned
CUST11821,1,2026-08-17,Not Using Product
CUST11822,1,2026-04-10,Competitor
CUST11823,0,,Not Churned
CUST11824,0,,Not Churned
CUST11825,0,,Not Churned
CUST11826,1,2026-02-15,Poor Service
CUST11827,0,,Not Churned
CUST11828,1,2026-07-25,Not Using Product
CUST11829,1,2026-03-21,Other
CUST11830,0,,Not Churned
CUST11831,0,,Not Churned
CUST11832,0,,Not Churned
CUST11833,1,2026-01-25,Not Using Product
CUST11834,1,2026-05-12,Not Using Product
CUST11835,0,,Not Churned
CUST11836,0,,Not Churned
CUST11837,1,2026-08-20,Competitor
CUST11838,0,,Not Churned
CUST11839,1,2026-05-02,Customer Support
CUST11840,0,,Not Churned
CUST11841,0,,Not Churned
CUST11842,0,,Not Churned
CUST11843,0,,Not Churned
CUST11844,1,2026-04-22,Technical Issues
CUST11845,0,,Not Churned
CUST11846,0,,Not Churned
CUST11847,1,2026-04-27,Technical Issues
CUST11848,0,,Not Churned
CUST11849,0,,Not Churned
CUST11850,1,2026-08-07,Other
CUST11851,0,,Not Churned
CUST11852,1,2026-03-15,Other
CUST11853,0,,Not Churned
CUST11854,0,,Not Churned
CUST11855,0,,Not Churned
CUST11856,0,,Not Churned
CUST11857,0,,Not Churned
CUST11858,0,,Not Churned
CUST11859,0,,Not Churned
CUST11860,0,,Not Churned
CUST11861,1,2026-01-05,Not Using Product
CUST11862,1,2026-03-27,Customer Support
CUST11863,0,,Not Churned
CUST11864,0,,Not Churned
CUST11865,0,,Not Churned
CUST11866,0,,Not Churned
CUST11867,0,,Not Churned
CUST11868,0,,Not Churned
CUST11869,0,,Not Churned
CUST11870,0,,Not Churned
CUST11871,0,,Not Churned
CUST11872,1,2026-06-29,High Price
CUST11873,1,2026-01-24,Customer Support
CUST11874,0,,Not Churned
CUST11875,0,,Not Churned
CUST11876,0,,Not Churned
CUST11877,1,2026-07-27,Competitor
CUST11878,0,,Not Churned
CUST11879,0,,Not Churned
CUST11880,0,,Not Churned
CUST11881,0,,Not Churned
CUST11882,1,2026-07-18,Other
CUST11883,0,,Not Churned
CUST11884,1,2026-06-18,Not Using Product
CUST11885,0,,Not Churned
CUST11886,0,,Not Churned
CUST11887,0,,Not Churned
CUST11888,1,2026-07-11,High Price
CUST11889,1,2026-03-18,Other
CUST11890,0,,Not Churned
CUST11891,0,,Not Churned
CUST11892,0,,Not Churned
CUST11893,0,,Not Churned
CUST11894,0,,Not Churned
CUST11895,1,2026-03-10,Other
CUST11896,1,2026-07-03,Poor Service
CUST11897,1,2026-07-25,Poor Service
CUST11898,1,2026-08-02,High Price
CUST11899,0,,Not Churned
CUST11900,1,2026-02-22,Poor Service
CUST11901,1,2026-08-09,Poor Service
CUST11902,1,2026-01-29,Other
CUST11903,0,,Not Churned
CUST11904,0,,Not Churned
CUST11905,0,,Not Churned
CUST11906,1,2026-05-14,Competitor
CUST11907,1,2026-03-31,Poor Service
CUST11908,0,,Not Churned
CUST11909,0,,Not Churned
CUST11910,0,,Not Churned
CUST11911,0,,Not Churned
CUST11912,1,2026-05-31,Technical Issues
CUST11913,0,,Not Churned
CUST11914,0,,Not Churned
CUST11915,0,,Not Churned
CUST11916,0,,Not Churned
CUST11917,0,,Not Churned
CUST11918,0,,Not Churned
CUST11919,1,2026-04-08,Poor Service
CUST11920,1,2026-01-08,Other
CUST11921,1,2026-05-02,Technical Issues
CUST11922,0,,Not Churned
CUST11923,0,,Not Churned
CUST11924,0,,Not Churned
CUST11925,0,,Not Churned
CUST11926,1,2026-07-22,Technical Issues
CUST11927,0,,Not Churned
CUST11928,1,2026-07-24,Other
CUST11929,1,2026-08-18,High Price
CUST11930,0,,Not Churned
CUST11931,0,,Not Churned
CUST11932,0,,Not Churned
CUST11933,1,2026-06-29,Technical Issues
CUST11934,0,,Not Churned
CUST11935,0,,Not Churned
CUST11936,0,,Not Churned
CUST11937,0,,Not Churned
CUST11938,0,,Not Churned
CUST11939,0,,Not Churned
CUST11940,0,,Not Churned
CUST11941,0,,Not Churned
CUST11942,1,2026-06-29,Technical Issues
CUST11943,1,2026-04-04,Not Using Product
CUST11944,0,,Not Churned
CUST11945,0,,Not Churned
CUST11946,1,2026-04-17,Competitor
CUST11947,0,,Not Churned
CUST11948,1,2026-04-28,Competitor
CUST11949,0,,Not Churned
CUST11950,0,,Not Churned
CUST11951,0,,Not Churned
CUST11952,0,,Not Churned
CUST11953,0,,Not Churned
CUST11954,0,,Not Churned
CUST11955,0,,Not Churned
CUST11956,0,,Not Churned
CUST11957,0,,Not Churned
CUST11958,0,,Not Churned
CUST11959,0,,Not Churned
CUST11960,0,,Not Churned
CUST11961,0,,Not Churned
CUST11962,0,,Not Churned
CUST11963,0,,Not Churned
CUST11964,0,,Not Churned
CUST11965,1,2026-01-17,Customer Support
CUST11966,0,,Not Churned
CUST11967,0,,Not Churned
CUST11968,1,2026-07-04,Customer Support
CUST11969,0,,Not Churned
CUST11970,0,,Not Churned
CUST11971,1,2026-02-23,High Price
CUST11972,0,,Not Churned
CUST11973,0,,Not Churned
CUST11974,0,,Not Churned
CUST11975,0,,Not Churned
CUST11976,0,,Not Churned
CUST11977,0,,Not Churned
CUST11978,0,,Not Churned
CUST11979,0,,Not Churned
CUST11980,0,,Not Churned
CUST11981,0,,Not Churned
CUST11982,1,2026-01-19,Other
CUST11983,0,,Not Churned
CUST11984,0,,Not Churned
CUST11985,0,,Not Churned
CUST11986,1,2026-07-20,Poor Service
CUST11987,0,,Not Churned
CUST11988,0,,Not Churned
CUST11989,0,,Not Churned
CUST11990,1,2026-07-23,Poor Service
CUST11991,0,,Not Churned
CUST11992,0,,Not Churned
CUST11993,0,,Not Churned
CUST11994,0,,Not Churned
CUST11995,0,,Not Churned
CUST11996,0,,Not Churned
CUST11997,0,,Not Churned
CUST11998,0,,Not Churned
CUST11999,0,,Not Churned
CUST12000,1,2026-06-08,Technical Issues
