customer_id,contract_type,monthly_charge,payment_method,start_date,end_date,subscription_type
CUST00001,Monthly,4174.69,Debit Card,2022-10-14,,Premium Plan
CUST00002,Monthly,541.16,Net Banking,2023-05-07,,Premium Plan
CUST00003,Monthly,3508.79,Debit Card,2021-02-12,,Basic Plan
CUST00004,Annual,3618.34,UPI,2022-11-12,,Standard Plan
CUST00005,Monthly,3972.64,Debit Card,2021-09-21,2026-07-25,Standard Plan
CUST00006,Annual,2406.16,Net Banking,2021-10-06,,Basic Plan
CUST00007,Annual,4719.98,Credit Card,2021-02-20,,Basic Plan
CUST00008,Monthly,4282.28,Net Banking,2022-09-08,,Standard Plan
CUST00009,Monthly,3024.27,UPI,2023-04-13,,Standard Plan
CUST00010,Annual,1008.12,Credit Card,2023-08-19,2026-01-08,Basic Plan
CUST00011,Monthly,3440.84,Net Banking,2022-04-19,,Basic Plan
CUST00012,Annual,2196.26,Net Banking,2023-07-21,2026-02-15,Premium Plan
CUST00013,Monthly,3964.49,Auto Pay,2022-02-15,2026-07-15,Premium Plan
CUST00014,Monthly,2304.8,Net Banking,2025-05-17,,Basic Plan
CUST00015,Annual,2654.7,UPI,2022-06-13,,Standard Plan
CUST00016,Monthly,4508.36,Auto Pay,2023-11-12,,Standard Plan
CUST00017,Annual,4988.55,Credit Card,2025-01-23,,Standard Plan
CUST00018,Monthly,2025.34,Net Banking,2024-07-18,2026-04-03,Standard Plan
CUST00019,Annual,3584.1,Credit Card,2025-03-24,,Standard Plan
CUST00020,Monthly,4004.86,UPI,2022-07-24,2026-06-25,Basic Plan
CUST00021,Annual,2158.19,UPI,2024-10-21,,Standard Plan
CUST00022,Quarterly,1517.91,UPI,2025-04-25,2026-05-31,Standard Plan
CUST00023,Monthly,1828.66,Net Banking,2023-08-22,,Standard Plan
CUST00024,Monthly,2208.22,Credit Card,2025-04-03,2026-07-19,Basic Plan
CUST00025,Annual,4255.12,UPI,2023-08-13,2026-08-19,Basic Plan
CUST00026,Monthly,2539.83,UPI,2023-10-17,2026-08-27,Premium Plan
CUST00027,Monthly,2979.52,Net Banking,2024-08-20,,Standard Plan
CUST00028,Monthly,938.18,Debit Card,2024-06-07,2026-01-11,Standard Plan
CUST00029,Quarterly,1026.87,Credit Card,2025-11-14,,Standard Plan
CUST00030,Monthly,1373.48,Debit Card,2025-03-21,2026-06-06,Standard Plan
CUST00031,Quarterly,1584.94,Credit Card,2022-10-23,,Basic Plan
CUST00032,Monthly,4663.92,Debit Card,2025-07-13,2026-06-15,Basic Plan
CUST00033,Monthly,3006.96,UPI,2021-05-08,,Premium Plan
CUST00034,Quarterly,3130.64,Auto Pay,2022-04-10,,Basic Plan
CUST00035,Monthly,4838.97,Net Banking,2021-09-16,,Basic Plan
CUST00036,Monthly,1646.01,Debit Card,2022-12-31,2026-05-05,Standard Plan
CUST00037,Annual,3015.4,Debit Card,2022-03-19,,Standard Plan
CUST00038,Annual,4268.13,Debit Card,2023-08-26,2026-03-01,Standard Plan
CUST00039,Monthly,2488.55,Debit Card,2021-08-10,,Basic Plan
CUST00040,Monthly,3226.87,Net Banking,2023-09-26,,Standard Plan
CUST00041,Monthly,2822.49,Net Banking,2023-12-25,2026-08-02,Standard Plan
CUST00042,Monthly,459.6,Net Banking,2023-02-02,,Standard Plan
CUST00043,Monthly,1434.33,Net Banking,2021-08-26,,Standard Plan
CUST00044,Monthly,4584.03,Credit Card,2024-06-26,,Basic Plan
CUST00045,Monthly,524.65,Auto Pay,2024-03-25,2026-02-15,Basic Plan
CUST00046,Annual,2353.69,Credit Card,2023-11-28,,Basic Plan
CUST00047,Annual,4990.89,Credit Card,2022-11-08,,Basic Plan
CUST00048,Monthly,2331.07,Debit Card,2023-03-09,,Basic Plan
CUST00049,Monthly,413.91,UPI,2025-10-11,,Standard Plan
CUST00050,Monthly,2371.89,Debit Card,2022-02-21,,Basic Plan
CUST00051,Monthly,4923.52,Net Banking,2023-08-22,,Standard Plan
CUST00052,Quarterly,1378.57,Credit Card,2023-12-31,2026-04-11,Standard Plan
CUST00053,Monthly,861.93,Debit Card,2024-08-07,,Basic Plan
CUST00054,Monthly,3744.72,Credit Card,2025-10-14,,Basic Plan
CUST00055,Monthly,810.31,UPI,2024-08-10,,Basic Plan
CUST00056,Annual,1709.15,Credit Card,2023-02-26,,Standard Plan
CUST00057,Annual,733.8,Debit Card,2022-09-02,,Basic Plan
CUST00058,Annual,820.46,UPI,2021-08-16,,Basic Plan
CUST00059,Monthly,3259.38,Debit Card,2024-04-13,,Basic Plan
CUST00060,Quarterly,4301.88,Debit Card,2024-11-22,,Standard Plan
CUST00061,Monthly,4310.63,Net Banking,2021-05-06,,Standard Plan
CUST00062,Monthly,3497.29,Debit Card,2022-05-10,2026-01-14,Basic Plan
CUST00063,Quarterly,3981.04,UPI,2022-09-21,,Basic Plan
CUST00064,Monthly,1158.02,Auto Pay,2024-04-25,,Standard Plan
CUST00065,Monthly,1330.76,Net Banking,2021-11-21,,Standard Plan
CUST00066,Quarterly,1307.52,UPI,2025-04-25,,Standard Plan
CUST00067,Monthly,4414.54,Net Banking,2021-06-05,,Standard Plan
CUST00068,Monthly,1967.89,Auto Pay,2023-06-01,,Basic Plan
CUST00069,Monthly,1185.34,Auto Pay,2024-09-06,,Basic Plan
CUST00070,Monthly,570.34,Auto Pay,2022-03-14,,Standard Plan
CUST00071,Monthly,4903.84,UPI,2022-04-24,2026-01-27,Premium Plan
CUST00072,Annual,2329.32,Net Banking,2023-02-28,,Basic Plan
CUST00073,Monthly,447.02,Debit Card,2021-08-29,2026-06-05,Premium Plan
CUST00074,Monthly,1216.6,Debit Card,2024-03-19,,Basic Plan
CUST00075,Quarterly,1878.32,Auto Pay,2025-05-29,,Premium Plan
CUST00076,Quarterly,1215.5,Credit Card,2023-11-10,,Standard Plan
CUST00077,Monthly,3103.21,Net Banking,2023-05-09,,Standard Plan
CUST00078,Quarterly,1270.75,Auto Pay,2022-10-06,,Basic Plan
CUST00079,Annual,1578.8,UPI,2021-05-28,,Standard Plan
CUST00080,Quarterly,2910.12,Credit Card,2023-01-31,2026-08-24,Standard Plan
CUST00081,Annual,4886.54,Auto Pay,2021-10-11,,Standard Plan
CUST00082,Annual,3858.97,Auto Pay,2024-05-18,,Basic Plan
CUST00083,Quarterly,2081.06,Net Banking,2024-11-19,,Basic Plan
CUST00084,Monthly,1280.94,Credit Card,2025-06-05,2026-03-01,Basic Plan
CUST00085,Quarterly,2345.3,UPI,2024-11-17,,Standard Plan
CUST00086,Quarterly,1794.6,Net Banking,2022-10-03,,Standard Plan
CUST00087,Quarterly,4660.72,UPI,2024-11-19,,Premium Plan
CUST00088,Annual,1506.09,Credit Card,2021-11-13,,Standard Plan
CUST00089,Monthly,3233.08,Auto Pay,2022-02-20,2026-07-07,Basic Plan
CUST00090,Monthly,2384.62,UPI,2024-04-04,,Standard Plan
CUST00091,Monthly,591.51,Auto Pay,2021-11-03,,Standard Plan
CUST00092,Annual,4096.63,Credit Card,2024-05-10,,Standard Plan
CUST00093,Monthly,1347.11,Debit Card,2024-04-20,,Basic Plan
CUST00094,Monthly,973.29,Auto Pay,2021-12-26,2026-03-26,Basic Plan
CUST00095,Annual,475.89,Credit Card,2021-12-02,,Standard Plan
CUST00096,Quarterly,2293.84,Debit Card,2024-09-12,,Premium Plan
CUST00097,Monthly,4509.36,UPI,2024-05-05,2026-04-10,Standard Plan
CUST00098,Monthly,4303.11,Debit Card,2025-02-05,2026-04-18,Premium Plan
CUST00099,Monthly,2252.42,Net Banking,2022-05-04,,Basic Plan
CUST00100,Monthly,2196.0,Credit Card,2022-04-02,,Basic Plan
CUST00101,Monthly,4306.58,Auto Pay,2024-07-08,2026-03-27,Basic Plan
CUST00102,Annual,3393.45,UPI,2024-01-07,,Basic Plan
CUST00103,Monthly,4386.64,Debit Card,2021-10-02,2026-08-05,Premium Plan
CUST00104,Annual,3286.34,Credit Card,2022-12-27,,Standard Plan
CUST00105,Monthly,3661.13,Auto Pay,2023-03-19,,Basic Plan
CUST00106,Annual,1878.73,Auto Pay,2025-02-18,,Standard Plan
CUST00107,Annual,3239.72,Credit Card,2021-01-04,,Standard Plan
CUST00108,Monthly,3139.67,UPI,2025-06-08,2026-03-17,Basic Plan
CUST00109,Monthly,3228.86,Debit Card,2024-12-30,,Basic Plan
CUST00110,Monthly,775.93,Debit Card,2021-12-11,,Basic Plan
CUST00111,Quarterly,4727.54,Net Banking,2021-02-06,,Standard Plan
CUST00112,Annual,4209.36,Auto Pay,2025-01-08,,Standard Plan
CUST00113,Quarterly,1903.4,Debit Card,2022-06-16,,Basic Plan
CUST00114,Monthly,3800.6,Debit Card,2025-03-17,,Standard Plan
CUST00115,Monthly,2038.1,Net Banking,2024-01-17,2026-06-11,Standard Plan
CUST00116,Monthly,4471.21,Debit Card,2025-09-21,2026-04-08,Basic Plan
CUST00117,Quarterly,3961.2,Net Banking,2023-05-14,,Basic Plan
CUST00118,Annual,1702.6,Debit Card,2021-06-16,,Basic Plan
CUST00119,Monthly,2476.74,UPI,2024-12-13,,Basic Plan
CUST00120,Monthly,2374.83,Auto Pay,2022-02-01,,Basic Plan
CUST00121,Annual,4839.88,Debit Card,2021-08-09,,Basic Plan
CUST00122,Monthly,4686.83,Credit Card,2023-10-17,2026-02-09,Basic Plan
CUST00123,Monthly,4453.17,Net Banking,2024-07-13,,Standard Plan
CUST00124,Monthly,4218.37,Auto Pay,2021-01-30,,Standard Plan
CUST00125,Annual,3737.35,UPI,2023-12-24,,Standard Plan
CUST00126,Monthly,635.16,UPI,2025-12-07,,Basic Plan
CUST00127,Monthly,4710.66,UPI,2025-06-23,,Standard Plan
CUST00128,Monthly,1159.98,UPI,2024-01-26,,Basic Plan
CUST00129,Annual,3198.62,UPI,2021-08-03,,Standard Plan
CUST00130,Annual,2272.31,Credit Card,2021-08-29,,Premium Plan
CUST00131,Monthly,2178.9,Net Banking,2025-10-08,,Standard Plan
CUST00132,Monthly,1698.01,Net Banking,2022-08-12,,Standard Plan
CUST00133,Monthly,1837.21,Debit Card,2022-05-28,,Basic Plan
CUST00134,Monthly,3448.49,UPI,2021-02-08,,Basic Plan
CUST00135,Monthly,507.29,Net Banking,2021-11-16,2026-05-12,Basic Plan
CUST00136,Annual,3231.13,Auto Pay,2021-06-25,,Basic Plan
CUST00137,Annual,2894.46,Auto Pay,2023-08-26,,Basic Plan
CUST00138,Monthly,4534.7,Net Banking,2024-12-23,,Standard Plan
CUST00139,Monthly,2638.95,Net Banking,2023-04-20,,Standard Plan
CUST00140,Monthly,2032.72,UPI,2021-05-05,2026-08-08,Basic Plan
CUST00141,Monthly,1636.02,UPI,2021-04-16,,Standard Plan
CUST00142,Annual,4135.32,Net Banking,2025-08-01,,Basic Plan
CUST00143,Monthly,1368.32,Auto Pay,2022-08-05,,Basic Plan
CUST00144,Monthly,956.66,Auto Pay,2022-06-08,2026-03-25,Basic Plan
CUST00145,Monthly,4432.94,UPI,2023-02-05,,Standard Plan
CUST00146,Quarterly,962.67,Credit Card,2023-06-14,,Basic Plan
CUST00147,Monthly,2345.0,Debit Card,2024-07-18,,Standard Plan
CUST00148,Quarterly,3295.2,UPI,2024-10-03,,Premium Plan
CUST00149,Annual,2358.76,UPI,2025-08-17,,Standard Plan
CUST00150,Annual,4085.61,Debit Card,2025-11-19,,Basic Plan
CUST00151,Monthly,1315.91,Auto Pay,2023-06-20,,Basic Plan
CUST00152,Monthly,3145.41,Debit Card,2022-07-20,2026-04-26,Basic Plan
CUST00153,Annual,1536.17,Debit Card,2025-10-14,,Standard Plan
CUST00154,Annual,4832.15,Net Banking,2022-11-15,,Basic Plan
CUST00155,Monthly,3165.84,Net Banking,2025-04-30,,Standard Plan
CUST00156,Monthly,3368.38,Net Banking,2024-06-26,2026-03-29,Premium Plan
CUST00157,Annual,4172.75,Debit Card,2021-05-21,,Premium Plan
CUST00158,Monthly,3772.63,Net Banking,2023-10-12,,Basic Plan
CUST00159,Monthly,1760.64,Credit Card,2025-08-01,2026-07-22,Basic Plan
CUST00160,Annual,3329.21,Net Banking,2024-07-23,2026-07-02,Standard Plan
CUST00161,Monthly,4963.73,Auto Pay,2023-12-09,,Standard Plan
CUST00162,Monthly,391.95,Auto Pay,2023-12-27,2026-05-09,Standard Plan
CUST00163,Quarterly,4062.17,Credit Card,2023-01-29,,Standard Plan
CUST00164,Monthly,3217.19,Debit Card,2021-12-29,,Standard Plan
CUST00165,Monthly,2075.23,Net Banking,2022-08-21,2026-04-12,Basic Plan
CUST00166,Annual,4311.9,Net Banking,2023-03-24,2026-04-22,Premium Plan
CUST00167,Monthly,2412.45,UPI,2021-05-14,,Standard Plan
CUST00168,Monthly,4562.48,Net Banking,2022-09-14,,Standard Plan
CUST00169,Monthly,1640.48,Debit Card,2024-08-31,,Basic Plan
CUST00170,Monthly,2379.1,Credit Card,2021-07-27,,Basic Plan
CUST00171,Quarterly,2985.05,Auto Pay,2025-10-08,,Basic Plan
CUST00172,Quarterly,2255.77,UPI,2021-12-04,,Premium Plan
CUST00173,Monthly,1709.32,Debit Card,2024-04-11,,Basic Plan
CUST00174,Annual,4945.9,Net Banking,2025-04-29,,Premium Plan
CUST00175,Monthly,3815.02,Credit Card,2021-10-10,2026-08-17,Basic Plan
CUST00176,Annual,1050.58,UPI,2021-01-06,,Standard Plan
CUST00177,Monthly,4219.38,UPI,2024-03-03,2026-07-02,Basic Plan
CUST00178,Monthly,3736.28,Debit Card,2024-05-28,2026-05-04,Standard Plan
CUST00179,Annual,4932.62,Auto Pay,2021-05-25,,Basic Plan
CUST00180,Monthly,413.07,Auto Pay,2023-10-02,,Standard Plan
CUST00181,Annual,2618.13,UPI,2024-11-16,,Standard Plan
CUST00182,Monthly,3537.17,UPI,2021-02-13,,Standard Plan
CUST00183,Monthly,1397.54,Debit Card,2024-09-27,2026-02-20,Basic Plan
CUST00184,Annual,536.55,Debit Card,2022-05-19,,Basic Plan
CUST00185,Quarterly,349.39,UPI,2022-11-08,,Premium Plan
CUST00186,Quarterly,1623.54,Auto Pay,2025-07-25,,Basic Plan
CUST00187,Annual,3572.75,Credit Card,2021-09-25,,Standard Plan
CUST00188,Quarterly,4816.71,Auto Pay,2024-10-24,,Standard Plan
CUST00189,Monthly,4011.07,Credit Card,2022-08-14,2026-04-12,Basic Plan
CUST00190,Annual,2795.05,Credit Card,2024-12-23,,Basic Plan
CUST00191,Quarterly,1113.31,Credit Card,2022-05-19,,Basic Plan
CUST00192,Annual,3547.66,Debit Card,2025-07-03,,Basic Plan
CUST00193,Monthly,2257.25,Credit Card,2023-02-06,2026-02-19,Standard Plan
CUST00194,Annual,2237.38,Debit Card,2024-08-12,,Standard Plan
CUST00195,Annual,2332.1,Auto Pay,2021-04-08,,Basic Plan
CUST00196,Monthly,4912.96,Net Banking,2021-11-21,,Premium Plan
CUST00197,Monthly,4627.94,UPI,2024-11-08,,Basic Plan
CUST00198,Monthly,4922.51,Auto Pay,2021-11-16,2026-08-26,Standard Plan
CUST00199,Annual,4752.66,Net Banking,2025-07-30,,Standard Plan
CUST00200,Quarterly,1945.15,Debit Card,2025-04-02,,Basic Plan
CUST00201,Quarterly,1968.43,UPI,2021-11-02,,Basic Plan
CUST00202,Monthly,881.72,UPI,2022-06-26,,Basic Plan
CUST00203,Monthly,3226.82,Debit Card,2024-03-16,,Premium Plan
CUST00204,Monthly,811.31,Auto Pay,2021-03-01,2026-02-22,Basic Plan
CUST00205,Monthly,3204.52,Net Banking,2025-07-14,2026-07-03,Standard Plan
CUST00206,Annual,1386.54,Net Banking,2022-07-17,2026-04-29,Basic Plan
CUST00207,Quarterly,4018.54,Auto Pay,2023-05-13,2026-06-13,Basic Plan
CUST00208,Monthly,533.49,Debit Card,2024-07-19,2026-01-14,Basic Plan
CUST00209,Monthly,1194.24,Net Banking,2021-10-03,,Basic Plan
CUST00210,Annual,3386.34,Auto Pay,2021-03-25,2026-03-20,Basic Plan
CUST00211,Monthly,3813.19,Debit Card,2023-07-30,2026-05-25,Standard Plan
CUST00212,Annual,2679.45,Debit Card,2023-07-14,,Basic Plan
CUST00213,Monthly,1506.15,Net Banking,2021-06-12,,Basic Plan
CUST00214,Monthly,4616.75,Net Banking,2021-10-19,2026-07-19,Standard Plan
CUST00215,Quarterly,4135.54,UPI,2023-07-21,,Standard Plan
CUST00216,Monthly,2237.46,UPI,2022-12-12,2026-06-04,Basic Plan
CUST00217,Monthly,4415.54,Auto Pay,2025-02-14,2026-02-08,Standard Plan
CUST00218,Annual,1410.05,Credit Card,2021-11-12,,Standard Plan
CUST00219,Monthly,739.04,Credit Card,2021-02-20,,Standard Plan
CUST00220,Annual,3346.56,Credit Card,2021-02-27,2026-08-18,Standard Plan
CUST00221,Monthly,3074.32,UPI,2025-03-22,2026-02-08,Standard Plan
CUST00222,Quarterly,898.74,Debit Card,2021-04-24,,Standard Plan
CUST00223,Monthly,907.22,UPI,2022-10-11,2026-06-04,Basic Plan
CUST00224,Monthly,1330.8,Debit Card,2021-03-16,,Standard Plan
CUST00225,Quarterly,2409.96,UPI,2022-11-09,,Basic Plan
CUST00226,Monthly,4358.15,Auto Pay,2024-12-18,,Basic Plan
CUST00227,Monthly,3783.68,UPI,2023-07-28,,Basic Plan
CUST00228,Monthly,3284.43,Auto Pay,2025-04-20,,Standard Plan
CUST00229,Quarterly,4913.1,Auto Pay,2025-03-09,,Basic Plan
CUST00230,Annual,2386.17,Credit Card,2022-09-23,,Basic Plan
CUST00231,Monthly,1644.04,Debit Card,2025-09-02,,Premium Plan
CUST00232,Annual,2471.74,Debit Card,2021-02-21,,Basic Plan
CUST00233,Annual,4596.92,Credit Card,2021-02-11,,Basic Plan
CUST00234,Monthly,3333.41,Auto Pay,2025-01-29,,Basic Plan
CUST00235,Monthly,4016.08,UPI,2023-05-15,,Basic Plan
CUST00236,Annual,4077.59,Debit Card,2022-02-02,,Premium Plan
CUST00237,Annual,356.29,Net Banking,2024-01-05,,Standard Plan
CUST00238,Annual,3663.28,Auto Pay,2021-09-04,,Basic Plan
CUST00239,Quarterly,1216.56,Debit Card,2021-06-22,,Standard Plan
CUST00240,Monthly,1363.02,UPI,2021-06-07,,Premium Plan
CUST00241,Monthly,1117.74,Debit Card,2023-02-17,2026-07-05,Premium Plan
CUST00242,Monthly,2769.23,Credit Card,2021-10-05,,Standard Plan
CUST00243,Monthly,2870.41,UPI,2021-11-08,,Standard Plan
CUST00244,Monthly,1026.18,Credit Card,2022-10-08,2026-01-16,Basic Plan
CUST00245,Annual,2564.64,UPI,2025-05-17,,Basic Plan
CUST00246,Monthly,1401.95,UPI,2025-09-18,,Basic Plan
CUST00247,Monthly,4056.12,UPI,2025-05-29,,Basic Plan
CUST00248,Monthly,4742.37,Net Banking,2024-09-04,,Standard Plan
CUST00249,Monthly,4789.31,Credit Card,2024-04-02,,Basic Plan
CUST00250,Monthly,1147.93,Auto Pay,2023-06-26,2026-06-22,Standard Plan
CUST00251,Monthly,1077.82,Net Banking,2022-09-03,,Standard Plan
CUST00252,Annual,1638.47,Net Banking,2022-09-18,,Standard Plan
CUST00253,Annual,4673.08,Debit Card,2024-05-30,,Basic Plan
CUST00254,Monthly,2161.15,Auto Pay,2023-06-11,2026-07-10,Standard Plan
CUST00255,Monthly,562.02,Auto Pay,2025-04-23,,Basic Plan
CUST00256,Quarterly,3208.21,Debit Card,2023-01-16,,Basic Plan
CUST00257,Annual,493.03,Auto Pay,2024-10-15,2026-06-12,Basic Plan
CUST00258,Monthly,2158.54,Debit Card,2024-12-08,2026-01-18,Basic Plan
CUST00259,Quarterly,1733.87,Net Banking,2022-12-31,2026-06-16,Standard Plan
CUST00260,Quarterly,4315.23,Debit Card,2021-07-11,,Standard Plan
CUST00261,Quarterly,3600.03,Auto Pay,2025-12-24,2026-06-16,Basic Plan
CUST00262,Quarterly,1643.45,UPI,2024-01-08,,Standard Plan
CUST00263,Monthly,540.61,Net Banking,2021-08-09,2026-08-23,Basic Plan
CUST00264,Quarterly,1765.5,Credit Card,2023-03-12,,Basic Plan
CUST00265,Monthly,826.14,UPI,2023-02-26,2026-03-22,Basic Plan
CUST00266,Annual,602.91,UPI,2021-11-15,,Basic Plan
CUST00267,Monthly,1310.32,Debit Card,2023-04-13,,Premium Plan
CUST00268,Monthly,1609.11,Credit Card,2025-06-20,,Basic Plan
CUST00269,Monthly,1544.39,Credit Card,2021-03-05,,Standard Plan
CUST00270,Quarterly,4451.7,Credit Card,2024-09-26,,Standard Plan
CUST00271,Monthly,2745.63,Net Banking,2023-03-24,,Premium Plan
CUST00272,Monthly,1608.0,Debit Card,2023-06-17,,Standard Plan
CUST00273,Monthly,3041.8,Credit Card,2024-02-27,,Standard Plan
CUST00274,Annual,1461.22,Auto Pay,2025-10-12,,Standard Plan
CUST00275,Monthly,2873.58,Auto Pay,2024-02-08,,Standard Plan
CUST00276,Monthly,3238.65,UPI,2024-04-25,2026-06-20,Premium Plan
CUST00277,Monthly,2643.2,Net Banking,2025-03-03,,Standard Plan
CUST00278,Quarterly,3157.7,UPI,2023-10-14,,Premium Plan
CUST00279,Monthly,2948.21,Credit Card,2024-12-13,,Basic Plan
CUST00280,Monthly,3354.87,Auto Pay,2023-02-14,,Basic Plan
CUST00281,Annual,2414.59,Auto Pay,2024-02-15,,Premium Plan
CUST00282,Annual,4328.39,Credit Card,2024-04-23,,Premium Plan
CUST00283,Monthly,2073.74,Credit Card,2024-03-02,2026-01-20,Basic Plan
CUST00284,Annual,1165.71,Credit Card,2025-10-01,,Premium Plan
CUST00285,Annual,991.57,Net Banking,2023-07-17,,Standard Plan
CUST00286,Monthly,1570.8,Auto Pay,2022-12-29,,Standard Plan
CUST00287,Annual,1285.4,UPI,2021-04-09,,Standard Plan
CUST00288,Monthly,1505.41,UPI,2022-04-15,2026-01-12,Standard Plan
CUST00289,Annual,3958.49,UPI,2025-09-02,,Standard Plan
CUST00290,Monthly,1114.72,Auto Pay,2021-04-26,,Basic Plan
CUST00291,Monthly,3526.78,Debit Card,2021-10-04,2026-05-19,Basic Plan
CUST00292,Monthly,3143.52,Net Banking,2025-07-08,,Standard Plan
CUST00293,Monthly,4119.52,Auto Pay,2023-04-13,2026-03-22,Basic Plan
CUST00294,Annual,867.9,Net Banking,2022-06-11,,Standard Plan
CUST00295,Monthly,1629.93,Net Banking,2022-06-23,,Basic Plan
CUST00296,Quarterly,4036.27,Auto Pay,2021-11-28,,Standard Plan
CUST00297,Annual,1584.41,Credit Card,2024-11-29,,Standard Plan
CUST00298,Monthly,1938.0,UPI,2022-09-15,2026-07-24,Standard Plan
CUST00299,Annual,2206.94,Net Banking,2025-08-03,,Premium Plan
CUST00300,Annual,1846.97,Credit Card,2021-12-22,,Standard Plan
CUST00301,Monthly,1327.04,Debit Card,2022-11-08,2026-03-06,Standard Plan
CUST00302,Quarterly,547.43,Debit Card,2021-06-08,,Basic Plan
CUST00303,Monthly,2487.65,Credit Card,2024-05-05,,Standard Plan
CUST00304,Monthly,3964.77,Debit Card,2024-10-21,2026-07-03,Basic Plan
CUST00305,Monthly,347.8,UPI,2022-08-31,,Basic Plan
CUST00306,Monthly,3148.27,Net Banking,2024-09-30,2026-04-01,Basic Plan
CUST00307,Annual,2539.63,UPI,2021-03-16,,Standard Plan
CUST00308,Quarterly,4048.61,Credit Card,2022-12-26,,Basic Plan
CUST00309,Monthly,432.59,UPI,2023-09-13,,Basic Plan
CUST00310,Monthly,2743.01,Net Banking,2023-12-26,2026-06-05,Standard Plan
CUST00311,Quarterly,2939.75,Net Banking,2023-12-08,2026-07-24,Standard Plan
CUST00312,Quarterly,3301.59,Net Banking,2024-12-21,,Standard Plan
CUST00313,Annual,2981.54,UPI,2022-09-13,,Premium Plan
CUST00314,Monthly,4627.48,UPI,2021-10-03,2026-02-19,Premium Plan
CUST00315,Annual,2063.76,Debit Card,2021-04-25,,Premium Plan
CUST00316,Monthly,3178.29,UPI,2021-05-09,,Standard Plan
CUST00317,Monthly,1847.18,Debit Card,2023-10-29,,Basic Plan
CUST00318,Monthly,3993.13,Net Banking,2021-10-25,,Premium Plan
CUST00319,Monthly,1060.01,Auto Pay,2022-10-05,,Premium Plan
CUST00320,Monthly,4383.86,Debit Card,2023-10-06,2026-05-28,Basic Plan
CUST00321,Monthly,926.5,Debit Card,2025-09-13,,Basic Plan
CUST00322,Annual,970.74,Debit Card,2023-07-31,,Standard Plan
CUST00323,Annual,4268.06,UPI,2021-06-29,,Standard Plan
CUST00324,Monthly,2424.14,Debit Card,2022-07-19,,Basic Plan
CUST00325,Annual,3829.25,Auto Pay,2021-12-02,,Basic Plan
CUST00326,Monthly,4144.17,Auto Pay,2024-09-15,,Standard Plan
CUST00327,Monthly,4547.79,Net Banking,2021-02-09,,Standard Plan
CUST00328,Monthly,2150.64,Debit Card,2023-08-08,,Basic Plan
CUST00329,Monthly,3475.75,Auto Pay,2022-06-10,,Basic Plan
CUST00330,Annual,4063.95,Debit Card,2022-08-14,,Premium Plan
CUST00331,Quarterly,2928.68,Auto Pay,2024-03-01,,Basic Plan
CUST00332,Quarterly,599.44,Debit Card,2024-06-23,2026-05-10,Standard Plan
CUST00333,Quarterly,650.4,Credit Card,2024-05-29,,Basic Plan
CUST00334,Annual,4357.55,Credit Card,2021-11-21,2026-01-05,Basic Plan
CUST00335,Monthly,3268.14,Net Banking,2024-07-13,,Basic Plan
CUST00336,Monthly,2012.49,UPI,2022-01-04,2026-08-07,Standard Plan
CUST00337,Annual,2923.91,Net Banking,2023-07-06,,Standard Plan
CUST00338,Monthly,808.59,UPI,2025-06-23,2026-04-27,Basic Plan
CUST00339,Quarterly,4295.26,Debit Card,2023-03-03,,Standard Plan
CUST00340,Quarterly,4902.23,Net Banking,2022-05-08,,Basic Plan
CUST00341,Monthly,1850.59,Credit Card,2024-06-25,,Basic Plan
CUST00342,Monthly,2774.7,Net Banking,2022-10-23,,Basic Plan
CUST00343,Monthly,4680.57,Net Banking,2024-04-01,,Standard Plan
CUST00344,Annual,785.17,Auto Pay,2022-01-07,2026-05-30,Basic Plan
CUST00345,Monthly,1803.71,Auto Pay,2023-10-09,,Standard Plan
CUST00346,Monthly,4929.5,Debit Card,2021-11-11,2026-03-09,Basic Plan
CUST00347,Annual,4072.45,Net Banking,2021-04-03,,Basic Plan
CUST00348,Monthly,3653.72,Credit Card,2023-01-08,,Standard Plan
CUST00349,Monthly,1180.2,Auto Pay,2023-01-31,2026-05-26,Basic Plan
CUST00350,Quarterly,3300.83,Debit Card,2022-02-11,2026-07-06,Premium Plan
CUST00351,Quarterly,1785.46,Net Banking,2021-01-18,,Standard Plan
CUST00352,Quarterly,2010.28,Debit Card,2023-03-25,2026-02-07,Standard Plan
CUST00353,Monthly,993.75,Net Banking,2024-02-18,2026-08-15,Standard Plan
CUST00354,Monthly,1092.52,UPI,2021-03-16,,Standard Plan
CUST00355,Annual,3305.69,Net Banking,2023-07-14,,Standard Plan
CUST00356,Monthly,4954.43,UPI,2025-08-30,,Basic Plan
CUST00357,Annual,3160.59,UPI,2023-10-23,2026-06-15,Standard Plan
CUST00358,Quarterly,1107.39,Credit Card,2023-05-06,,Basic Plan
CUST00359,Monthly,3814.87,UPI,2021-01-06,2026-05-27,Basic Plan
CUST00360,Monthly,2453.2,UPI,2021-04-21,,Basic Plan
CUST00361,Quarterly,782.51,Credit Card,2025-08-27,,Standard Plan
CUST00362,Monthly,3047.12,Net Banking,2021-06-17,2026-06-10,Premium Plan
CUST00363,Quarterly,2336.34,Net Banking,2022-08-20,,Basic Plan
CUST00364,Monthly,4472.77,Debit Card,2021-03-14,2026-01-28,Basic Plan
CUST00365,Quarterly,3199.31,UPI,2024-07-16,,Standard Plan
CUST00366,Monthly,4809.65,UPI,2023-07-26,2026-02-14,Premium Plan
CUST00367,Monthly,2175.37,Debit Card,2024-04-16,,Basic Plan
CUST00368,Monthly,1357.7,Auto Pay,2021-02-04,,Basic Plan
CUST00369,Monthly,3489.88,Credit Card,2022-01-03,,Premium Plan
CUST00370,Quarterly,4937.77,UPI,2022-12-29,,Premium Plan
CUST00371,Monthly,392.15,Credit Card,2023-06-10,,Basic Plan
CUST00372,Annual,1270.54,UPI,2024-06-12,,Standard Plan
CUST00373,Monthly,4152.12,Auto Pay,2021-12-15,2026-06-29,Standard Plan
CUST00374,Monthly,2548.27,Net Banking,2024-04-28,,Basic Plan
CUST00375,Annual,1532.52,Net Banking,2022-06-03,2026-01-28,Premium Plan
CUST00376,Monthly,3727.4,Net Banking,2021-05-05,,Standard Plan
CUST00377,Monthly,2346.31,UPI,2025-08-14,2026-03-23,Basic Plan
CUST00378,Monthly,1436.42,Auto Pay,2021-10-15,2026-08-03,Basic Plan
CUST00379,Monthly,364.84,Debit Card,2024-07-11,,Basic Plan
CUST00380,Annual,2058.4,Auto Pay,2021-04-21,,Basic Plan
CUST00381,Annual,3820.43,UPI,2025-06-09,,Standard Plan
CUST00382,Monthly,3368.61,Auto Pay,2021-05-11,,Basic Plan
CUST00383,Annual,4448.51,Auto Pay,2023-10-31,,Basic Plan
CUST00384,Monthly,3282.08,Debit Card,2023-11-17,,Basic Plan
CUST00385,Monthly,368.85,Credit Card,2022-01-19,2026-04-09,Standard Plan
CUST00386,Annual,4321.34,Auto Pay,2023-06-27,,Basic Plan
CUST00387,Monthly,4512.15,Auto Pay,2025-04-02,,Basic Plan
CUST00388,Quarterly,4916.77,Net Banking,2023-05-30,2026-01-22,Basic Plan
CUST00389,Annual,4403.83,Auto Pay,2021-07-28,,Premium Plan
CUST00390,Monthly,1617.78,Debit Card,2022-12-31,2026-08-28,Basic Plan
CUST00391,Monthly,3634.71,Net Banking,2022-03-31,,Standard Plan
CUST00392,Annual,1295.84,Debit Card,2024-04-27,,Standard Plan
CUST00393,Quarterly,3281.75,Net Banking,2022-12-07,2026-02-07,Basic Plan
CUST00394,Monthly,402.33,Auto Pay,2021-09-29,,Standard Plan
CUST00395,Monthly,3277.33,UPI,2024-06-19,,Basic Plan
CUST00396,Quarterly,2563.78,Auto Pay,2021-12-23,,Standard Plan
CUST00397,Monthly,2966.49,Credit Card,2024-08-13,,Standard Plan
CUST00398,Annual,3839.57,UPI,2022-11-12,,Standard Plan
CUST00399,Monthly,658.82,UPI,2025-11-17,,Basic Plan
CUST00400,Monthly,1651.97,Auto Pay,2023-10-30,,Premium Plan
CUST00401,Quarterly,3273.42,Net Banking,2021-06-17,,Basic Plan
CUST00402,Annual,1978.41,Credit Card,2024-10-02,,Basic Plan
CUST00403,Quarterly,3363.31,Net Banking,2024-01-15,,Standard Plan
CUST00404,Monthly,543.8,Net Banking,2021-08-22,,Standard Plan
CUST00405,Monthly,3048.81,Auto Pay,2023-11-12,2026-01-25,Basic Plan
CUST00406,Monthly,440.98,UPI,2025-05-20,,Premium Plan
CUST00407,Monthly,2743.8,Net Banking,2021-07-26,,Basic Plan
CUST00408,Monthly,2423.56,Debit Card,2021-07-17,2026-03-09,Premium Plan
CUST00409,Monthly,4934.9,UPI,2022-11-11,2026-07-17,Standard Plan
CUST00410,Quarterly,4590.12,UPI,2021-10-09,2026-06-27,Basic Plan
CUST00411,Monthly,3231.27,Credit Card,2022-04-14,,Basic Plan
CUST00412,Annual,2773.91,Auto Pay,2025-08-25,,Basic Plan
CUST00413,Quarterly,1598.4,Credit Card,2024-07-05,,Basic Plan
CUST00414,Monthly,2341.55,Credit Card,2023-02-13,,Basic Plan
CUST00415,Monthly,2713.67,Net Banking,2021-10-05,2026-08-08,Basic Plan
CUST00416,Monthly,3168.46,Auto Pay,2024-07-15,2026-04-28,Basic Plan
CUST00417,Quarterly,1943.08,Auto Pay,2022-07-14,,Standard Plan
CUST00418,Monthly,4245.0,UPI,2023-04-18,,Standard Plan
CUST00419,Monthly,4381.21,Debit Card,2024-12-11,2026-08-02,Basic Plan
CUST00420,Monthly,3458.09,Net Banking,2023-11-11,2026-08-08,Standard Plan
CUST00421,Quarterly,4310.12,Auto Pay,2021-01-02,,Standard Plan
CUST00422,Quarterly,3434.06,Debit Card,2025-03-19,,Premium Plan
CUST00423,Annual,2195.32,Auto Pay,2025-10-20,,Basic Plan
CUST00424,Monthly,3716.95,Credit Card,2022-10-01,2026-04-17,Standard Plan
CUST00425,Annual,3545.09,Net Banking,2023-02-06,,Standard Plan
CUST00426,Monthly,3053.77,Credit Card,2022-08-09,,Standard Plan
CUST00427,Quarterly,1750.47,Net Banking,2023-09-29,2026-06-28,Basic Plan
CUST00428,Monthly,630.42,UPI,2021-12-17,2026-06-04,Basic Plan
CUST00429,Monthly,1252.26,Net Banking,2021-01-17,2026-04-02,Standard Plan
CUST00430,Monthly,2472.21,Credit Card,2022-06-29,,Basic Plan
CUST00431,Monthly,3633.7,Net Banking,2025-06-11,2026-08-06,Standard Plan
CUST00432,Quarterly,1447.5,Net Banking,2023-09-22,,Basic Plan
CUST00433,Annual,4768.79,Debit Card,2023-08-09,,Standard Plan
CUST00434,Monthly,2875.62,Credit Card,2023-08-22,,Standard Plan
CUST00435,Monthly,3741.13,Net Banking,2023-06-02,,Standard Plan
CUST00436,Monthly,1543.04,UPI,2022-09-21,2026-01-05,Basic Plan
CUST00437,Monthly,2233.88,Debit Card,2021-04-16,2026-07-07,Premium Plan
CUST00438,Monthly,1634.42,Credit Card,2024-05-26,,Standard Plan
CUST00439,Monthly,599.8,Credit Card,2025-08-13,,Standard Plan
CUST00440,Quarterly,551.3,Net Banking,2023-10-09,,Basic Plan
CUST00441,Monthly,1450.53,UPI,2024-08-31,,Basic Plan
CUST00442,Monthly,2884.37,Net Banking,2025-12-14,2026-02-28,Standard Plan
CUST00443,Monthly,1362.99,UPI,2024-06-13,2026-07-18,Standard Plan
CUST00444,Quarterly,1901.69,UPI,2023-09-13,,Basic Plan
CUST00445,Monthly,1732.51,Auto Pay,2021-11-23,2026-08-23,Standard Plan
CUST00446,Monthly,4700.6,Debit Card,2023-05-15,2026-04-19,Premium Plan
CUST00447,Monthly,610.09,Credit Card,2023-07-26,2026-07-13,Basic Plan
CUST00448,Annual,663.33,Net Banking,2025-11-26,,Basic Plan
CUST00449,Monthly,4270.9,Net Banking,2022-03-31,2026-01-12,Basic Plan
CUST00450,Monthly,2694.15,Credit Card,2021-08-01,,Basic Plan
CUST00451,Quarterly,1112.31,Debit Card,2025-10-22,,Basic Plan
CUST00452,Monthly,1369.1,Credit Card,2024-03-30,,Standard Plan
CUST00453,Monthly,4730.27,UPI,2023-01-18,,Basic Plan
CUST00454,Annual,4761.55,Net Banking,2024-11-07,,Premium Plan
CUST00455,Monthly,4286.93,UPI,2022-08-15,,Premium Plan
CUST00456,Annual,1399.52,Net Banking,2023-12-08,,Basic Plan
CUST00457,Monthly,4826.69,Debit Card,2023-09-28,2026-05-11,Standard Plan
CUST00458,Monthly,1388.7,Credit Card,2025-09-18,,Basic Plan
CUST00459,Monthly,2782.18,Net Banking,2024-06-21,,Basic Plan
CUST00460,Monthly,3937.65,Net Banking,2021-09-20,,Basic Plan
CUST00461,Monthly,352.19,Auto Pay,2023-03-06,,Premium Plan
CUST00462,Monthly,3463.96,Debit Card,2024-04-17,,Premium Plan
CUST00463,Quarterly,2035.19,Net Banking,2022-11-11,,Standard Plan
CUST00464,Monthly,612.63,UPI,2025-08-09,,Premium Plan
CUST00465,Annual,3396.71,Net Banking,2025-03-16,,Standard Plan
CUST00466,Annual,1004.37,Auto Pay,2024-05-19,2026-03-26,Standard Plan
CUST00467,Monthly,2173.7,UPI,2021-09-15,,Standard Plan
CUST00468,Annual,3222.59,Debit Card,2023-08-03,2026-08-19,Basic Plan
CUST00469,Quarterly,4511.23,Auto Pay,2023-02-02,,Basic Plan
CUST00470,Quarterly,910.85,Net Banking,2024-11-15,,Premium Plan
CUST00471,Annual,4430.98,Debit Card,2021-04-13,,Standard Plan
CUST00472,Annual,4529.71,UPI,2024-03-06,,Basic Plan
CUST00473,Monthly,1857.46,UPI,2022-11-27,,Basic Plan
CUST00474,Monthly,3875.29,Auto Pay,2023-09-04,2026-08-13,Basic Plan
CUST00475,Quarterly,3176.04,Credit Card,2023-01-23,,Basic Plan
CUST00476,Monthly,2001.34,Credit Card,2022-05-03,,Basic Plan
CUST00477,Quarterly,2797.1,Auto Pay,2025-09-08,,Premium Plan
CUST00478,Quarterly,3638.35,Net Banking,2021-03-02,2026-07-11,Basic Plan
CUST00479,Quarterly,550.89,UPI,2021-07-11,2026-05-03,Standard Plan
CUST00480,Monthly,2199.97,Net Banking,2024-10-19,,Basic Plan
CUST00481,Monthly,978.32,UPI,2021-09-07,2026-04-20,Basic Plan
CUST00482,Quarterly,938.81,Debit Card,2022-12-10,,Basic Plan
CUST00483,Quarterly,446.86,Net Banking,2024-09-15,,Basic Plan
CUST00484,Annual,3153.95,Auto Pay,2025-03-01,,Standard Plan
CUST00485,Monthly,1276.12,Credit Card,2021-03-13,2026-03-18,Standard Plan
CUST00486,Monthly,4741.5,UPI,2024-01-12,,Basic Plan
CUST00487,Quarterly,4367.91,Credit Card,2025-12-05,,Standard Plan
CUST00488,Monthly,1264.73,Credit Card,2022-06-09,,Basic Plan
CUST00489,Monthly,3053.72,Auto Pay,2021-03-23,,Basic Plan
CUST00490,Monthly,4118.23,UPI,2021-05-19,,Basic Plan
CUST00491,Quarterly,3537.05,Auto Pay,2025-09-18,2026-06-02,Basic Plan
CUST00492,Quarterly,3214.66,Net Banking,2023-01-18,,Premium Plan
CUST00493,Annual,1218.4,Credit Card,2023-06-12,,Basic Plan
CUST00494,Monthly,929.5,Debit Card,2023-10-08,,Standard Plan
CUST00495,Annual,3973.62,Debit Card,2025-06-12,,Basic Plan
CUST00496,Monthly,2943.78,UPI,2022-05-17,,Standard Plan
CUST00497,Monthly,4344.65,Net Banking,2021-08-31,2026-05-09,Basic Plan
CUST00498,Monthly,2183.16,Net Banking,2023-05-23,,Basic Plan
CUST00499,Annual,2344.09,UPI,2025-09-12,,Standard Plan
CUST00500,Annual,2261.08,Auto Pay,2021-07-04,,Standard Plan
CUST00501,Monthly,2914.73,Credit Card,2023-04-02,,Standard Plan
CUST00502,Monthly,536.99,Debit Card,2023-08-15,,Basic Plan
CUST00503,Monthly,2849.07,Net Banking,2025-03-30,,Basic Plan
CUST00504,Monthly,4470.51,UPI,2025-06-27,,Premium Plan
CUST00505,Quarterly,4322.47,Debit Card,2024-03-25,,Basic Plan
CUST00506,Annual,4506.51,UPI,2021-09-07,,Basic Plan
CUST00507,Monthly,3916.57,Credit Card,2024-07-04,,Premium Plan
CUST00508,Annual,3985.36,Credit Card,2023-10-08,2026-05-21,Standard Plan
CUST00509,Quarterly,4543.8,Net Banking,2022-12-19,,Basic Plan
CUST00510,Monthly,4612.81,Debit Card,2025-02-03,,Basic Plan
CUST00511,Quarterly,3663.54,Net Banking,2021-01-13,,Standard Plan
CUST00512,Monthly,4653.51,Credit Card,2022-06-19,2026-08-28,Basic Plan
CUST00513,Annual,1012.33,Credit Card,2025-05-29,,Standard Plan
CUST00514,Monthly,1134.47,Auto Pay,2023-07-31,2026-07-12,Premium Plan
CUST00515,Annual,3122.57,Debit Card,2024-06-02,,Standard Plan
CUST00516,Annual,2810.32,Debit Card,2023-08-26,,Premium Plan
CUST00517,Annual,955.56,Credit Card,2023-03-22,2026-04-05,Basic Plan
CUST00518,Annual,3917.4,Auto Pay,2024-05-26,,Standard Plan
CUST00519,Annual,638.24,Auto Pay,2022-04-12,,Basic Plan
CUST00520,Monthly,1794.72,Net Banking,2024-11-14,,Standard Plan
CUST00521,Annual,3607.82,Credit Card,2024-04-01,,Basic Plan
CUST00522,Quarterly,1013.43,Debit Card,2024-04-07,,Standard Plan
CUST00523,Quarterly,3267.38,Net Banking,2025-06-03,,Basic Plan
CUST00524,Monthly,496.12,Credit Card,2024-09-12,,Standard Plan
CUST00525,Monthly,4717.46,UPI,2023-10-05,2026-04-28,Premium Plan
CUST00526,Monthly,4348.76,Net Banking,2022-04-15,2026-06-27,Basic Plan
CUST00527,Annual,1505.93,Net Banking,2023-10-10,2026-07-19,Basic Plan
CUST00528,Annual,636.86,Auto Pay,2024-02-11,,Basic Plan
CUST00529,Monthly,2492.37,UPI,2022-10-24,2026-05-22,Standard Plan
CUST00530,Quarterly,3640.95,Net Banking,2021-03-03,,Basic Plan
CUST00531,Monthly,3235.94,Debit Card,2023-09-06,,Premium Plan
CUST00532,Monthly,2404.73,Net Banking,2021-02-12,,Basic Plan
CUST00533,Monthly,2003.0,Credit Card,2021-08-30,,Standard Plan
CUST00534,Monthly,1220.27,Auto Pay,2023-04-15,,Premium Plan
CUST00535,Monthly,304.14,UPI,2023-01-06,2026-06-04,Standard Plan
CUST00536,Annual,4043.2,UPI,2024-11-13,,Premium Plan
CUST00537,Annual,1310.13,Credit Card,2022-07-06,,Standard Plan
CUST00538,Monthly,3989.34,Debit Card,2021-11-02,2026-07-09,Premium Plan
CUST00539,Monthly,1718.09,Debit Card,2021-03-04,,Premium Plan
CUST00540,Annual,4892.06,Debit Card,2021-10-23,,Basic Plan
CUST00541,Monthly,2164.68,Debit Card,2025-10-10,2026-07-01,Standard Plan
CUST00542,Annual,4318.25,Debit Card,2023-07-07,,Premium Plan
CUST00543,Monthly,1712.33,Net Banking,2022-05-28,2026-04-28,Basic Plan
CUST00544,Monthly,3358.41,Net Banking,2024-01-29,2026-04-18,Standard Plan
CUST00545,Monthly,3455.91,Debit Card,2021-09-30,,Basic Plan
CUST00546,Annual,3016.71,Net Banking,2023-10-29,,Standard Plan
CUST00547,Annual,2094.37,Credit Card,2022-03-16,,Basic Plan
CUST00548,Monthly,3999.25,Net Banking,2023-05-03,2026-07-23,Standard Plan
CUST00549,Monthly,374.62,Auto Pay,2025-07-16,2026-04-20,Basic Plan
CUST00550,Annual,821.6,Credit Card,2022-03-19,,Standard Plan
CUST00551,Monthly,4007.86,UPI,2021-06-06,,Basic Plan
CUST00552,Quarterly,2256.84,Net Banking,2023-05-14,,Basic Plan
CUST00553,Quarterly,2113.53,Credit Card,2024-02-18,2026-05-06,Basic Plan
CUST00554,Annual,2309.81,Credit Card,2025-11-30,,Basic Plan
CUST00555,Monthly,1715.65,Debit Card,2024-07-17,,Standard Plan
CUST00556,Annual,3524.09,Net Banking,2022-03-05,,Basic Plan
CUST00557,Monthly,1802.5,Credit Card,2022-07-15,2026-01-13,Standard Plan
CUST00558,Annual,1002.93,Auto Pay,2025-03-13,,Standard Plan
CUST00559,Monthly,1412.51,Debit Card,2025-10-13,2026-06-05,Standard Plan
CUST00560,Monthly,4951.83,Credit Card,2023-06-24,,Standard Plan
CUST00561,Monthly,4112.33,Credit Card,2021-04-09,2026-01-12,Standard Plan
CUST00562,Quarterly,1160.69,Net Banking,2023-11-28,,Basic Plan
CUST00563,Quarterly,3924.85,Auto Pay,2021-05-16,,Standard Plan
CUST00564,Monthly,2779.27,Credit Card,2024-04-16,,Basic Plan
CUST00565,Monthly,1596.62,UPI,2024-12-06,2026-01-17,Premium Plan
CUST00566,Annual,1999.99,Credit Card,2023-03-02,,Basic Plan
CUST00567,Quarterly,3261.76,UPI,2023-11-19,2026-02-23,Standard Plan
CUST00568,Quarterly,4234.58,Credit Card,2023-09-03,,Basic Plan
CUST00569,Annual,652.7,Auto Pay,2025-04-06,,Standard Plan
CUST00570,Quarterly,708.97,UPI,2023-04-05,2026-04-27,Standard Plan
CUST00571,Monthly,4843.86,Debit Card,2022-04-14,2026-01-06,Basic Plan
CUST00572,Annual,3391.66,Auto Pay,2021-12-12,,Premium Plan
CUST00573,Monthly,857.16,UPI,2021-11-21,,Basic Plan
CUST00574,Quarterly,4448.82,UPI,2021-01-31,,Basic Plan
CUST00575,Monthly,3256.76,UPI,2022-03-02,,Standard Plan
CUST00576,Annual,793.32,Auto Pay,2025-10-30,2026-02-28,Basic Plan
CUST00577,Monthly,4321.71,Debit Card,2024-07-24,,Premium Plan
CUST00578,Monthly,2805.9,Credit Card,2023-12-17,2026-03-30,Basic Plan
CUST00579,Monthly,2092.34,Debit Card,2025-08-09,,Standard Plan
CUST00580,Monthly,2226.19,Debit Card,2023-04-26,2026-04-02,Standard Plan
CUST00581,Annual,3693.51,Debit Card,2024-10-16,,Basic Plan
CUST00582,Monthly,480.64,UPI,2025-04-23,,Basic Plan
CUST00583,Quarterly,1141.42,Auto Pay,2021-08-05,,Standard Plan
CUST00584,Quarterly,2092.72,UPI,2024-01-04,,Basic Plan
CUST00585,Monthly,4935.83,Credit Card,2023-02-23,,Premium Plan
CUST00586,Quarterly,917.05,Debit Card,2025-05-06,2026-03-28,Standard Plan
CUST00587,Monthly,486.9,Debit Card,2024-11-30,,Premium Plan
CUST00588,Quarterly,1328.18,UPI,2023-11-20,,Standard Plan
CUST00589,Monthly,704.31,UPI,2022-02-28,,Standard Plan
CUST00590,Monthly,3961.42,Credit Card,2021-07-16,2026-08-12,Basic Plan
CUST00591,Monthly,3469.61,Credit Card,2025-07-20,,Basic Plan
CUST00592,Quarterly,4076.63,Auto Pay,2025-05-05,,Standard Plan
CUST00593,Monthly,4287.79,Net Banking,2025-11-25,2026-08-26,Basic Plan
CUST00594,Quarterly,2793.51,Auto Pay,2023-06-26,,Basic Plan
CUST00595,Monthly,2966.92,Auto Pay,2024-08-29,,Standard Plan
CUST00596,Monthly,1116.04,UPI,2022-01-26,2026-03-17,Standard Plan
CUST00597,Monthly,2984.68,Debit Card,2025-10-25,2026-01-16,Basic Plan
CUST00598,Annual,3759.85,Credit Card,2023-11-16,,Standard Plan
CUST00599,Monthly,4968.71,Net Banking,2025-06-12,2026-03-05,Basic Plan
CUST00600,Monthly,726.83,Auto Pay,2023-06-26,2026-08-19,Standard Plan
CUST00601,Annual,1485.42,Net Banking,2023-03-01,,Basic Plan
CUST00602,Monthly,1643.24,Debit Card,2024-10-20,,Standard Plan
CUST00603,Monthly,1687.37,Auto Pay,2024-02-03,,Basic Plan
CUST00604,Quarterly,904.63,Auto Pay,2022-06-19,2026-07-24,Standard Plan
CUST00605,Monthly,3083.57,Credit Card,2023-10-08,,Basic Plan
CUST00606,Monthly,1160.36,Net Banking,2021-02-28,,Basic Plan
CUST00607,Monthly,1348.59,UPI,2021-12-23,2026-07-13,Standard Plan
CUST00608,Monthly,347.9,Debit Card,2025-07-31,,Basic Plan
CUST00609,Monthly,524.42,Auto Pay,2021-10-13,2026-04-09,Standard Plan
CUST00610,Quarterly,3093.97,Net Banking,2023-03-14,,Basic Plan
CUST00611,Monthly,2169.71,Auto Pay,2025-01-01,,Basic Plan
CUST00612,Monthly,3686.62,UPI,2024-12-12,,Basic Plan
CUST00613,Monthly,3566.06,Debit Card,2022-08-04,,Standard Plan
CUST00614,Monthly,2905.64,UPI,2025-09-09,,Basic Plan
CUST00615,Monthly,4243.35,UPI,2025-07-15,2026-05-24,Standard Plan
CUST00616,Monthly,2970.62,Debit Card,2021-03-11,,Basic Plan
CUST00617,Annual,471.78,Credit Card,2021-03-22,,Standard Plan
CUST00618,Annual,745.39,UPI,2022-01-07,2026-01-18,Standard Plan
CUST00619,Annual,2935.52,Auto Pay,2025-11-27,,Standard Plan
CUST00620,Monthly,1526.07,Auto Pay,2025-02-18,,Basic Plan
CUST00621,Quarterly,1459.91,Credit Card,2022-11-16,2026-04-14,Basic Plan
CUST00622,Annual,534.66,Credit Card,2023-10-21,,Basic Plan
CUST00623,Monthly,4611.43,Net Banking,2023-06-07,2026-04-22,Standard Plan
CUST00624,Quarterly,3283.04,Debit Card,2024-09-22,2026-08-09,Standard Plan
CUST00625,Monthly,2947.2,UPI,2022-05-25,,Standard Plan
CUST00626,Monthly,2080.48,UPI,2023-09-14,,Standard Plan
CUST00627,Quarterly,2819.0,UPI,2025-01-03,,Basic Plan
CUST00628,Monthly,1899.33,Net Banking,2023-05-28,,Basic Plan
CUST00629,Monthly,1083.89,Auto Pay,2023-10-31,,Standard Plan
CUST00630,Monthly,952.45,Credit Card,2022-10-27,,Premium Plan
CUST00631,Monthly,3460.51,UPI,2022-09-24,,Standard Plan
CUST00632,Monthly,4069.21,Debit Card,2023-06-30,2026-03-10,Standard Plan
CUST00633,Quarterly,2968.43,Auto Pay,2023-03-23,,Basic Plan
CUST00634,Annual,4422.53,Credit Card,2021-09-02,,Standard Plan
CUST00635,Monthly,486.52,Debit Card,2023-03-06,2026-03-02,Standard Plan
CUST00636,Monthly,3832.69,Auto Pay,2025-01-13,2026-06-28,Standard Plan
CUST00637,Monthly,1959.14,Debit Card,2022-07-21,,Standard Plan
CUST00638,Monthly,708.34,Credit Card,2025-04-05,,Standard Plan
CUST00639,Monthly,745.12,Debit Card,2021-10-09,2026-06-28,Basic Plan
CUST00640,Quarterly,3927.17,Net Banking,2025-03-17,,Basic Plan
CUST00641,Monthly,4013.28,Net Banking,2023-04-26,,Basic Plan
CUST00642,Quarterly,1033.41,Auto Pay,2022-12-26,2026-08-28,Basic Plan
CUST00643,Monthly,3505.5,Auto Pay,2022-04-16,,Standard Plan
CUST00644,Monthly,3456.75,Auto Pay,2025-09-16,,Basic Plan
CUST00645,Quarterly,2545.05,Auto Pay,2022-08-19,2026-01-27,Basic Plan
CUST00646,Quarterly,3601.74,Credit Card,2021-12-23,2026-07-08,Standard Plan
CUST00647,Annual,3013.46,Auto Pay,2023-11-13,,Basic Plan
CUST00648,Monthly,846.83,Credit Card,2024-02-24,,Basic Plan
CUST00649,Monthly,1609.93,Net Banking,2023-01-26,2026-08-14,Basic Plan
CUST00650,Annual,4521.89,Credit Card,2023-05-09,,Standard Plan
CUST00651,Monthly,2019.21,Credit Card,2023-05-10,,Standard Plan
CUST00652,Monthly,1991.43,UPI,2023-10-23,,Standard Plan
CUST00653,Annual,866.93,Auto Pay,2021-10-22,,Standard Plan
CUST00654,Annual,4744.0,Auto Pay,2025-07-04,,Premium Plan
CUST00655,Monthly,1623.84,Credit Card,2021-03-02,2026-03-12,Standard Plan
CUST00656,Quarterly,2686.63,Credit Card,2025-02-28,,Basic Plan
CUST00657,Monthly,1030.84,Net Banking,2022-12-10,2026-02-26,Basic Plan
CUST00658,Monthly,2562.36,Auto Pay,2023-01-13,,Standard Plan
CUST00659,Monthly,2657.58,UPI,2025-09-26,,Basic Plan
CUST00660,Annual,3871.45,Debit Card,2025-04-08,2026-03-20,Standard Plan
CUST00661,Monthly,3840.18,Debit Card,2022-04-24,2026-05-07,Basic Plan
CUST00662,Annual,3917.93,Credit Card,2021-01-23,,Standard Plan
CUST00663,Quarterly,1742.13,Credit Card,2022-04-25,2026-04-22,Premium Plan
CUST00664,Annual,3853.81,Net Banking,2023-11-30,,Basic Plan
CUST00665,Monthly,2792.25,Credit Card,2021-07-06,,Premium Plan
CUST00666,Annual,640.79,UPI,2023-07-27,,Basic Plan
CUST00667,Monthly,2759.0,Net Banking,2024-09-15,2026-02-01,Standard Plan
CUST00668,Monthly,2677.51,UPI,2025-02-21,,Basic Plan
CUST00669,Annual,2442.05,Debit Card,2025-02-22,,Basic Plan
CUST00670,Monthly,2013.88,UPI,2021-12-18,,Standard Plan
CUST00671,Monthly,3013.13,Net Banking,2025-04-06,,Premium Plan
CUST00672,Annual,905.3,Auto Pay,2022-05-11,,Basic Plan
CUST00673,Quarterly,3801.23,Net Banking,2021-05-05,,Standard Plan
CUST00674,Monthly,1074.16,Net Banking,2025-10-02,,Basic Plan
CUST00675,Annual,4405.77,Debit Card,2023-05-25,,Basic Plan
CUST00676,Quarterly,1259.17,Credit Card,2023-02-16,,Premium Plan
CUST00677,Monthly,2947.43,UPI,2021-04-19,,Basic Plan
CUST00678,Quarterly,945.2,Auto Pay,2023-08-06,2026-05-22,Standard Plan
CUST00679,Monthly,2749.55,UPI,2025-06-16,,Basic Plan
CUST00680,Annual,1179.02,Net Banking,2022-09-14,,Premium Plan
CUST00681,Monthly,3808.83,Auto Pay,2025-06-08,,Basic Plan
CUST00682,Quarterly,2250.38,Credit Card,2023-12-14,,Standard Plan
CUST00683,Monthly,4600.91,Auto Pay,2025-03-12,,Basic Plan
CUST00684,Quarterly,1945.55,UPI,2023-11-18,,Basic Plan
CUST00685,Monthly,4342.73,Credit Card,2023-03-22,2026-05-15,Premium Plan
CUST00686,Quarterly,475.7,Debit Card,2021-12-18,,Standard Plan
CUST00687,Monthly,2683.65,Credit Card,2021-01-30,,Basic Plan
CUST00688,Monthly,506.44,Debit Card,2024-02-12,,Standard Plan
CUST00689,Monthly,2669.67,Auto Pay,2024-08-18,2026-05-20,Premium Plan
CUST00690,Monthly,346.05,UPI,2025-07-11,,Standard Plan
CUST00691,Monthly,2057.69,Debit Card,2022-12-17,,Basic Plan
CUST00692,Annual,2270.89,Debit Card,2025-04-22,,Basic Plan
CUST00693,Annual,3498.04,Net Banking,2021-03-20,,Basic Plan
CUST00694,Quarterly,4334.75,Debit Card,2021-10-27,2026-03-19,Basic Plan
CUST00695,Monthly,1507.47,Credit Card,2021-09-13,2026-06-03,Basic Plan
CUST00696,Quarterly,4385.11,Net Banking,2022-01-02,,Premium Plan
CUST00697,Annual,1809.74,Credit Card,2023-05-03,,Standard Plan
CUST00698,Monthly,3916.55,Auto Pay,2023-05-27,,Basic Plan
CUST00699,Monthly,3005.83,Debit Card,2024-09-23,,Basic Plan
CUST00700,Monthly,495.41,Net Banking,2025-12-30,,Basic Plan
CUST00701,Quarterly,4146.46,Credit Card,2023-04-06,,Standard Plan
CUST00702,Monthly,1691.31,Debit Card,2024-08-03,,Standard Plan
CUST00703,Quarterly,1506.84,Auto Pay,2023-12-09,,Premium Plan
CUST00704,Quarterly,1815.68,Auto Pay,2023-10-04,,Basic Plan
CUST00705,Annual,1725.8,UPI,2023-11-19,,Basic Plan
CUST00706,Monthly,4854.8,Net Banking,2022-03-24,2026-03-09,Basic Plan
CUST00707,Monthly,2791.2,Debit Card,2021-12-12,,Premium Plan
CUST00708,Monthly,1975.35,Credit Card,2025-11-12,,Basic Plan
CUST00709,Monthly,388.49,Debit Card,2024-01-26,2026-07-24,Standard Plan
CUST00710,Monthly,2179.26,Auto Pay,2021-03-20,2026-03-08,Standard Plan
CUST00711,Annual,1672.32,Debit Card,2025-05-15,,Basic Plan
CUST00712,Annual,2846.52,Auto Pay,2023-12-01,,Standard Plan
CUST00713,Annual,3821.45,Credit Card,2022-10-03,,Standard Plan
CUST00714,Monthly,2368.6,Debit Card,2022-06-22,,Basic Plan
CUST00715,Monthly,2951.0,UPI,2022-05-03,2026-07-17,Premium Plan
CUST00716,Monthly,4456.27,UPI,2024-09-25,2026-03-20,Standard Plan
CUST00717,Annual,1801.78,Auto Pay,2022-01-30,,Basic Plan
CUST00718,Annual,1289.51,Auto Pay,2025-11-23,2026-06-22,Basic Plan
CUST00719,Quarterly,1476.44,Auto Pay,2021-10-01,,Standard Plan
CUST00720,Annual,840.02,UPI,2021-08-08,,Basic Plan
CUST00721,Monthly,4252.62,Auto Pay,2022-08-22,2026-03-04,Standard Plan
CUST00722,Annual,1524.74,Credit Card,2023-06-01,,Basic Plan
CUST00723,Monthly,588.89,UPI,2022-12-13,2026-03-07,Standard Plan
CUST00724,Monthly,2537.8,Debit Card,2024-10-04,2026-05-20,Basic Plan
CUST00725,Quarterly,431.02,Auto Pay,2023-08-06,,Standard Plan
CUST00726,Monthly,3200.3,Net Banking,2025-11-14,,Basic Plan
CUST00727,Annual,1061.23,Auto Pay,2021-10-29,,Standard Plan
CUST00728,Monthly,3810.85,Net Banking,2024-02-18,,Basic Plan
CUST00729,Monthly,593.8,Credit Card,2022-05-10,2026-04-18,Premium Plan
CUST00730,Quarterly,696.73,Debit Card,2022-01-01,2026-06-12,Basic Plan
CUST00731,Monthly,843.62,UPI,2024-04-29,,Basic Plan
CUST00732,Monthly,2307.86,Net Banking,2021-04-05,,Basic Plan
CUST00733,Monthly,1511.21,Credit Card,2023-08-18,2026-04-28,Standard Plan
CUST00734,Monthly,2849.3,Auto Pay,2025-04-10,,Standard Plan
CUST00735,Annual,4263.63,Credit Card,2024-10-12,,Standard Plan
CUST00736,Quarterly,1981.64,Auto Pay,2022-09-16,,Standard Plan
CUST00737,Monthly,2411.64,Debit Card,2025-05-19,2026-06-02,Standard Plan
CUST00738,Annual,1080.66,Net Banking,2023-07-08,,Standard Plan
CUST00739,Annual,3997.98,Credit Card,2024-06-27,,Basic Plan
CUST00740,Monthly,4045.02,Net Banking,2024-02-23,,Standard Plan
CUST00741,Monthly,3827.63,Credit Card,2025-09-19,,Basic Plan
CUST00742,Quarterly,717.69,Auto Pay,2022-10-08,,Basic Plan
CUST00743,Annual,3375.0,Net Banking,2024-09-12,,Basic Plan
CUST00744,Monthly,4709.31,Credit Card,2024-05-17,,Standard Plan
CUST00745,Monthly,4777.48,Credit Card,2023-01-27,,Premium Plan
CUST00746,Monthly,1434.25,Debit Card,2023-10-17,,Basic Plan
CUST00747,Quarterly,2837.52,Debit Card,2023-08-22,,Premium Plan
CUST00748,Monthly,495.32,UPI,2021-09-26,,Standard Plan
CUST00749,Annual,1152.42,UPI,2021-12-15,,Premium Plan
CUST00750,Annual,1493.98,UPI,2023-07-30,,Premium Plan
CUST00751,Monthly,991.1,Auto Pay,2023-08-24,,Basic Plan
CUST00752,Monthly,3724.31,Auto Pay,2023-12-13,,Standard Plan
CUST00753,Quarterly,4967.43,Auto Pay,2023-06-18,2026-05-01,Standard Plan
CUST00754,Monthly,4251.29,Auto Pay,2023-07-29,2026-02-14,Basic Plan
CUST00755,Quarterly,815.1,Net Banking,2021-04-29,,Basic Plan
CUST00756,Monthly,1136.72,Debit Card,2022-10-09,,Basic Plan
CUST00757,Monthly,1560.08,Credit Card,2025-02-24,2026-07-24,Premium Plan
CUST00758,Annual,1634.42,UPI,2023-04-27,,Basic Plan
CUST00759,Monthly,1175.92,Auto Pay,2024-03-05,,Standard Plan
CUST00760,Monthly,4831.99,Debit Card,2021-01-28,,Basic Plan
CUST00761,Annual,3031.95,Credit Card,2025-09-30,,Standard Plan
CUST00762,Monthly,1251.0,Auto Pay,2024-08-25,,Standard Plan
CUST00763,Annual,4030.4,UPI,2021-01-05,,Standard Plan
CUST00764,Annual,3195.57,Credit Card,2024-09-22,,Standard Plan
CUST00765,Quarterly,3987.52,UPI,2022-01-16,,Basic Plan
CUST00766,Monthly,1916.44,Auto Pay,2025-10-16,2026-04-25,Basic Plan
CUST00767,Monthly,2965.83,Net Banking,2022-05-09,,Premium Plan
CUST00768,Quarterly,4414.67,UPI,2025-08-13,,Basic Plan
CUST00769,Annual,1133.52,Net Banking,2024-08-03,,Standard Plan
CUST00770,Monthly,4174.59,Auto Pay,2022-04-24,,Premium Plan
CUST00771,Monthly,4748.64,Credit Card,2022-09-27,2026-04-13,Standard Plan
CUST00772,Monthly,1685.66,Auto Pay,2022-04-28,2026-06-16,Premium Plan
CUST00773,Monthly,2685.76,Credit Card,2023-11-01,,Basic Plan
CUST00774,Annual,1606.96,Credit Card,2025-04-23,,Standard Plan
CUST00775,Annual,4778.52,UPI,2025-04-14,,Standard Plan
CUST00776,Annual,4442.68,UPI,2025-11-30,,Basic Plan
CUST00777,Quarterly,2084.03,Net Banking,2024-02-23,,Premium Plan
CUST00778,Monthly,2285.16,Credit Card,2021-08-18,,Basic Plan
CUST00779,Monthly,4856.46,Auto Pay,2021-11-02,,Basic Plan
CUST00780,Monthly,3166.31,Net Banking,2025-04-21,,Basic Plan
CUST00781,Quarterly,2193.05,Net Banking,2022-12-19,,Basic Plan
CUST00782,Monthly,1141.46,Net Banking,2024-12-19,,Standard Plan
CUST00783,Monthly,1901.16,Net Banking,2024-11-22,2026-05-25,Basic Plan
CUST00784,Annual,1359.94,Credit Card,2022-09-08,,Basic Plan
CUST00785,Quarterly,1319.74,Auto Pay,2022-02-27,,Standard Plan
CUST00786,Monthly,1826.85,Net Banking,2021-10-05,2026-04-01,Basic Plan
CUST00787,Monthly,2509.11,Debit Card,2023-12-17,,Basic Plan
CUST00788,Monthly,4718.75,Auto Pay,2021-12-18,,Premium Plan
CUST00789,Monthly,3951.53,Debit Card,2021-03-03,,Basic Plan
CUST00790,Monthly,2383.13,Net Banking,2021-07-07,,Basic Plan
CUST00791,Monthly,3706.74,Auto Pay,2023-08-27,,Basic Plan
CUST00792,Monthly,1552.12,Debit Card,2023-03-06,,Basic Plan
CUST00793,Annual,1716.81,Debit Card,2024-09-20,,Standard Plan
CUST00794,Monthly,331.49,Auto Pay,2024-08-06,2026-07-22,Basic Plan
CUST00795,Quarterly,3237.04,Debit Card,2024-07-22,,Basic Plan
CUST00796,Quarterly,2061.06,UPI,2025-08-11,,Basic Plan
CUST00797,Annual,919.18,Credit Card,2023-08-17,,Standard Plan
CUST00798,Annual,3616.98,Credit Card,2021-08-20,,Standard Plan
CUST00799,Quarterly,4010.78,Credit Card,2022-06-29,2026-04-05,Basic Plan
CUST00800,Monthly,3728.72,Net Banking,2022-01-26,2026-07-20,Basic Plan
CUST00801,Quarterly,3489.27,Auto Pay,2025-03-05,,Basic Plan
CUST00802,Monthly,1250.21,Credit Card,2021-06-11,2026-02-06,Premium Plan
CUST00803,Monthly,2881.9,Net Banking,2024-07-25,2026-08-30,Basic Plan
CUST00804,Annual,4669.49,Net Banking,2025-12-21,,Basic Plan
CUST00805,Monthly,611.17,Credit Card,2025-08-24,,Premium Plan
CUST00806,Quarterly,3866.93,UPI,2023-02-11,,Standard Plan
CUST00807,Annual,4533.16,Credit Card,2023-07-01,,Premium Plan
CUST00808,Monthly,3027.26,Net Banking,2022-09-04,,Standard Plan
CUST00809,Monthly,763.01,Auto Pay,2021-01-28,2026-06-01,Premium Plan
CUST00810,Monthly,2019.88,Net Banking,2023-11-15,2026-07-30,Basic Plan
CUST00811,Monthly,2109.84,Debit Card,2022-12-20,,Basic Plan
CUST00812,Monthly,4581.97,UPI,2022-11-13,,Basic Plan
CUST00813,Quarterly,4739.69,Debit Card,2022-12-21,,Standard Plan
CUST00814,Monthly,2009.65,UPI,2022-01-29,2026-07-16,Basic Plan
CUST00815,Monthly,2280.83,UPI,2025-03-21,,Premium Plan
CUST00816,Monthly,4458.4,UPI,2024-05-06,,Standard Plan
CUST00817,Quarterly,4266.35,Debit Card,2025-09-11,,Standard Plan
CUST00818,Monthly,794.93,Credit Card,2021-08-16,,Basic Plan
CUST00819,Monthly,777.56,Debit Card,2024-11-15,2026-06-26,Standard Plan
CUST00820,Annual,942.68,Auto Pay,2024-12-08,,Basic Plan
CUST00821,Monthly,3199.23,Debit Card,2021-12-22,,Standard Plan
CUST00822,Quarterly,539.19,UPI,2022-06-09,,Basic Plan
CUST00823,Annual,1983.68,Net Banking,2025-02-02,,Standard Plan
CUST00824,Annual,2028.86,Debit Card,2022-09-12,,Standard Plan
CUST00825,Annual,2055.18,Debit Card,2023-02-05,,Basic Plan
CUST00826,Monthly,2449.94,Credit Card,2024-11-13,2026-01-05,Basic Plan
CUST00827,Quarterly,1003.61,Credit Card,2024-12-15,,Basic Plan
CUST00828,Annual,4384.7,Net Banking,2024-12-10,,Standard Plan
CUST00829,Annual,4347.27,Net Banking,2021-10-06,,Basic Plan
CUST00830,Monthly,4441.48,Net Banking,2022-12-09,,Basic Plan
CUST00831,Annual,4914.15,Credit Card,2021-10-17,,Basic Plan
CUST00832,Monthly,1662.86,Net Banking,2023-11-17,,Basic Plan
CUST00833,Annual,597.39,Auto Pay,2025-01-30,,Basic Plan
CUST00834,Annual,317.8,Credit Card,2025-05-10,,Standard Plan
CUST00835,Monthly,2748.33,Credit Card,2022-01-15,,Standard Plan
CUST00836,Quarterly,3748.48,Credit Card,2024-09-20,,Basic Plan
CUST00837,Annual,3543.28,Credit Card,2024-11-05,,Standard Plan
CUST00838,Monthly,2356.31,Debit Card,2024-12-24,,Basic Plan
CUST00839,Monthly,4092.02,Auto Pay,2025-05-13,2026-04-22,Basic Plan
CUST00840,Quarterly,3406.0,Credit Card,2023-06-30,,Basic Plan
CUST00841,Annual,450.53,Debit Card,2021-06-18,2026-02-08,Premium Plan
CUST00842,Monthly,1593.14,Credit Card,2025-06-02,,Standard Plan
CUST00843,Monthly,4477.66,Auto Pay,2024-04-10,,Basic Plan
CUST00844,Monthly,4181.66,Credit Card,2022-09-26,2026-08-23,Standard Plan
CUST00845,Quarterly,1822.66,Debit Card,2023-08-22,,Standard Plan
CUST00846,Annual,2266.23,Net Banking,2025-05-30,,Basic Plan
CUST00847,Quarterly,3508.82,Credit Card,2025-01-11,2026-02-23,Basic Plan
CUST00848,Annual,1865.58,Auto Pay,2025-04-11,,Basic Plan
CUST00849,Quarterly,4397.15,Auto Pay,2022-07-06,2026-05-15,Basic Plan
CUST00850,Annual,4568.75,Net Banking,2021-08-02,,Basic Plan
CUST00851,Quarterly,2583.39,Auto Pay,2021-02-26,,Basic Plan
CUST00852,Monthly,3893.96,Net Banking,2022-05-18,,Standard Plan
CUST00853,Monthly,4873.71,Credit Card,2025-08-26,,Basic Plan
CUST00854,Annual,3193.65,Auto Pay,2021-01-04,,Basic Plan
CUST00855,Monthly,3436.28,Net Banking,2021-12-15,,Standard Plan
CUST00856,Monthly,2473.25,UPI,2022-09-18,2026-08-24,Standard Plan
CUST00857,Monthly,2757.83,Auto Pay,2021-07-14,,Basic Plan
CUST00858,Quarterly,2452.74,Credit Card,2022-06-10,,Premium Plan
CUST00859,Quarterly,4052.39,Auto Pay,2023-06-01,2026-05-25,Basic Plan
CUST00860,Monthly,4496.82,Net Banking,2022-03-11,,Standard Plan
CUST00861,Quarterly,3779.95,Auto Pay,2022-05-24,,Standard Plan
CUST00862,Quarterly,333.13,Credit Card,2025-06-21,2026-05-21,Standard Plan
CUST00863,Monthly,2966.05,Net Banking,2023-08-01,2026-07-21,Standard Plan
CUST00864,Monthly,3289.32,Debit Card,2024-04-01,,Standard Plan
CUST00865,Monthly,3041.82,Net Banking,2022-04-15,2026-08-09,Basic Plan
CUST00866,Monthly,967.98,Auto Pay,2024-06-20,,Standard Plan
CUST00867,Monthly,1976.41,Auto Pay,2021-11-24,,Basic Plan
CUST00868,Monthly,4030.16,UPI,2021-02-12,2026-04-10,Standard Plan
CUST00869,Monthly,4139.27,Auto Pay,2021-04-02,,Standard Plan
CUST00870,Quarterly,758.77,Debit Card,2023-11-18,,Basic Plan
CUST00871,Quarterly,2578.39,UPI,2024-03-07,,Standard Plan
CUST00872,Monthly,1112.34,UPI,2025-10-24,,Standard Plan
CUST00873,Monthly,3783.22,Debit Card,2025-05-04,,Standard Plan
CUST00874,Quarterly,1286.24,Auto Pay,2022-11-24,,Basic Plan
CUST00875,Monthly,4103.32,Net Banking,2024-07-08,,Basic Plan
CUST00876,Monthly,4862.32,Auto Pay,2025-11-12,,Premium Plan
CUST00877,Monthly,4882.98,Auto Pay,2023-10-09,2026-02-26,Standard Plan
CUST00878,Monthly,2734.87,Debit Card,2025-05-02,,Standard Plan
CUST00879,Quarterly,1526.2,Net Banking,2025-11-08,,Basic Plan
CUST00880,Monthly,1567.1,Debit Card,2024-02-01,,Basic Plan
CUST00881,Annual,2806.57,Auto Pay,2025-10-31,,Standard Plan
CUST00882,Monthly,4745.65,Auto Pay,2025-03-10,,Standard Plan
CUST00883,Monthly,1201.69,Credit Card,2024-12-29,2026-05-30,Premium Plan
CUST00884,Monthly,693.97,Credit Card,2024-04-29,,Standard Plan
CUST00885,Annual,4152.02,UPI,2022-07-10,,Basic Plan
CUST00886,Annual,1237.26,UPI,2024-10-23,,Basic Plan
CUST00887,Monthly,4859.73,Debit Card,2022-05-09,,Basic Plan
CUST00888,Quarterly,4333.37,UPI,2023-03-15,,Standard Plan
CUST00889,Monthly,683.98,Auto Pay,2022-03-21,2026-05-27,Premium Plan
CUST00890,Annual,3862.77,Net Banking,2025-07-05,,Standard Plan
CUST00891,Monthly,4128.78,Auto Pay,2024-07-21,2026-06-22,Premium Plan
CUST00892,Monthly,2709.65,Credit Card,2021-03-12,2026-05-16,Basic Plan
CUST00893,Monthly,2567.77,UPI,2022-12-13,,Basic Plan
CUST00894,Monthly,1107.65,Debit Card,2021-08-16,,Premium Plan
CUST00895,Monthly,1090.74,UPI,2024-12-23,,Basic Plan
CUST00896,Quarterly,3496.56,Auto Pay,2022-08-12,,Standard Plan
CUST00897,Annual,4511.06,UPI,2023-11-28,,Standard Plan
CUST00898,Annual,2459.96,Credit Card,2024-03-21,,Standard Plan
CUST00899,Monthly,3031.42,Credit Card,2022-12-20,,Basic Plan
CUST00900,Quarterly,1645.94,UPI,2022-08-31,,Basic Plan
CUST00901,Monthly,4437.2,Auto Pay,2022-07-24,,Standard Plan
CUST00902,Annual,3631.34,Auto Pay,2021-09-17,,Standard Plan
CUST00903,Monthly,3632.91,Debit Card,2021-06-22,2026-06-06,Standard Plan
CUST00904,Monthly,3170.53,Net Banking,2023-03-24,2026-03-04,Standard Plan
CUST00905,Quarterly,1188.33,Credit Card,2025-05-07,2026-04-23,Basic Plan
CUST00906,Quarterly,3921.48,UPI,2022-12-03,,Premium Plan
CUST00907,Monthly,2185.45,Net Banking,2025-10-05,2026-01-15,Standard Plan
CUST00908,Annual,2565.32,Credit Card,2024-12-20,,Standard Plan
CUST00909,Monthly,1369.17,Debit Card,2024-10-10,2026-04-27,Standard Plan
CUST00910,Monthly,3808.87,UPI,2022-11-26,,Basic Plan
CUST00911,Monthly,4800.93,Auto Pay,2024-09-17,,Basic Plan
CUST00912,Monthly,2960.76,Net Banking,2023-02-23,2026-05-15,Standard Plan
CUST00913,Monthly,4893.67,Auto Pay,2024-02-21,,Premium Plan
CUST00914,Monthly,3182.21,Net Banking,2022-02-12,,Premium Plan
CUST00915,Annual,3982.87,Net Banking,2025-08-30,,Standard Plan
CUST00916,Monthly,1573.62,Credit Card,2022-12-30,,Basic Plan
CUST00917,Monthly,610.69,Debit Card,2024-09-29,2026-08-02,Premium Plan
CUST00918,Annual,3529.08,Credit Card,2025-03-18,,Standard Plan
CUST00919,Quarterly,709.76,Credit Card,2023-01-13,,Basic Plan
CUST00920,Monthly,3102.63,Auto Pay,2023-02-23,2026-03-19,Basic Plan
CUST00921,Quarterly,2850.57,Credit Card,2022-02-16,,Basic Plan
CUST00922,Annual,1206.07,UPI,2024-07-31,,Basic Plan
CUST00923,Monthly,4596.95,UPI,2024-04-15,2026-02-24,Premium Plan
CUST00924,Quarterly,1375.45,Debit Card,2022-11-27,,Basic Plan
CUST00925,Annual,3410.7,Credit Card,2024-01-23,,Basic Plan
CUST00926,Monthly,4743.34,Debit Card,2022-12-10,,Basic Plan
CUST00927,Monthly,2753.06,UPI,2023-07-02,2026-02-09,Basic Plan
CUST00928,Monthly,2467.12,UPI,2023-12-04,,Premium Plan
CUST00929,Monthly,4238.04,Debit Card,2024-06-18,2026-05-09,Basic Plan
CUST00930,Annual,2054.77,UPI,2023-02-14,,Premium Plan
CUST00931,Annual,3300.08,UPI,2023-09-20,,Standard Plan
CUST00932,Annual,2345.78,Debit Card,2023-12-16,,Standard Plan
CUST00933,Annual,1025.38,UPI,2024-11-17,,Standard Plan
CUST00934,Quarterly,1771.38,UPI,2025-12-15,,Premium Plan
CUST00935,Monthly,4473.71,UPI,2021-09-11,2026-02-12,Basic Plan
CUST00936,Monthly,1961.33,Debit Card,2025-01-12,,Standard Plan
CUST00937,Monthly,2499.43,Auto Pay,2023-02-24,,Standard Plan
CUST00938,Annual,2776.35,UPI,2023-11-09,2026-08-24,Basic Plan
CUST00939,Annual,2655.36,Net Banking,2025-12-29,,Premium Plan
CUST00940,Monthly,3467.7,Credit Card,2022-02-16,,Basic Plan
CUST00941,Monthly,2384.72,Debit Card,2021-11-28,,Basic Plan
CUST00942,Monthly,4853.72,Debit Card,2025-12-22,,Standard Plan
CUST00943,Quarterly,2699.13,UPI,2024-06-02,2026-01-25,Standard Plan
CUST00944,Monthly,4562.41,Debit Card,2023-07-28,2026-03-13,Standard Plan
CUST00945,Quarterly,3525.25,Net Banking,2021-02-02,,Standard Plan
CUST00946,Monthly,539.9,Debit Card,2024-01-10,,Premium Plan
CUST00947,Quarterly,3510.01,Credit Card,2021-09-10,,Basic Plan
CUST00948,Annual,349.13,Auto Pay,2025-06-21,,Basic Plan
CUST00949,Monthly,3465.87,Auto Pay,2021-04-26,,Basic Plan
CUST00950,Monthly,4268.27,Debit Card,2025-02-21,2026-04-11,Standard Plan
CUST00951,Monthly,823.2,Auto Pay,2022-06-17,,Basic Plan
CUST00952,Monthly,3835.63,Debit Card,2023-12-18,,Basic Plan
CUST00953,Quarterly,3546.22,Credit Card,2023-05-13,,Basic Plan
CUST00954,Monthly,2155.43,Net Banking,2023-04-19,,Premium Plan
CUST00955,Quarterly,1243.6,Net Banking,2022-07-08,,Basic Plan
CUST00956,Quarterly,3544.14,Debit Card,2025-08-21,,Standard Plan
CUST00957,Monthly,500.45,Credit Card,2021-05-23,2026-03-20,Basic Plan
CUST00958,Annual,3090.93,UPI,2025-03-15,,Basic Plan
CUST00959,Monthly,2753.43,UPI,2022-06-14,,Basic Plan
CUST00960,Quarterly,4404.25,Debit Card,2022-11-17,2026-07-31,Standard Plan
CUST00961,Monthly,488.18,UPI,2021-03-08,2026-07-17,Premium Plan
CUST00962,Monthly,4304.04,Net Banking,2021-09-07,2026-03-19,Premium Plan
CUST00963,Monthly,1906.02,Auto Pay,2021-10-16,,Standard Plan
CUST00964,Annual,3901.51,Debit Card,2021-08-22,,Standard Plan
CUST00965,Annual,2415.96,Auto Pay,2023-03-19,,Standard Plan
CUST00966,Quarterly,870.66,UPI,2025-10-10,,Premium Plan
CUST00967,Quarterly,1540.43,Net Banking,2022-06-21,2026-05-22,Basic Plan
CUST00968,Quarterly,3776.49,Debit Card,2022-12-19,,Standard Plan
CUST00969,Quarterly,4149.77,Net Banking,2021-12-13,2026-05-29,Basic Plan
CUST00970,Monthly,3396.42,Debit Card,2025-08-04,2026-04-12,Basic Plan
CUST00971,Monthly,1846.25,Credit Card,2022-04-22,2026-07-17,Premium Plan
CUST00972,Monthly,2011.1,Net Banking,2021-10-30,,Standard Plan
CUST00973,Monthly,3965.64,Credit Card,2021-04-30,,Standard Plan
CUST00974,Monthly,4276.75,Credit Card,2025-09-06,2026-05-04,Basic Plan
CUST00975,Monthly,1277.05,UPI,2021-05-11,,Basic Plan
CUST00976,Monthly,3334.34,Debit Card,2022-03-19,,Basic Plan
CUST00977,Monthly,454.4,UPI,2024-12-24,2026-02-04,Basic Plan
CUST00978,Monthly,3269.04,Credit Card,2021-12-11,,Standard Plan
CUST00979,Monthly,3908.6,Auto Pay,2023-11-20,2026-04-06,Premium Plan
CUST00980,Annual,3607.13,Credit Card,2024-02-03,,Basic Plan
CUST00981,Monthly,4948.96,Debit Card,2024-04-07,2026-05-06,Standard Plan
CUST00982,Annual,3258.89,Debit Card,2025-01-14,,Premium Plan
CUST00983,Monthly,3310.46,Credit Card,2025-02-04,,Premium Plan
CUST00984,Monthly,4239.22,UPI,2024-07-24,,Premium Plan
CUST00985,Monthly,4073.82,UPI,2025-08-25,,Basic Plan
CUST00986,Annual,4091.96,Credit Card,2021-11-13,,Standard Plan
CUST00987,Annual,1065.97,Credit Card,2022-12-10,,Standard Plan
CUST00988,Annual,4750.85,Credit Card,2023-01-18,2026-07-13,Premium Plan
CUST00989,Quarterly,2591.12,UPI,2021-06-14,,Premium Plan
CUST00990,Annual,2626.61,Debit Card,2022-10-24,,Basic Plan
CUST00991,Annual,3148.9,Credit Card,2024-07-18,,Standard Plan
CUST00992,Annual,3294.31,UPI,2021-01-23,,Standard Plan
CUST00993,Annual,2339.43,Auto Pay,2025-06-30,2026-06-02,Basic Plan
CUST00994,Annual,3394.72,UPI,2022-08-18,,Standard Plan
CUST00995,Monthly,4519.12,Auto Pay,2022-10-30,2026-04-17,Basic Plan
CUST00996,Quarterly,2834.25,Debit Card,2023-12-07,,Standard Plan
CUST00997,Annual,1545.78,Net Banking,2024-05-13,,Standard Plan
CUST00998,Annual,3737.82,Net Banking,2024-06-06,,Basic Plan
CUST00999,Monthly,629.62,Net Banking,2021-12-01,2026-03-11,Premium Plan
CUST01000,Quarterly,4302.32,UPI,2021-11-22,,Standard Plan
CUST01001,Annual,1757.75,UPI,2024-03-05,,Standard Plan
CUST01002,Monthly,314.52,Net Banking,2023-11-25,,Basic Plan
CUST01003,Monthly,884.44,Credit Card,2021-01-27,2026-01-24,Premium Plan
CUST01004,Monthly,2031.1,UPI,2025-05-05,,Standard Plan
CUST01005,Monthly,4749.04,Credit Card,2022-04-14,,Premium Plan
CUST01006,Annual,779.51,UPI,2025-07-28,,Standard Plan
CUST01007,Monthly,1568.51,UPI,2024-01-08,2026-05-06,Premium Plan
CUST01008,Quarterly,1425.65,UPI,2021-07-19,,Standard Plan
CUST01009,Monthly,1380.15,Debit Card,2022-04-06,2026-07-21,Standard Plan
CUST01010,Annual,748.84,UPI,2025-12-27,,Premium Plan
CUST01011,Monthly,2365.37,Net Banking,2024-05-13,2026-07-23,Basic Plan
CUST01012,Annual,2705.53,Auto Pay,2024-03-30,2026-04-20,Standard Plan
CUST01013,Monthly,1893.1,Auto Pay,2023-06-30,,Basic Plan
CUST01014,Monthly,3243.39,Net Banking,2023-05-29,2026-01-11,Basic Plan
CUST01015,Annual,2522.52,UPI,2025-07-30,,Premium Plan
CUST01016,Annual,1447.76,UPI,2023-11-01,,Standard Plan
CUST01017,Monthly,1879.03,Credit Card,2023-06-18,,Standard Plan
CUST01018,Annual,4942.77,UPI,2025-05-13,2026-08-11,Basic Plan
CUST01019,Annual,301.18,Auto Pay,2023-11-30,2026-05-28,Basic Plan
CUST01020,Annual,1180.97,Auto Pay,2021-12-30,,Standard Plan
CUST01021,Quarterly,1700.23,Debit Card,2022-06-07,,Basic Plan
CUST01022,Monthly,2903.61,Auto Pay,2021-11-03,2026-08-20,Basic Plan
CUST01023,Monthly,942.33,Net Banking,2024-06-03,2026-03-22,Standard Plan
CUST01024,Annual,1414.6,Credit Card,2025-02-08,,Standard Plan
CUST01025,Monthly,3630.58,Net Banking,2023-01-14,,Basic Plan
CUST01026,Quarterly,1765.23,UPI,2023-07-22,,Basic Plan
CUST01027,Annual,1368.83,UPI,2023-07-08,,Basic Plan
CUST01028,Monthly,1271.99,UPI,2024-09-28,2026-02-11,Basic Plan
CUST01029,Quarterly,1932.02,UPI,2021-12-12,,Basic Plan
CUST01030,Monthly,4996.89,Net Banking,2022-10-09,,Standard Plan
CUST01031,Annual,2643.51,Auto Pay,2025-08-15,,Basic Plan
CUST01032,Annual,4919.6,UPI,2024-01-27,,Standard Plan
CUST01033,Monthly,4934.29,UPI,2025-05-26,,Premium Plan
CUST01034,Monthly,1944.32,Credit Card,2023-12-17,2026-03-31,Standard Plan
CUST01035,Quarterly,4680.92,Credit Card,2022-11-05,2026-05-23,Premium Plan
CUST01036,Monthly,3470.68,Net Banking,2025-06-12,,Standard Plan
CUST01037,Annual,1628.2,Credit Card,2023-10-23,,Standard Plan
CUST01038,Annual,354.65,Debit Card,2021-04-03,,Basic Plan
CUST01039,Monthly,4937.88,UPI,2022-09-25,2026-07-15,Basic Plan
CUST01040,Annual,2989.61,Credit Card,2024-04-20,,Basic Plan
CUST01041,Annual,1470.06,Debit Card,2021-05-22,,Standard Plan
CUST01042,Monthly,3472.22,Debit Card,2024-09-06,2026-02-13,Basic Plan
CUST01043,Quarterly,721.11,Net Banking,2023-05-19,,Basic Plan
CUST01044,Monthly,518.49,Net Banking,2022-04-22,2026-08-16,Premium Plan
CUST01045,Monthly,4972.94,Net Banking,2023-08-23,,Basic Plan
CUST01046,Quarterly,1792.06,Credit Card,2025-06-19,,Basic Plan
CUST01047,Monthly,356.28,UPI,2023-11-23,,Standard Plan
CUST01048,Monthly,3136.34,Debit Card,2023-05-29,2026-03-21,Standard Plan
CUST01049,Monthly,2401.65,Debit Card,2025-03-13,2026-02-14,Standard Plan
CUST01050,Monthly,1648.6,Net Banking,2023-01-01,2026-08-25,Standard Plan
CUST01051,Monthly,1192.61,Net Banking,2023-08-17,2026-01-30,Standard Plan
CUST01052,Monthly,441.57,Credit Card,2022-06-22,,Premium Plan
CUST01053,Quarterly,850.22,Net Banking,2023-05-02,,Basic Plan
CUST01054,Annual,2123.06,Credit Card,2024-09-19,,Basic Plan
CUST01055,Monthly,4765.86,Auto Pay,2021-02-27,2026-04-26,Standard Plan
CUST01056,Annual,472.89,UPI,2025-06-17,,Standard Plan
CUST01057,Annual,970.24,Debit Card,2022-04-27,,Standard Plan
CUST01058,Monthly,4221.4,UPI,2025-07-31,2026-02-28,Standard Plan
CUST01059,Monthly,4575.02,Net Banking,2021-04-26,,Standard Plan
CUST01060,Monthly,1192.95,Debit Card,2022-05-25,2026-01-14,Premium Plan
CUST01061,Annual,937.71,UPI,2023-09-28,,Standard Plan
CUST01062,Monthly,461.02,Net Banking,2021-03-31,,Basic Plan
CUST01063,Quarterly,1385.46,Auto Pay,2025-08-11,,Premium Plan
CUST01064,Monthly,4271.26,Net Banking,2025-11-27,,Premium Plan
CUST01065,Annual,2590.51,UPI,2025-07-26,,Standard Plan
CUST01066,Monthly,1137.32,Debit Card,2024-02-09,,Standard Plan
CUST01067,Monthly,432.44,Auto Pay,2025-10-22,2026-07-10,Basic Plan
CUST01068,Monthly,4288.55,Net Banking,2025-03-16,2026-05-18,Standard Plan
CUST01069,Quarterly,4014.4,UPI,2023-09-29,,Standard Plan
CUST01070,Annual,615.64,Net Banking,2023-07-13,,Premium Plan
CUST01071,Annual,3949.87,Auto Pay,2022-08-17,,Basic Plan
CUST01072,Monthly,3765.37,Debit Card,2025-10-07,,Standard Plan
CUST01073,Monthly,4935.46,Net Banking,2023-03-13,,Basic Plan
CUST01074,Monthly,709.36,Net Banking,2021-07-15,2026-02-25,Standard Plan
CUST01075,Monthly,1482.02,Auto Pay,2025-01-23,,Premium Plan
CUST01076,Monthly,3163.49,Credit Card,2022-01-25,2026-02-03,Standard Plan
CUST01077,Annual,1576.46,Net Banking,2023-11-16,,Premium Plan
CUST01078,Quarterly,665.72,Auto Pay,2023-11-17,,Premium Plan
CUST01079,Annual,3156.89,UPI,2023-01-17,2026-03-23,Standard Plan
CUST01080,Annual,3331.71,Credit Card,2024-11-14,,Basic Plan
CUST01081,Annual,4425.77,Net Banking,2023-04-08,2026-01-17,Standard Plan
CUST01082,Monthly,1119.3,Net Banking,2024-08-23,,Basic Plan
CUST01083,Quarterly,1758.21,Auto Pay,2021-10-20,,Basic Plan
CUST01084,Monthly,2868.99,Auto Pay,2024-09-19,,Basic Plan
CUST01085,Monthly,4664.85,Net Banking,2022-10-16,2026-07-11,Standard Plan
CUST01086,Monthly,2797.48,Debit Card,2024-08-13,,Standard Plan
CUST01087,Monthly,3367.84,UPI,2022-11-22,,Premium Plan
CUST01088,Annual,4636.47,Net Banking,2022-01-17,,Basic Plan
CUST01089,Annual,2326.81,Credit Card,2022-02-06,,Premium Plan
CUST01090,Quarterly,3528.43,Net Banking,2022-03-23,,Basic Plan
CUST01091,Monthly,520.89,Credit Card,2021-12-01,,Standard Plan
CUST01092,Monthly,822.83,Auto Pay,2023-07-01,,Standard Plan
CUST01093,Monthly,2089.61,Net Banking,2024-06-11,2026-06-23,Basic Plan
CUST01094,Monthly,4085.84,Credit Card,2024-12-04,,Basic Plan
CUST01095,Monthly,4119.15,Credit Card,2022-06-10,2026-04-12,Standard Plan
CUST01096,Monthly,559.73,UPI,2025-08-05,,Basic Plan
CUST01097,Monthly,864.6,Debit Card,2021-12-19,2026-08-12,Basic Plan
CUST01098,Monthly,1988.94,Debit Card,2025-09-27,,Premium Plan
CUST01099,Monthly,1278.3,Debit Card,2023-09-15,2026-04-28,Standard Plan
CUST01100,Monthly,982.59,UPI,2021-02-10,2026-05-01,Basic Plan
CUST01101,Annual,567.83,UPI,2022-06-11,,Basic Plan
CUST01102,Annual,2760.02,Credit Card,2025-07-29,,Basic Plan
CUST01103,Monthly,4938.25,UPI,2023-10-03,2026-03-19,Basic Plan
CUST01104,Monthly,1039.12,Credit Card,2024-07-18,,Basic Plan
CUST01105,Annual,1782.84,Net Banking,2022-12-04,,Standard Plan
CUST01106,Monthly,633.61,Credit Card,2025-10-04,,Premium Plan
CUST01107,Monthly,3447.76,Debit Card,2021-12-18,,Basic Plan
CUST01108,Annual,1673.82,UPI,2024-09-02,,Basic Plan
CUST01109,Quarterly,4487.52,UPI,2021-05-01,2026-03-03,Standard Plan
CUST01110,Monthly,985.79,Auto Pay,2024-04-23,,Basic Plan
CUST01111,Annual,1711.1,UPI,2023-03-18,,Standard Plan
CUST01112,Monthly,1542.83,Net Banking,2025-12-03,,Standard Plan
CUST01113,Monthly,792.42,Debit Card,2024-10-02,2026-07-15,Standard Plan
CUST01114,Annual,4025.51,Credit Card,2024-12-12,,Premium Plan
CUST01115,Monthly,3620.62,UPI,2022-08-13,2026-03-01,Standard Plan
CUST01116,Monthly,2661.57,Credit Card,2024-12-30,,Standard Plan
CUST01117,Monthly,2589.1,Credit Card,2023-07-02,2026-04-21,Basic Plan
CUST01118,Monthly,2335.56,Debit Card,2021-05-24,2026-08-01,Basic Plan
CUST01119,Monthly,4742.57,Credit Card,2021-02-06,2026-05-11,Basic Plan
CUST01120,Quarterly,3916.71,Credit Card,2023-12-02,,Basic Plan
CUST01121,Monthly,4749.54,UPI,2021-11-01,,Basic Plan
CUST01122,Monthly,746.57,Credit Card,2023-04-11,,Standard Plan
CUST01123,Quarterly,901.21,Net Banking,2021-02-05,,Basic Plan
CUST01124,Monthly,2750.38,Auto Pay,2022-08-26,,Standard Plan
CUST01125,Monthly,2761.09,Net Banking,2024-06-20,2026-03-24,Standard Plan
CUST01126,Monthly,697.97,Debit Card,2024-09-09,2026-06-26,Basic Plan
CUST01127,Annual,1327.16,Debit Card,2022-06-02,,Standard Plan
CUST01128,Annual,3447.61,UPI,2022-12-20,,Standard Plan
CUST01129,Quarterly,3148.14,UPI,2025-09-04,,Standard Plan
CUST01130,Monthly,3006.69,Net Banking,2021-04-04,,Standard Plan
CUST01131,Monthly,2924.88,Auto Pay,2025-03-01,,Basic Plan
CUST01132,Quarterly,4217.0,UPI,2025-01-02,,Standard Plan
CUST01133,Annual,3739.49,UPI,2021-08-05,,Standard Plan
CUST01134,Monthly,2388.75,Credit Card,2025-06-04,2026-05-09,Basic Plan
CUST01135,Quarterly,3963.27,Debit Card,2025-07-05,,Standard Plan
CUST01136,Monthly,3772.78,UPI,2021-05-04,,Standard Plan
CUST01137,Quarterly,1042.1,Net Banking,2025-01-05,,Basic Plan
CUST01138,Monthly,3924.53,Auto Pay,2023-06-10,2026-01-18,Basic Plan
CUST01139,Annual,3081.94,Debit Card,2024-07-03,,Standard Plan
CUST01140,Monthly,4767.97,Credit Card,2024-08-30,2026-07-28,Basic Plan
CUST01141,Monthly,868.31,Auto Pay,2022-12-23,2026-03-18,Basic Plan
CUST01142,Monthly,2726.5,UPI,2025-01-22,,Standard Plan
CUST01143,Annual,4002.91,UPI,2021-08-24,,Standard Plan
CUST01144,Quarterly,3539.59,Debit Card,2024-11-27,,Standard Plan
CUST01145,Quarterly,4705.02,Net Banking,2022-01-04,2026-02-28,Standard Plan
CUST01146,Annual,2174.95,Debit Card,2024-06-23,,Standard Plan
CUST01147,Monthly,3379.65,UPI,2022-07-09,,Basic Plan
CUST01148,Quarterly,4530.6,UPI,2021-09-02,,Basic Plan
CUST01149,Quarterly,2852.9,UPI,2021-08-30,,Standard Plan
CUST01150,Quarterly,2158.44,Auto Pay,2021-04-05,,Basic Plan
CUST01151,Annual,1979.14,Net Banking,2021-04-29,,Standard Plan
CUST01152,Quarterly,4365.74,Net Banking,2025-03-10,,Premium Plan
CUST01153,Monthly,4266.41,Credit Card,2025-01-07,,Basic Plan
CUST01154,Monthly,4147.89,UPI,2021-08-25,2026-07-03,Standard Plan
CUST01155,Monthly,562.04,UPI,2024-10-23,2026-02-01,Basic Plan
CUST01156,Annual,1775.45,UPI,2024-02-24,,Standard Plan
CUST01157,Monthly,3494.69,Credit Card,2024-12-31,2026-06-11,Standard Plan
CUST01158,Monthly,2516.19,Credit Card,2024-11-14,,Basic Plan
CUST01159,Quarterly,3863.14,UPI,2023-04-22,,Standard Plan
CUST01160,Monthly,3250.75,Net Banking,2022-03-31,,Standard Plan
CUST01161,Monthly,2534.86,Net Banking,2023-09-06,2026-04-18,Basic Plan
CUST01162,Quarterly,2318.52,Debit Card,2024-04-22,,Standard Plan
CUST01163,Monthly,878.94,Credit Card,2024-10-16,,Standard Plan
CUST01164,Monthly,3096.43,Net Banking,2025-10-12,2026-07-13,Basic Plan
CUST01165,Monthly,1843.77,UPI,2025-06-22,2026-07-29,Basic Plan
CUST01166,Monthly,4983.65,UPI,2025-11-08,2026-05-29,Basic Plan
CUST01167,Quarterly,4869.06,Credit Card,2023-09-07,2026-07-13,Standard Plan
CUST01168,Annual,609.67,Net Banking,2021-04-10,,Standard Plan
CUST01169,Monthly,2417.67,Auto Pay,2022-02-28,,Basic Plan
CUST01170,Monthly,2436.44,UPI,2024-12-05,2026-01-16,Standard Plan
CUST01171,Quarterly,1126.54,Debit Card,2024-05-21,,Basic Plan
CUST01172,Quarterly,896.57,Auto Pay,2021-03-25,2026-02-09,Basic Plan
CUST01173,Annual,1883.46,UPI,2022-06-23,,Standard Plan
CUST01174,Monthly,2680.86,Debit Card,2024-02-15,,Basic Plan
CUST01175,Quarterly,3481.96,Net Banking,2023-08-04,,Standard Plan
CUST01176,Monthly,3293.06,Debit Card,2023-11-14,,Standard Plan
CUST01177,Monthly,1647.14,UPI,2023-12-02,2026-08-21,Basic Plan
CUST01178,Monthly,1633.38,Auto Pay,2022-01-25,,Basic Plan
CUST01179,Annual,4181.74,UPI,2023-06-20,,Standard Plan
CUST01180,Quarterly,3703.24,Credit Card,2022-09-17,,Standard Plan
CUST01181,Monthly,3222.15,Debit Card,2021-05-27,2026-08-19,Premium Plan
CUST01182,Quarterly,3922.93,Debit Card,2024-03-24,,Standard Plan
CUST01183,Monthly,1870.47,UPI,2024-03-12,,Standard Plan
CUST01184,Quarterly,1140.44,Credit Card,2023-03-28,,Standard Plan
CUST01185,Monthly,4634.8,Credit Card,2023-07-09,2026-08-14,Basic Plan
CUST01186,Quarterly,1703.78,Debit Card,2022-07-07,,Premium Plan
CUST01187,Monthly,1353.64,Net Banking,2022-11-21,,Standard Plan
CUST01188,Monthly,1109.67,Debit Card,2021-10-07,2026-06-08,Standard Plan
CUST01189,Annual,863.89,Auto Pay,2024-12-28,,Standard Plan
CUST01190,Quarterly,3205.41,Credit Card,2022-12-18,,Basic Plan
CUST01191,Monthly,2455.91,Credit Card,2025-01-04,,Premium Plan
CUST01192,Monthly,694.41,UPI,2021-04-30,,Basic Plan
CUST01193,Quarterly,837.05,Net Banking,2021-06-01,,Basic Plan
CUST01194,Quarterly,3969.24,Credit Card,2023-06-27,2026-08-25,Basic Plan
CUST01195,Monthly,1372.95,UPI,2022-06-30,2026-05-29,Standard Plan
CUST01196,Quarterly,4651.01,Credit Card,2021-07-18,,Standard Plan
CUST01197,Monthly,3369.12,Auto Pay,2025-01-24,,Standard Plan
CUST01198,Quarterly,2502.07,Net Banking,2021-10-08,,Basic Plan
CUST01199,Monthly,3515.25,Credit Card,2023-06-27,2026-03-27,Basic Plan
CUST01200,Annual,3563.64,Credit Card,2025-10-15,,Standard Plan
CUST01201,Annual,3461.73,Credit Card,2022-06-20,,Standard Plan
CUST01202,Quarterly,3425.39,Auto Pay,2025-01-31,,Basic Plan
CUST01203,Quarterly,2192.33,Net Banking,2023-06-06,2026-06-25,Basic Plan
CUST01204,Monthly,4523.55,Debit Card,2024-09-16,2026-02-07,Premium Plan
CUST01205,Quarterly,4975.26,Debit Card,2021-10-01,,Basic Plan
CUST01206,Monthly,4754.25,Auto Pay,2024-08-15,,Basic Plan
CUST01207,Annual,3333.22,Debit Card,2025-09-23,2026-02-16,Standard Plan
CUST01208,Annual,1506.97,UPI,2023-07-10,,Basic Plan
CUST01209,Annual,4202.78,Auto Pay,2022-10-14,,Standard Plan
CUST01210,Monthly,470.45,Debit Card,2023-11-30,2026-07-04,Premium Plan
CUST01211,Monthly,3787.01,Credit Card,2021-04-07,2026-06-19,Basic Plan
CUST01212,Annual,1983.06,Auto Pay,2022-09-19,,Standard Plan
CUST01213,Quarterly,2752.76,Credit Card,2025-01-08,2026-08-08,Standard Plan
CUST01214,Monthly,4939.28,Net Banking,2021-03-29,2026-07-27,Premium Plan
CUST01215,Monthly,3475.6,Auto Pay,2021-06-15,2026-08-14,Basic Plan
CUST01216,Monthly,1035.48,Debit Card,2025-04-18,,Premium Plan
CUST01217,Monthly,1334.4,Credit Card,2024-03-09,2026-05-02,Standard Plan
CUST01218,Monthly,2052.29,Debit Card,2023-10-29,,Standard Plan
CUST01219,Monthly,1257.37,Auto Pay,2025-09-25,,Basic Plan
CUST01220,Monthly,2444.14,Auto Pay,2022-07-11,2026-08-14,Standard Plan
CUST01221,Monthly,1740.3,UPI,2022-08-13,2026-07-10,Basic Plan
CUST01222,Annual,363.44,UPI,2025-04-30,,Basic Plan
CUST01223,Quarterly,2459.26,UPI,2023-01-13,,Standard Plan
CUST01224,Annual,4650.08,Credit Card,2023-12-16,,Standard Plan
CUST01225,Monthly,3282.38,Credit Card,2021-11-10,2026-03-21,Basic Plan
CUST01226,Annual,974.57,Auto Pay,2022-12-20,,Standard Plan
CUST01227,Monthly,3741.09,UPI,2024-12-27,,Premium Plan
CUST01228,Monthly,1577.51,Debit Card,2021-12-15,,Standard Plan
CUST01229,Quarterly,613.72,Net Banking,2024-07-10,,Premium Plan
CUST01230,Annual,4729.05,UPI,2025-03-13,,Standard Plan
CUST01231,Monthly,4321.91,Net Banking,2024-02-29,2026-05-03,Premium Plan
CUST01232,Quarterly,1686.71,Net Banking,2024-03-17,2026-01-23,Standard Plan
CUST01233,Annual,3917.08,UPI,2023-12-11,2026-02-18,Basic Plan
CUST01234,Quarterly,4121.64,Credit Card,2024-02-19,2026-03-27,Standard Plan
CUST01235,Monthly,2217.67,Auto Pay,2024-02-18,2026-06-07,Standard Plan
CUST01236,Monthly,2889.76,Net Banking,2024-08-26,2026-04-19,Basic Plan
CUST01237,Monthly,4812.33,Credit Card,2024-12-21,2026-07-25,Basic Plan
CUST01238,Annual,4571.06,Auto Pay,2023-01-12,,Basic Plan
CUST01239,Monthly,3487.16,Debit Card,2024-01-28,,Standard Plan
CUST01240,Annual,4026.19,Auto Pay,2022-07-11,,Premium Plan
CUST01241,Monthly,4016.11,Debit Card,2024-03-13,2026-04-25,Standard Plan
CUST01242,Monthly,1791.5,Auto Pay,2025-07-29,,Basic Plan
CUST01243,Annual,825.84,UPI,2025-09-30,,Standard Plan
CUST01244,Annual,3240.56,UPI,2023-09-05,,Basic Plan
CUST01245,Monthly,2906.15,Auto Pay,2021-10-13,,Basic Plan
CUST01246,Monthly,2294.48,Debit Card,2025-11-16,2026-06-14,Basic Plan
CUST01247,Monthly,408.05,Auto Pay,2022-09-07,,Standard Plan
CUST01248,Quarterly,1709.54,UPI,2024-07-13,,Basic Plan
CUST01249,Annual,1169.37,Net Banking,2021-11-19,,Standard Plan
CUST01250,Monthly,2276.33,Net Banking,2025-01-11,2026-02-20,Basic Plan
CUST01251,Annual,4857.29,Debit Card,2022-10-24,,Basic Plan
CUST01252,Quarterly,1409.45,Net Banking,2025-09-19,,Basic Plan
CUST01253,Monthly,513.18,Net Banking,2022-03-03,2026-04-18,Standard Plan
CUST01254,Monthly,477.92,Credit Card,2025-08-02,2026-08-20,Standard Plan
CUST01255,Annual,1819.69,Auto Pay,2025-12-12,,Basic Plan
CUST01256,Annual,352.27,Debit Card,2025-06-22,,Basic Plan
CUST01257,Annual,1732.67,Auto Pay,2025-09-24,,Basic Plan
CUST01258,Annual,2991.19,Credit Card,2023-06-25,,Basic Plan
CUST01259,Annual,2847.0,Debit Card,2024-05-10,,Basic Plan
CUST01260,Quarterly,2265.55,Net Banking,2023-06-18,2026-02-19,Basic Plan
CUST01261,Monthly,1841.77,UPI,2022-09-11,2026-07-10,Basic Plan
CUST01262,Monthly,4855.32,Auto Pay,2025-12-12,2026-07-15,Standard Plan
CUST01263,Monthly,494.36,UPI,2022-06-30,2026-01-14,Standard Plan
CUST01264,Monthly,2441.45,Credit Card,2022-08-07,2026-01-09,Standard Plan
CUST01265,Quarterly,3817.77,Auto Pay,2024-09-05,,Basic Plan
CUST01266,Monthly,2241.78,Auto Pay,2023-12-11,,Standard Plan
CUST01267,Monthly,2404.8,UPI,2022-04-23,2026-06-01,Premium Plan
CUST01268,Annual,1663.76,Credit Card,2024-11-01,,Premium Plan
CUST01269,Monthly,1592.54,Net Banking,2022-03-26,,Premium Plan
CUST01270,Annual,1604.32,UPI,2021-05-23,,Basic Plan
CUST01271,Annual,3925.21,UPI,2023-01-17,,Basic Plan
CUST01272,Monthly,3988.62,Auto Pay,2024-01-25,2026-04-02,Basic Plan
CUST01273,Quarterly,2878.24,UPI,2021-10-20,,Standard Plan
CUST01274,Monthly,3119.51,Net Banking,2021-07-23,,Premium Plan
CUST01275,Quarterly,1596.83,Auto Pay,2024-10-23,2026-02-20,Standard Plan
CUST01276,Monthly,2935.6,Net Banking,2023-11-08,2026-04-18,Basic Plan
CUST01277,Monthly,655.08,Net Banking,2025-06-01,2026-06-27,Basic Plan
CUST01278,Quarterly,2565.58,Net Banking,2023-10-09,2026-08-12,Basic Plan
CUST01279,Monthly,3483.89,Net Banking,2022-10-28,,Basic Plan
CUST01280,Annual,2491.2,Net Banking,2024-01-22,2026-04-17,Standard Plan
CUST01281,Monthly,4626.13,UPI,2022-11-15,,Premium Plan
CUST01282,Annual,4343.89,UPI,2021-02-17,,Basic Plan
CUST01283,Annual,3946.74,Credit Card,2021-04-20,,Premium Plan
CUST01284,Monthly,1636.22,Credit Card,2021-08-03,,Basic Plan
CUST01285,Monthly,3578.51,Credit Card,2022-08-04,,Standard Plan
CUST01286,Quarterly,3488.97,Credit Card,2023-05-20,2026-07-30,Standard Plan
CUST01287,Annual,2864.87,Net Banking,2024-07-24,,Premium Plan
CUST01288,Quarterly,4011.26,Auto Pay,2025-07-24,,Standard Plan
CUST01289,Annual,1378.91,Debit Card,2024-07-19,,Premium Plan
CUST01290,Quarterly,1516.93,Debit Card,2023-05-18,2026-07-14,Basic Plan
CUST01291,Annual,4790.76,Debit Card,2023-10-25,,Basic Plan
CUST01292,Annual,1230.21,Auto Pay,2024-10-29,,Premium Plan
CUST01293,Annual,4824.17,UPI,2024-09-08,,Basic Plan
CUST01294,Monthly,1242.77,Debit Card,2024-09-26,,Standard Plan
CUST01295,Annual,2281.38,UPI,2024-12-19,,Basic Plan
CUST01296,Annual,788.38,Auto Pay,2023-07-22,,Basic Plan
CUST01297,Quarterly,2098.62,Debit Card,2024-07-31,,Standard Plan
CUST01298,Monthly,681.76,Auto Pay,2021-04-19,2026-03-13,Standard Plan
CUST01299,Annual,4636.38,Auto Pay,2024-07-02,,Premium Plan
CUST01300,Monthly,1690.85,Auto Pay,2022-07-13,,Standard Plan
CUST01301,Quarterly,885.49,Debit Card,2023-06-08,2026-01-09,Standard Plan
CUST01302,Quarterly,2510.23,UPI,2024-10-19,,Basic Plan
CUST01303,Monthly,4073.1,UPI,2023-05-16,,Standard Plan
CUST01304,Annual,3563.05,Net Banking,2023-08-22,,Basic Plan
CUST01305,Quarterly,496.32,UPI,2022-04-07,,Basic Plan
CUST01306,Monthly,1844.27,Credit Card,2022-09-29,,Premium Plan
CUST01307,Annual,1170.19,Debit Card,2023-02-18,,Basic Plan
CUST01308,Annual,309.24,Credit Card,2022-06-09,,Basic Plan
CUST01309,Monthly,2571.6,UPI,2025-08-12,2026-07-24,Basic Plan
CUST01310,Monthly,2515.64,Net Banking,2022-07-29,2026-04-20,Basic Plan
CUST01311,Monthly,2668.36,UPI,2021-05-09,,Standard Plan
CUST01312,Annual,2754.33,UPI,2022-09-23,,Basic Plan
CUST01313,Annual,708.55,Credit Card,2024-10-12,2026-07-17,Standard Plan
CUST01314,Monthly,4686.28,Debit Card,2025-04-21,,Standard Plan
CUST01315,Monthly,521.45,Debit Card,2025-02-05,,Standard Plan
CUST01316,Annual,2245.56,Net Banking,2024-09-07,,Standard Plan
CUST01317,Monthly,4746.11,UPI,2023-08-05,,Standard Plan
CUST01318,Monthly,1167.64,Net Banking,2023-12-19,2026-01-05,Standard Plan
CUST01319,Quarterly,1232.54,Auto Pay,2022-01-06,,Premium Plan
CUST01320,Monthly,4587.62,Auto Pay,2022-08-23,,Basic Plan
CUST01321,Monthly,4218.11,Debit Card,2025-10-17,,Basic Plan
CUST01322,Quarterly,4819.78,Debit Card,2024-08-02,,Basic Plan
CUST01323,Annual,1418.49,Net Banking,2021-04-02,,Premium Plan
CUST01324,Quarterly,4637.21,UPI,2021-10-27,,Basic Plan
CUST01325,Quarterly,3586.64,Credit Card,2021-01-17,,Basic Plan
CUST01326,Monthly,2065.82,Net Banking,2025-09-30,,Basic Plan
CUST01327,Quarterly,4935.82,Net Banking,2021-01-07,2026-03-01,Standard Plan
CUST01328,Monthly,3985.76,Net Banking,2025-03-12,,Premium Plan
CUST01329,Monthly,4380.25,Credit Card,2025-11-28,,Basic Plan
CUST01330,Monthly,3988.25,Credit Card,2024-08-17,2026-07-31,Basic Plan
CUST01331,Monthly,830.28,UPI,2024-04-12,2026-02-08,Standard Plan
CUST01332,Monthly,1924.03,Credit Card,2022-08-13,2026-07-28,Basic Plan
CUST01333,Monthly,887.1,Auto Pay,2021-10-13,,Premium Plan
CUST01334,Annual,3344.17,Credit Card,2023-12-22,,Standard Plan
CUST01335,Quarterly,4249.74,Debit Card,2024-08-22,2026-04-29,Premium Plan
CUST01336,Monthly,3385.92,Credit Card,2022-09-14,,Basic Plan
CUST01337,Annual,1082.27,Net Banking,2023-08-29,,Standard Plan
CUST01338,Monthly,3709.32,UPI,2024-10-10,,Basic Plan
CUST01339,Quarterly,4691.35,Net Banking,2025-05-20,,Basic Plan
CUST01340,Monthly,2462.16,Auto Pay,2024-09-30,,Premium Plan
CUST01341,Quarterly,3120.22,Net Banking,2024-03-31,,Premium Plan
CUST01342,Monthly,3113.81,Debit Card,2025-02-28,2026-05-09,Standard Plan
CUST01343,Monthly,750.71,Net Banking,2021-02-02,,Basic Plan
CUST01344,Annual,3128.59,Auto Pay,2022-06-13,,Basic Plan
CUST01345,Monthly,3019.73,Credit Card,2022-02-12,,Premium Plan
CUST01346,Monthly,568.68,Debit Card,2021-04-04,,Premium Plan
CUST01347,Annual,3254.69,Credit Card,2022-03-12,,Standard Plan
CUST01348,Monthly,3920.99,UPI,2024-07-01,2026-07-17,Premium Plan
CUST01349,Monthly,3910.82,UPI,2022-04-11,,Standard Plan
CUST01350,Monthly,679.22,Net Banking,2021-11-17,2026-08-30,Basic Plan
CUST01351,Monthly,640.81,Net Banking,2022-08-15,,Standard Plan
CUST01352,Monthly,1225.17,Credit Card,2025-11-16,,Basic Plan
CUST01353,Annual,3855.41,Credit Card,2023-09-26,,Standard Plan
CUST01354,Quarterly,3963.64,Auto Pay,2024-07-30,,Standard Plan
CUST01355,Quarterly,3512.84,Auto Pay,2022-05-18,,Basic Plan
CUST01356,Quarterly,1526.6,Net Banking,2024-09-11,,Basic Plan
CUST01357,Monthly,2289.38,Credit Card,2025-11-22,,Basic Plan
CUST01358,Annual,3628.77,Auto Pay,2023-05-17,,Basic Plan
CUST01359,Annual,3509.27,Debit Card,2023-04-12,2026-05-18,Standard Plan
CUST01360,Annual,413.79,Auto Pay,2024-03-10,2026-03-22,Basic Plan
CUST01361,Annual,2817.72,Auto Pay,2024-01-15,,Standard Plan
CUST01362,Monthly,498.99,Debit Card,2023-06-15,,Premium Plan
CUST01363,Annual,3429.16,Debit Card,2023-11-01,,Premium Plan
CUST01364,Annual,3572.04,Net Banking,2021-04-23,,Basic Plan
CUST01365,Monthly,522.57,UPI,2025-11-10,,Basic Plan
CUST01366,Monthly,3490.97,Auto Pay,2021-06-30,,Premium Plan
CUST01367,Quarterly,1852.47,Net Banking,2022-07-28,2026-06-20,Standard Plan
CUST01368,Quarterly,2493.92,Debit Card,2021-11-30,,Premium Plan
CUST01369,Monthly,525.75,Credit Card,2025-01-06,2026-01-13,Basic Plan
CUST01370,Monthly,1311.27,Auto Pay,2021-02-14,,Basic Plan
CUST01371,Quarterly,3854.06,UPI,2021-04-07,,Basic Plan
CUST01372,Quarterly,3723.42,Net Banking,2021-01-04,,Basic Plan
CUST01373,Monthly,2477.71,UPI,2022-04-17,2026-01-29,Standard Plan
CUST01374,Annual,2725.89,Auto Pay,2024-09-24,,Basic Plan
CUST01375,Annual,555.68,UPI,2023-07-13,,Basic Plan
CUST01376,Monthly,4565.96,UPI,2022-07-17,2026-05-27,Premium Plan
CUST01377,Monthly,2477.48,Debit Card,2022-12-06,2026-02-07,Standard Plan
CUST01378,Monthly,4400.91,UPI,2021-07-05,,Basic Plan
CUST01379,Annual,4136.8,Net Banking,2025-05-30,,Basic Plan
CUST01380,Monthly,4952.36,UPI,2022-03-28,,Basic Plan
CUST01381,Monthly,1006.76,Auto Pay,2024-03-10,,Basic Plan
CUST01382,Monthly,2614.83,Auto Pay,2025-02-22,2026-06-11,Standard Plan
CUST01383,Monthly,662.88,UPI,2023-08-10,2026-01-04,Premium Plan
CUST01384,Monthly,989.94,UPI,2024-06-03,2026-03-13,Standard Plan
CUST01385,Monthly,3484.0,Debit Card,2022-01-13,,Basic Plan
CUST01386,Monthly,1717.26,Debit Card,2024-03-14,2026-03-28,Premium Plan
CUST01387,Monthly,2871.12,Debit Card,2021-03-01,,Basic Plan
CUST01388,Annual,3220.49,Net Banking,2021-09-10,2026-01-30,Basic Plan
CUST01389,Annual,2940.03,UPI,2022-11-10,,Standard Plan
CUST01390,Monthly,4091.61,UPI,2024-04-04,2026-03-28,Basic Plan
CUST01391,Monthly,2567.09,Debit Card,2025-09-27,,Standard Plan
CUST01392,Monthly,3878.05,Debit Card,2022-08-30,2026-08-12,Basic Plan
CUST01393,Monthly,1484.65,Net Banking,2023-12-31,,Basic Plan
CUST01394,Monthly,4337.74,Credit Card,2021-12-13,,Basic Plan
CUST01395,Annual,4955.11,Net Banking,2023-08-29,,Basic Plan
CUST01396,Quarterly,2561.26,UPI,2021-05-28,,Basic Plan
CUST01397,Monthly,3192.1,Net Banking,2022-11-03,,Basic Plan
CUST01398,Monthly,2071.84,Net Banking,2023-11-25,,Premium Plan
CUST01399,Monthly,577.61,Credit Card,2025-06-10,,Basic Plan
CUST01400,Monthly,825.27,UPI,2023-10-31,,Basic Plan
CUST01401,Quarterly,3853.96,Credit Card,2025-10-27,,Basic Plan
CUST01402,Annual,3552.94,Credit Card,2022-11-22,2026-05-02,Standard Plan
CUST01403,Monthly,3813.21,Credit Card,2022-03-04,,Standard Plan
CUST01404,Monthly,2658.99,UPI,2024-05-16,2026-07-12,Standard Plan
CUST01405,Annual,4318.59,Debit Card,2023-07-30,,Standard Plan
CUST01406,Monthly,3778.81,UPI,2022-02-04,2026-06-27,Basic Plan
CUST01407,Quarterly,4430.64,UPI,2024-06-28,,Standard Plan
CUST01408,Monthly,3795.05,UPI,2025-09-12,,Basic Plan
CUST01409,Annual,3005.62,Net Banking,2024-11-15,,Standard Plan
CUST01410,Monthly,2593.15,Net Banking,2025-08-26,,Basic Plan
CUST01411,Annual,4744.0,Auto Pay,2023-07-22,,Premium Plan
CUST01412,Monthly,2016.35,UPI,2023-07-10,,Basic Plan
CUST01413,Quarterly,1060.57,Credit Card,2021-06-25,2026-02-28,Standard Plan
CUST01414,Quarterly,2377.82,Credit Card,2024-04-13,,Standard Plan
CUST01415,Monthly,2702.98,Credit Card,2024-08-03,2026-03-27,Basic Plan
CUST01416,Monthly,4056.66,UPI,2025-11-30,,Basic Plan
CUST01417,Monthly,4088.84,UPI,2025-10-13,2026-02-20,Basic Plan
CUST01418,Monthly,621.09,Auto Pay,2023-09-28,2026-03-01,Basic Plan
CUST01419,Monthly,2045.12,Auto Pay,2022-07-13,,Premium Plan
CUST01420,Quarterly,1549.95,Auto Pay,2024-03-26,2026-05-20,Basic Plan
CUST01421,Quarterly,4648.38,Auto Pay,2024-05-31,,Basic Plan
CUST01422,Monthly,4701.95,UPI,2021-09-11,2026-08-14,Premium Plan
CUST01423,Monthly,2612.05,Auto Pay,2025-07-24,2026-01-17,Basic Plan
CUST01424,Monthly,3893.63,Credit Card,2022-07-06,2026-02-03,Standard Plan
CUST01425,Monthly,2484.66,Debit Card,2021-05-22,,Basic Plan
CUST01426,Monthly,480.95,UPI,2025-10-07,2026-04-26,Basic Plan
CUST01427,Quarterly,2830.25,Debit Card,2021-08-25,,Basic Plan
CUST01428,Quarterly,2680.27,UPI,2022-06-30,,Basic Plan
CUST01429,Monthly,2301.14,Auto Pay,2021-08-22,,Basic Plan
CUST01430,Monthly,1920.25,Credit Card,2023-05-22,,Standard Plan
CUST01431,Monthly,1674.31,Auto Pay,2023-08-11,,Standard Plan
CUST01432,Annual,3301.52,Net Banking,2024-05-13,,Standard Plan
CUST01433,Monthly,3119.4,Net Banking,2024-06-06,2026-06-15,Standard Plan
CUST01434,Monthly,2874.87,Auto Pay,2022-07-30,,Basic Plan
CUST01435,Quarterly,404.3,Net Banking,2024-03-26,,Basic Plan
CUST01436,Monthly,1054.76,Net Banking,2021-03-10,,Premium Plan
CUST01437,Quarterly,3452.0,Credit Card,2024-12-03,,Premium Plan
CUST01438,Monthly,2655.51,Net Banking,2022-05-29,,Basic Plan
CUST01439,Monthly,4481.91,Debit Card,2021-07-29,2026-04-03,Standard Plan
CUST01440,Monthly,2438.77,Debit Card,2025-05-29,,Standard Plan
CUST01441,Monthly,4762.68,Net Banking,2025-08-15,2026-04-22,Premium Plan
CUST01442,Quarterly,2842.72,Auto Pay,2023-08-04,,Basic Plan
CUST01443,Monthly,2137.02,Auto Pay,2022-07-15,,Basic Plan
CUST01444,Quarterly,3707.68,Auto Pay,2022-08-28,,Basic Plan
CUST01445,Monthly,2996.63,Auto Pay,2021-05-27,2026-05-03,Standard Plan
CUST01446,Monthly,2589.47,Auto Pay,2025-06-04,2026-03-31,Basic Plan
CUST01447,Monthly,1705.9,Net Banking,2024-11-01,,Premium Plan
CUST01448,Annual,3446.05,UPI,2023-12-28,,Basic Plan
CUST01449,Monthly,2043.72,Credit Card,2024-05-12,,Basic Plan
CUST01450,Annual,2567.15,Auto Pay,2022-08-24,,Basic Plan
CUST01451,Quarterly,4961.23,Debit Card,2021-09-18,,Standard Plan
CUST01452,Monthly,1738.65,Net Banking,2021-09-10,2026-06-20,Basic Plan
CUST01453,Quarterly,3020.11,UPI,2021-01-04,,Basic Plan
CUST01454,Monthly,1646.36,UPI,2025-03-24,2026-01-25,Standard Plan
CUST01455,Monthly,2140.06,Auto Pay,2025-07-14,2026-02-14,Basic Plan
CUST01456,Annual,1247.78,Auto Pay,2025-12-30,,Standard Plan
CUST01457,Monthly,4137.1,Net Banking,2025-10-21,,Basic Plan
CUST01458,Quarterly,1805.2,Net Banking,2021-12-30,,Basic Plan
CUST01459,Monthly,2361.76,UPI,2023-05-27,2026-04-09,Basic Plan
CUST01460,Monthly,3726.65,Credit Card,2021-01-22,,Basic Plan
CUST01461,Quarterly,2408.27,Credit Card,2021-04-03,,Basic Plan
CUST01462,Monthly,2900.29,Net Banking,2021-03-10,2026-06-10,Basic Plan
CUST01463,Monthly,1169.7,Credit Card,2022-06-04,,Standard Plan
CUST01464,Quarterly,2760.44,Credit Card,2022-04-03,,Standard Plan
CUST01465,Quarterly,2950.06,Auto Pay,2021-10-23,,Basic Plan
CUST01466,Annual,1259.18,Debit Card,2025-05-11,,Standard Plan
CUST01467,Annual,1267.09,Credit Card,2021-05-16,,Basic Plan
CUST01468,Monthly,3805.6,Debit Card,2024-12-24,2026-05-04,Standard Plan
CUST01469,Quarterly,1480.19,UPI,2021-01-10,,Premium Plan
CUST01470,Quarterly,2976.78,Credit Card,2024-09-02,,Premium Plan
CUST01471,Annual,2141.79,Auto Pay,2025-10-13,,Basic Plan
CUST01472,Monthly,4605.3,Net Banking,2021-08-19,,Basic Plan
CUST01473,Monthly,762.96,Auto Pay,2023-07-16,2026-07-21,Standard Plan
CUST01474,Quarterly,1370.72,Net Banking,2023-02-08,,Basic Plan
CUST01475,Monthly,1934.24,Debit Card,2021-03-30,2026-02-23,Standard Plan
CUST01476,Annual,2870.63,Auto Pay,2022-07-09,,Basic Plan
CUST01477,Annual,1029.75,Credit Card,2021-01-22,,Standard Plan
CUST01478,Monthly,1295.95,Debit Card,2023-08-09,2026-07-18,Basic Plan
CUST01479,Monthly,4130.9,UPI,2023-01-15,2026-04-22,Standard Plan
CUST01480,Quarterly,3409.67,UPI,2023-09-16,,Premium Plan
CUST01481,Quarterly,920.7,Credit Card,2021-10-10,,Premium Plan
CUST01482,Monthly,1400.93,Debit Card,2025-11-13,,Premium Plan
CUST01483,Monthly,2986.11,Net Banking,2023-06-20,,Basic Plan
CUST01484,Annual,2416.14,Net Banking,2022-09-23,,Standard Plan
CUST01485,Annual,1311.23,Net Banking,2024-05-23,,Basic Plan
CUST01486,Monthly,4880.39,UPI,2024-06-08,2026-08-24,Premium Plan
CUST01487,Quarterly,2793.0,Debit Card,2024-10-14,,Premium Plan
CUST01488,Monthly,2658.36,Debit Card,2022-02-25,,Premium Plan
CUST01489,Quarterly,1845.9,Debit Card,2022-08-08,2026-06-20,Standard Plan
CUST01490,Quarterly,3302.53,Auto Pay,2024-09-06,,Basic Plan
CUST01491,Monthly,4377.87,Auto Pay,2022-10-01,,Basic Plan
CUST01492,Annual,4627.94,UPI,2025-09-02,,Premium Plan
CUST01493,Quarterly,1973.42,Credit Card,2021-09-09,,Standard Plan
CUST01494,Monthly,4061.74,Net Banking,2022-09-07,,Basic Plan
CUST01495,Monthly,4502.34,UPI,2024-09-10,2026-02-22,Standard Plan
CUST01496,Monthly,4022.65,Net Banking,2022-04-12,2026-05-16,Standard Plan
CUST01497,Monthly,4637.96,Auto Pay,2024-08-25,,Basic Plan
CUST01498,Quarterly,1168.31,Net Banking,2021-09-11,2026-02-09,Standard Plan
CUST01499,Monthly,1842.57,UPI,2024-06-17,2026-01-29,Standard Plan
CUST01500,Monthly,1137.73,Credit Card,2024-04-04,2026-06-10,Premium Plan
CUST01501,Monthly,337.04,UPI,2025-04-12,,Basic Plan
CUST01502,Quarterly,3723.04,UPI,2023-01-23,,Basic Plan
CUST01503,Monthly,1887.33,Credit Card,2025-07-15,,Basic Plan
CUST01504,Annual,4270.7,Auto Pay,2021-10-13,,Basic Plan
CUST01505,Annual,2535.25,UPI,2022-05-13,2026-06-18,Standard Plan
CUST01506,Annual,3436.67,Credit Card,2021-02-05,,Premium Plan
CUST01507,Annual,4915.84,Credit Card,2022-10-03,,Standard Plan
CUST01508,Monthly,775.84,UPI,2021-09-15,,Standard Plan
CUST01509,Annual,1426.41,Debit Card,2023-04-05,,Basic Plan
CUST01510,Monthly,1255.56,Debit Card,2022-07-28,,Basic Plan
CUST01511,Quarterly,491.07,Net Banking,2021-08-10,,Standard Plan
CUST01512,Quarterly,4145.86,Net Banking,2021-06-24,,Basic Plan
CUST01513,Monthly,2726.32,Debit Card,2025-01-20,,Basic Plan
CUST01514,Monthly,351.25,Net Banking,2024-03-25,2026-01-21,Standard Plan
CUST01515,Monthly,4193.56,Credit Card,2024-09-24,,Standard Plan
CUST01516,Monthly,2959.98,Credit Card,2025-06-09,,Basic Plan
CUST01517,Quarterly,930.4,Debit Card,2025-08-22,,Basic Plan
CUST01518,Monthly,1021.67,Debit Card,2022-08-24,,Standard Plan
CUST01519,Annual,1434.8,Debit Card,2023-05-08,,Basic Plan
CUST01520,Monthly,1249.58,Auto Pay,2025-10-26,2026-02-14,Standard Plan
CUST01521,Monthly,3521.57,Auto Pay,2023-07-12,,Basic Plan
CUST01522,Annual,2848.09,Debit Card,2023-12-23,,Premium Plan
CUST01523,Monthly,4447.22,Auto Pay,2021-01-02,,Standard Plan
CUST01524,Quarterly,4128.98,Debit Card,2021-07-08,,Standard Plan
CUST01525,Monthly,4953.07,Auto Pay,2023-03-22,2026-07-31,Basic Plan
CUST01526,Monthly,3032.05,UPI,2022-09-20,2026-04-25,Basic Plan
CUST01527,Monthly,3878.81,Credit Card,2023-03-11,,Standard Plan
CUST01528,Quarterly,4935.64,Credit Card,2025-10-06,2026-02-13,Basic Plan
CUST01529,Monthly,694.57,UPI,2021-03-08,,Standard Plan
CUST01530,Annual,3860.65,Net Banking,2025-07-05,,Basic Plan
CUST01531,Annual,4903.71,Credit Card,2022-04-18,,Standard Plan
CUST01532,Monthly,1877.89,UPI,2023-05-31,,Basic Plan
CUST01533,Annual,2577.96,Net Banking,2025-02-20,,Basic Plan
CUST01534,Annual,1503.16,Net Banking,2021-12-17,,Standard Plan
CUST01535,Monthly,1286.09,Auto Pay,2024-06-03,,Basic Plan
CUST01536,Annual,4934.51,Debit Card,2021-04-05,,Premium Plan
CUST01537,Annual,3514.11,Auto Pay,2021-04-12,,Premium Plan
CUST01538,Monthly,2503.35,Credit Card,2021-04-30,2026-07-18,Standard Plan
CUST01539,Monthly,3985.55,UPI,2022-03-28,2026-03-23,Basic Plan
CUST01540,Annual,3627.19,Net Banking,2022-02-07,,Basic Plan
CUST01541,Monthly,906.35,Net Banking,2025-11-26,,Standard Plan
CUST01542,Quarterly,3627.69,Net Banking,2022-04-07,,Standard Plan
CUST01543,Monthly,2382.33,UPI,2021-09-21,,Premium Plan
CUST01544,Annual,895.58,Net Banking,2025-09-27,,Standard Plan
CUST01545,Quarterly,3086.53,Credit Card,2023-06-01,,Standard Plan
CUST01546,Annual,2385.53,Auto Pay,2025-04-05,,Standard Plan
CUST01547,Monthly,3384.19,Credit Card,2025-11-08,2026-03-31,Standard Plan
CUST01548,Quarterly,2107.51,Net Banking,2025-03-08,,Basic Plan
CUST01549,Monthly,660.02,UPI,2021-01-24,,Premium Plan
CUST01550,Annual,2073.59,Debit Card,2024-04-09,,Basic Plan
CUST01551,Monthly,4998.58,Auto Pay,2023-05-24,,Standard Plan
CUST01552,Annual,4530.09,Credit Card,2024-01-07,,Basic Plan
CUST01553,Quarterly,3195.38,Debit Card,2024-11-08,2026-03-03,Basic Plan
CUST01554,Monthly,4426.25,UPI,2025-09-13,2026-02-06,Basic Plan
CUST01555,Annual,2217.36,UPI,2021-12-28,,Basic Plan
CUST01556,Annual,864.77,Auto Pay,2024-10-03,,Standard Plan
CUST01557,Annual,555.86,Net Banking,2023-11-29,,Premium Plan
CUST01558,Annual,3651.01,Auto Pay,2024-12-06,,Basic Plan
CUST01559,Monthly,494.65,Debit Card,2025-08-31,2026-02-23,Standard Plan
CUST01560,Monthly,744.27,UPI,2025-03-24,2026-08-08,Basic Plan
CUST01561,Annual,1677.05,Net Banking,2023-08-26,,Basic Plan
CUST01562,Monthly,4928.01,UPI,2024-08-29,,Standard Plan
CUST01563,Annual,675.47,Auto Pay,2024-06-20,,Standard Plan
CUST01564,Monthly,2489.17,Net Banking,2023-02-10,,Standard Plan
CUST01565,Monthly,2188.01,Auto Pay,2025-10-27,,Basic Plan
CUST01566,Annual,2807.08,Net Banking,2023-04-18,,Premium Plan
CUST01567,Monthly,3540.24,UPI,2022-01-16,,Standard Plan
CUST01568,Quarterly,4483.18,Net Banking,2024-03-27,,Premium Plan
CUST01569,Monthly,408.0,Auto Pay,2023-11-17,,Premium Plan
CUST01570,Monthly,2039.01,Auto Pay,2023-02-08,,Premium Plan
CUST01571,Monthly,3743.66,Net Banking,2025-12-01,,Standard Plan
CUST01572,Monthly,3535.05,Credit Card,2023-04-22,2026-01-14,Standard Plan
CUST01573,Quarterly,1042.35,Credit Card,2022-07-31,2026-05-29,Basic Plan
CUST01574,Monthly,3205.29,UPI,2023-06-19,,Standard Plan
CUST01575,Monthly,1206.59,UPI,2024-05-01,,Standard Plan
CUST01576,Quarterly,4270.98,Auto Pay,2022-05-31,,Standard Plan
CUST01577,Quarterly,2799.72,Auto Pay,2021-12-11,,Basic Plan
CUST01578,Monthly,4374.53,Debit Card,2023-01-08,2026-06-13,Standard Plan
CUST01579,Monthly,4248.77,Net Banking,2024-09-30,,Premium Plan
CUST01580,Annual,4769.19,Auto Pay,2023-04-08,,Premium Plan
CUST01581,Quarterly,2803.13,Net Banking,2021-04-18,2026-02-27,Basic Plan
CUST01582,Monthly,4201.58,UPI,2021-09-20,2026-06-08,Premium Plan
CUST01583,Annual,3177.27,Net Banking,2024-05-25,,Basic Plan
CUST01584,Annual,311.76,Net Banking,2021-07-13,,Standard Plan
CUST01585,Monthly,2278.2,Net Banking,2022-01-13,2026-05-16,Standard Plan
CUST01586,Annual,3895.91,Net Banking,2024-07-07,,Standard Plan
CUST01587,Monthly,948.54,Credit Card,2025-10-10,,Standard Plan
CUST01588,Monthly,4363.92,Net Banking,2024-01-30,2026-06-29,Basic Plan
CUST01589,Quarterly,3393.26,Credit Card,2025-10-26,2026-07-15,Premium Plan
CUST01590,Monthly,807.51,UPI,2021-11-13,2026-08-21,Basic Plan
CUST01591,Monthly,402.12,UPI,2021-11-21,,Basic Plan
CUST01592,Monthly,3230.58,Net Banking,2021-03-29,2026-06-04,Basic Plan
CUST01593,Monthly,2241.37,Credit Card,2023-02-11,,Basic Plan
CUST01594,Monthly,3983.02,Debit Card,2023-10-15,2026-04-20,Basic Plan
CUST01595,Monthly,2968.11,UPI,2023-04-18,2026-06-14,Basic Plan
CUST01596,Monthly,741.78,Net Banking,2021-01-23,,Standard Plan
CUST01597,Monthly,2080.34,Auto Pay,2024-10-13,,Basic Plan
CUST01598,Annual,920.8,UPI,2022-02-17,,Basic Plan
CUST01599,Annual,3796.39,Auto Pay,2024-01-24,,Premium Plan
CUST01600,Monthly,2748.59,Credit Card,2022-11-02,,Premium Plan
CUST01601,Monthly,810.4,UPI,2022-12-22,2026-04-07,Basic Plan
CUST01602,Annual,4945.08,UPI,2021-02-28,,Standard Plan
CUST01603,Monthly,3139.18,Auto Pay,2025-07-13,2026-07-02,Basic Plan
CUST01604,Quarterly,1251.38,Net Banking,2025-03-27,2026-05-28,Standard Plan
CUST01605,Monthly,1020.47,Credit Card,2022-06-22,2026-06-29,Basic Plan
CUST01606,Monthly,3918.0,Credit Card,2023-12-20,,Standard Plan
CUST01607,Monthly,3347.09,Debit Card,2024-02-27,,Premium Plan
CUST01608,Monthly,3681.7,Auto Pay,2023-04-06,2026-02-16,Basic Plan
CUST01609,Quarterly,4264.61,Auto Pay,2024-04-30,2026-08-28,Basic Plan
CUST01610,Annual,4531.22,Net Banking,2021-10-15,,Standard Plan
CUST01611,Monthly,376.36,Debit Card,2024-12-30,2026-05-26,Basic Plan
CUST01612,Quarterly,1433.77,UPI,2023-11-22,,Premium Plan
CUST01613,Monthly,4456.49,Auto Pay,2022-12-21,2026-04-16,Basic Plan
CUST01614,Monthly,4608.82,Credit Card,2024-10-02,,Basic Plan
CUST01615,Monthly,1309.3,UPI,2023-11-23,,Standard Plan
CUST01616,Monthly,1748.2,UPI,2023-03-22,,Basic Plan
CUST01617,Quarterly,1051.84,Net Banking,2021-10-11,2026-02-27,Standard Plan
CUST01618,Monthly,4449.34,Credit Card,2025-09-07,,Basic Plan
CUST01619,Monthly,1824.99,Auto Pay,2021-01-25,,Basic Plan
CUST01620,Annual,3690.99,Auto Pay,2025-11-09,,Basic Plan
CUST01621,Monthly,4673.78,Net Banking,2024-07-08,2026-08-21,Standard Plan
CUST01622,Monthly,2349.99,Credit Card,2025-01-30,2026-01-29,Premium Plan
CUST01623,Quarterly,803.02,Net Banking,2024-03-06,2026-06-01,Basic Plan
CUST01624,Monthly,3412.09,UPI,2025-09-13,,Standard Plan
CUST01625,Quarterly,3573.12,Net Banking,2025-12-31,2026-04-10,Basic Plan
CUST01626,Monthly,3782.9,Debit Card,2025-03-30,,Premium Plan
CUST01627,Monthly,1028.04,Net Banking,2024-03-13,,Standard Plan
CUST01628,Monthly,3397.73,Credit Card,2021-05-09,2026-07-21,Basic Plan
CUST01629,Monthly,3441.05,Auto Pay,2021-09-29,2026-03-10,Basic Plan
CUST01630,Monthly,3054.46,Debit Card,2025-07-26,,Standard Plan
CUST01631,Quarterly,4729.64,Net Banking,2022-11-26,2026-03-07,Basic Plan
CUST01632,Monthly,4652.75,Net Banking,2024-10-20,,Standard Plan
CUST01633,Annual,1198.59,Credit Card,2023-12-04,,Standard Plan
CUST01634,Quarterly,1928.93,Net Banking,2023-07-04,,Premium Plan
CUST01635,Annual,3179.68,Credit Card,2023-07-17,,Standard Plan
CUST01636,Quarterly,412.09,Credit Card,2022-06-18,,Standard Plan
CUST01637,Monthly,1956.35,UPI,2023-08-02,2026-01-31,Basic Plan
CUST01638,Monthly,2242.13,Credit Card,2021-02-16,,Basic Plan
CUST01639,Annual,2397.64,Auto Pay,2022-03-13,,Standard Plan
CUST01640,Monthly,2320.12,Net Banking,2022-12-27,,Basic Plan
CUST01641,Quarterly,4335.2,Net Banking,2025-02-14,,Basic Plan
CUST01642,Monthly,4523.86,UPI,2023-03-26,2026-05-24,Standard Plan
CUST01643,Monthly,1625.2,UPI,2024-02-28,,Standard Plan
CUST01644,Monthly,2140.71,Auto Pay,2022-10-25,,Basic Plan
CUST01645,Monthly,2586.95,Auto Pay,2022-05-19,,Standard Plan
CUST01646,Annual,401.47,Credit Card,2022-08-02,,Basic Plan
CUST01647,Monthly,1738.65,Auto Pay,2022-04-05,,Premium Plan
CUST01648,Monthly,318.27,Credit Card,2024-09-29,2026-01-14,Basic Plan
CUST01649,Monthly,2875.73,Net Banking,2025-05-27,,Standard Plan
CUST01650,Annual,3024.88,Net Banking,2025-03-22,,Basic Plan
CUST01651,Quarterly,2494.23,Auto Pay,2021-10-09,,Basic Plan
CUST01652,Monthly,4312.14,Auto Pay,2025-04-28,2026-06-25,Basic Plan
CUST01653,Monthly,1011.07,Net Banking,2025-06-12,2026-04-14,Premium Plan
CUST01654,Monthly,4844.64,Auto Pay,2024-10-04,2026-02-01,Standard Plan
CUST01655,Quarterly,786.78,Debit Card,2025-12-02,,Basic Plan
CUST01656,Annual,3083.01,Net Banking,2023-07-04,,Standard Plan
CUST01657,Monthly,2783.76,Net Banking,2025-04-01,,Standard Plan
CUST01658,Monthly,425.79,Net Banking,2021-02-08,2026-05-13,Standard Plan
CUST01659,Monthly,2226.94,Credit Card,2021-12-03,2026-08-09,Basic Plan
CUST01660,Quarterly,3206.14,Debit Card,2025-04-12,,Basic Plan
CUST01661,Quarterly,4438.93,UPI,2021-04-25,,Basic Plan
CUST01662,Quarterly,3227.14,Auto Pay,2024-12-26,2026-05-03,Premium Plan
CUST01663,Monthly,1999.71,Auto Pay,2024-03-11,2026-07-28,Basic Plan
CUST01664,Annual,1487.73,Debit Card,2024-11-04,,Basic Plan
CUST01665,Monthly,475.03,Debit Card,2023-06-12,,Standard Plan
CUST01666,Monthly,3614.82,Net Banking,2025-02-16,,Standard Plan
CUST01667,Annual,4268.74,UPI,2023-05-09,,Basic Plan
CUST01668,Annual,4748.53,Net Banking,2021-07-05,,Standard Plan
CUST01669,Monthly,3806.72,Net Banking,2023-04-02,,Basic Plan
CUST01670,Monthly,2902.41,UPI,2025-03-07,,Standard Plan
CUST01671,Monthly,669.99,Net Banking,2025-11-15,,Standard Plan
CUST01672,Monthly,3702.76,Credit Card,2022-06-30,,Basic Plan
CUST01673,Monthly,4386.74,Auto Pay,2025-09-05,2026-04-07,Basic Plan
CUST01674,Monthly,1702.42,Debit Card,2024-11-19,,Basic Plan
CUST01675,Monthly,4490.93,Credit Card,2025-11-13,,Basic Plan
CUST01676,Annual,1930.8,Net Banking,2021-02-08,2026-02-11,Standard Plan
CUST01677,Monthly,3861.35,UPI,2022-11-19,,Standard Plan
CUST01678,Monthly,3898.61,Credit Card,2023-09-09,,Basic Plan
CUST01679,Monthly,3616.44,Debit Card,2024-07-13,,Premium Plan
CUST01680,Annual,4575.81,Debit Card,2023-02-18,,Premium Plan
CUST01681,Quarterly,4919.23,Credit Card,2021-09-12,,Basic Plan
CUST01682,Monthly,1649.09,Auto Pay,2023-03-17,,Basic Plan
CUST01683,Monthly,3512.98,Net Banking,2023-07-08,2026-04-02,Basic Plan
CUST01684,Monthly,2555.67,Credit Card,2021-04-16,2026-01-09,Standard Plan
CUST01685,Monthly,3777.04,UPI,2022-07-25,,Basic Plan
CUST01686,Monthly,4854.07,Credit Card,2023-08-29,2026-07-09,Basic Plan
CUST01687,Monthly,2968.17,Credit Card,2021-09-21,,Basic Plan
CUST01688,Annual,1064.22,UPI,2023-07-19,,Basic Plan
CUST01689,Quarterly,3551.38,UPI,2021-01-20,,Standard Plan
CUST01690,Monthly,3473.88,Credit Card,2023-12-15,,Standard Plan
CUST01691,Quarterly,2696.25,Auto Pay,2023-08-07,2026-05-10,Premium Plan
CUST01692,Monthly,2691.04,Auto Pay,2025-03-09,,Basic Plan
CUST01693,Annual,2734.88,Auto Pay,2025-05-21,,Standard Plan
CUST01694,Monthly,1747.7,Net Banking,2023-04-04,,Premium Plan
CUST01695,Annual,950.01,Net Banking,2021-08-22,,Basic Plan
CUST01696,Annual,1400.22,Credit Card,2021-11-07,,Basic Plan
CUST01697,Monthly,1933.54,Credit Card,2021-10-20,,Standard Plan
CUST01698,Monthly,1480.03,Net Banking,2022-01-05,,Standard Plan
CUST01699,Quarterly,1118.82,Debit Card,2024-02-23,,Basic Plan
CUST01700,Monthly,4422.38,Debit Card,2023-02-01,2026-06-10,Standard Plan
CUST01701,Annual,4067.02,Auto Pay,2023-07-31,,Basic Plan
CUST01702,Monthly,4244.92,UPI,2025-11-24,,Premium Plan
CUST01703,Quarterly,350.83,Debit Card,2024-11-09,2026-05-26,Basic Plan
CUST01704,Quarterly,4857.57,UPI,2024-08-27,2026-08-05,Basic Plan
CUST01705,Monthly,3714.36,Debit Card,2022-03-07,,Basic Plan
CUST01706,Quarterly,4942.28,UPI,2024-07-12,,Standard Plan
CUST01707,Quarterly,2218.6,Credit Card,2025-05-15,,Basic Plan
CUST01708,Monthly,3128.48,Net Banking,2024-10-28,2026-03-30,Basic Plan
CUST01709,Quarterly,1063.36,Net Banking,2022-04-11,,Standard Plan
CUST01710,Quarterly,2912.65,UPI,2023-12-22,,Premium Plan
CUST01711,Quarterly,1274.43,Credit Card,2022-10-29,,Standard Plan
CUST01712,Monthly,2642.27,Net Banking,2022-11-17,2026-07-29,Basic Plan
CUST01713,Monthly,2766.79,Net Banking,2025-08-17,2026-06-07,Basic Plan
CUST01714,Annual,2432.81,Auto Pay,2021-06-23,2026-03-13,Standard Plan
CUST01715,Annual,4013.63,Debit Card,2022-03-01,,Basic Plan
CUST01716,Quarterly,2219.89,Credit Card,2024-08-31,,Standard Plan
CUST01717,Annual,4724.81,UPI,2025-07-08,,Basic Plan
CUST01718,Annual,4179.67,Credit Card,2024-08-10,,Basic Plan
CUST01719,Quarterly,4317.57,Credit Card,2025-10-21,,Basic Plan
CUST01720,Monthly,3880.17,Auto Pay,2025-08-10,,Standard Plan
CUST01721,Annual,3932.57,Auto Pay,2023-03-16,,Basic Plan
CUST01722,Monthly,432.35,Credit Card,2021-10-28,2026-07-21,Basic Plan
CUST01723,Quarterly,906.57,Credit Card,2021-10-09,,Premium Plan
CUST01724,Monthly,4358.55,Credit Card,2023-05-10,2026-04-22,Basic Plan
CUST01725,Annual,4492.64,Debit Card,2025-05-25,2026-06-10,Standard Plan
CUST01726,Monthly,3081.56,Auto Pay,2024-09-27,2026-02-11,Standard Plan
CUST01727,Annual,4394.92,UPI,2022-06-13,,Basic Plan
CUST01728,Annual,4422.85,Credit Card,2022-04-22,,Basic Plan
CUST01729,Annual,1072.8,Credit Card,2021-01-01,,Standard Plan
CUST01730,Monthly,767.35,UPI,2022-12-20,,Premium Plan
CUST01731,Annual,4613.23,UPI,2021-04-16,,Standard Plan
CUST01732,Annual,2517.33,Debit Card,2022-10-28,2026-08-18,Basic Plan
CUST01733,Annual,3888.33,Auto Pay,2022-08-04,,Basic Plan
CUST01734,Annual,3936.85,Credit Card,2023-04-06,2026-05-13,Basic Plan
CUST01735,Monthly,1991.65,UPI,2023-04-10,,Premium Plan
CUST01736,Monthly,4301.55,Net Banking,2021-12-17,2026-01-25,Basic Plan
CUST01737,Monthly,590.67,Debit Card,2021-12-09,,Basic Plan
CUST01738,Annual,2635.48,Auto Pay,2022-05-16,2026-05-22,Standard Plan
CUST01739,Monthly,4906.69,Auto Pay,2024-02-27,,Premium Plan
CUST01740,Monthly,2431.23,UPI,2021-01-24,2026-05-30,Basic Plan
CUST01741,Monthly,2056.75,Credit Card,2024-04-05,,Basic Plan
CUST01742,Monthly,1610.86,Net Banking,2025-01-19,2026-05-06,Basic Plan
CUST01743,Annual,3332.18,Net Banking,2022-11-09,,Standard Plan
CUST01744,Monthly,480.43,Net Banking,2024-10-10,,Standard Plan
CUST01745,Quarterly,1123.29,Debit Card,2024-12-15,2026-05-13,Basic Plan
CUST01746,Annual,2072.47,UPI,2022-04-17,,Basic Plan
CUST01747,Monthly,3914.64,UPI,2024-10-23,,Basic Plan
CUST01748,Annual,2187.58,UPI,2025-07-06,,Standard Plan
CUST01749,Quarterly,1612.26,Debit Card,2021-10-14,,Basic Plan
CUST01750,Annual,1867.35,Net Banking,2022-04-24,,Basic Plan
CUST01751,Monthly,2667.74,Credit Card,2024-12-27,2026-07-04,Standard Plan
CUST01752,Monthly,4275.63,Auto Pay,2025-07-25,,Basic Plan
CUST01753,Monthly,1954.37,Auto Pay,2022-09-24,,Basic Plan
CUST01754,Quarterly,4924.22,Net Banking,2021-11-17,,Basic Plan
CUST01755,Monthly,4290.11,Auto Pay,2021-12-07,,Basic Plan
CUST01756,Quarterly,4541.63,Debit Card,2025-04-03,,Premium Plan
CUST01757,Monthly,1689.48,Debit Card,2023-11-18,,Premium Plan
CUST01758,Annual,2867.47,Net Banking,2025-04-28,,Standard Plan
CUST01759,Annual,377.32,Credit Card,2023-01-21,2026-04-30,Standard Plan
CUST01760,Annual,332.05,Credit Card,2025-12-29,,Standard Plan
CUST01761,Annual,1155.94,Net Banking,2024-09-04,,Standard Plan
CUST01762,Quarterly,4127.24,Net Banking,2023-01-03,2026-03-29,Basic Plan
CUST01763,Monthly,357.52,Net Banking,2025-12-27,,Standard Plan
CUST01764,Quarterly,3062.94,Debit Card,2022-03-01,,Standard Plan
CUST01765,Monthly,3474.26,Net Banking,2025-09-27,2026-06-28,Basic Plan
CUST01766,Monthly,2908.83,UPI,2023-08-01,,Basic Plan
CUST01767,Quarterly,3671.95,Auto Pay,2025-02-07,,Standard Plan
CUST01768,Annual,1878.03,Net Banking,2023-05-11,,Basic Plan
CUST01769,Monthly,1458.19,Net Banking,2021-09-13,2026-08-05,Standard Plan
CUST01770,Quarterly,3276.6,Credit Card,2022-09-24,2026-07-08,Basic Plan
CUST01771,Annual,2919.75,Debit Card,2022-09-12,,Standard Plan
CUST01772,Annual,959.76,Debit Card,2025-09-13,,Basic Plan
CUST01773,Monthly,2525.59,Credit Card,2021-11-05,,Premium Plan
CUST01774,Monthly,1432.83,Auto Pay,2025-10-07,,Basic Plan
CUST01775,Quarterly,523.29,UPI,2025-06-01,,Basic Plan
CUST01776,Monthly,3123.93,Net Banking,2025-08-04,,Basic Plan
CUST01777,Quarterly,4872.5,Auto Pay,2025-11-23,,Standard Plan
CUST01778,Monthly,706.25,Credit Card,2022-07-16,,Basic Plan
CUST01779,Annual,711.42,Credit Card,2022-10-10,,Standard Plan
CUST01780,Quarterly,3957.4,Debit Card,2022-12-01,,Standard Plan
CUST01781,Monthly,4793.91,UPI,2025-10-10,,Standard Plan
CUST01782,Quarterly,2270.32,Auto Pay,2023-03-20,,Basic Plan
CUST01783,Monthly,2565.2,UPI,2024-12-15,2026-08-29,Premium Plan
CUST01784,Monthly,617.53,Debit Card,2024-09-22,2026-08-05,Basic Plan
CUST01785,Monthly,2158.49,UPI,2022-11-04,,Standard Plan
CUST01786,Monthly,2065.32,UPI,2022-01-10,2026-06-17,Basic Plan
CUST01787,Monthly,916.19,Debit Card,2025-05-31,2026-06-30,Basic Plan
CUST01788,Monthly,1354.79,Auto Pay,2022-02-07,,Basic Plan
CUST01789,Quarterly,1508.46,Credit Card,2025-10-27,2026-04-19,Basic Plan
CUST01790,Annual,3944.56,Credit Card,2022-07-07,,Basic Plan
CUST01791,Annual,643.97,UPI,2022-09-23,,Standard Plan
CUST01792,Annual,483.12,Net Banking,2025-07-22,,Standard Plan
CUST01793,Annual,3245.23,Net Banking,2025-05-09,,Basic Plan
CUST01794,Monthly,2180.69,Auto Pay,2022-11-14,,Basic Plan
CUST01795,Monthly,1736.13,Auto Pay,2021-12-17,,Premium Plan
CUST01796,Monthly,511.97,Debit Card,2021-10-21,,Standard Plan
CUST01797,Quarterly,3975.88,Credit Card,2024-04-07,,Basic Plan
CUST01798,Quarterly,2157.02,Credit Card,2021-08-25,,Basic Plan
CUST01799,Annual,3428.0,Net Banking,2022-03-14,,Basic Plan
CUST01800,Annual,4232.62,Auto Pay,2024-05-17,,Basic Plan
CUST01801,Annual,739.29,UPI,2024-06-03,,Basic Plan
CUST01802,Monthly,845.09,Net Banking,2022-12-15,2026-05-22,Premium Plan
CUST01803,Quarterly,3655.43,Debit Card,2025-08-03,,Basic Plan
CUST01804,Monthly,4221.62,UPI,2023-04-08,,Premium Plan
CUST01805,Monthly,1550.26,Auto Pay,2022-09-30,2026-05-19,Basic Plan
CUST01806,Quarterly,1122.34,Credit Card,2024-02-02,,Standard Plan
CUST01807,Monthly,1011.44,UPI,2025-05-14,,Standard Plan
CUST01808,Annual,801.05,Auto Pay,2021-10-18,,Standard Plan
CUST01809,Annual,2416.73,UPI,2021-04-13,,Premium Plan
CUST01810,Monthly,3385.39,Auto Pay,2024-06-09,2026-08-27,Standard Plan
CUST01811,Monthly,1664.29,Net Banking,2024-06-24,2026-02-20,Standard Plan
CUST01812,Annual,3839.62,UPI,2025-09-27,,Premium Plan
CUST01813,Annual,1719.17,Credit Card,2023-06-08,,Basic Plan
CUST01814,Monthly,3251.98,UPI,2023-01-19,,Basic Plan
CUST01815,Monthly,1362.48,Debit Card,2022-09-17,2026-02-08,Basic Plan
CUST01816,Monthly,2380.45,Debit Card,2024-09-23,2026-05-03,Standard Plan
CUST01817,Annual,807.69,Net Banking,2021-08-18,,Standard Plan
CUST01818,Annual,4002.97,Debit Card,2022-07-10,,Basic Plan
CUST01819,Monthly,529.72,Net Banking,2024-04-23,,Premium Plan
CUST01820,Quarterly,1096.55,UPI,2023-04-06,2026-03-06,Standard Plan
CUST01821,Monthly,2747.88,Net Banking,2025-12-05,2026-08-04,Basic Plan
CUST01822,Quarterly,1338.7,Credit Card,2022-01-11,,Basic Plan
CUST01823,Monthly,2358.72,Auto Pay,2025-01-05,,Basic Plan
CUST01824,Annual,1676.08,Debit Card,2025-12-23,,Standard Plan
CUST01825,Monthly,1265.74,Debit Card,2022-07-30,,Standard Plan
CUST01826,Quarterly,1588.71,UPI,2024-01-23,,Standard Plan
CUST01827,Quarterly,720.74,Net Banking,2024-08-11,,Basic Plan
CUST01828,Monthly,435.59,Credit Card,2022-09-04,,Basic Plan
CUST01829,Monthly,1803.88,Debit Card,2022-03-14,,Standard Plan
CUST01830,Monthly,588.47,UPI,2022-04-01,,Basic Plan
CUST01831,Quarterly,1699.25,Debit Card,2024-11-24,,Premium Plan
CUST01832,Annual,4328.48,Credit Card,2023-05-19,,Premium Plan
CUST01833,Monthly,510.35,Auto Pay,2022-05-20,,Standard Plan
CUST01834,Annual,2787.9,Auto Pay,2022-07-10,,Basic Plan
CUST01835,Annual,2445.75,Net Banking,2021-10-14,,Standard Plan
CUST01836,Annual,3066.6,Net Banking,2023-10-28,,Standard Plan
CUST01837,Monthly,1454.04,Auto Pay,2023-03-01,2026-07-04,Basic Plan
CUST01838,Monthly,3030.7,UPI,2022-07-01,2026-07-31,Basic Plan
CUST01839,Monthly,1411.38,Credit Card,2025-05-07,,Premium Plan
CUST01840,Monthly,1827.69,Net Banking,2021-05-18,2026-03-31,Basic Plan
CUST01841,Annual,3889.17,UPI,2021-06-10,,Standard Plan
CUST01842,Monthly,4618.26,UPI,2023-04-02,2026-07-21,Standard Plan
CUST01843,Quarterly,2101.46,Debit Card,2025-05-07,,Standard Plan
CUST01844,Monthly,3971.27,UPI,2021-04-07,,Basic Plan
CUST01845,Monthly,796.73,UPI,2023-05-17,2026-08-25,Basic Plan
CUST01846,Quarterly,382.48,UPI,2022-08-10,,Basic Plan
CUST01847,Monthly,849.44,Credit Card,2024-01-29,,Standard Plan
CUST01848,Monthly,4439.74,Credit Card,2022-06-18,,Standard Plan
CUST01849,Monthly,3889.45,Auto Pay,2024-03-30,2026-04-07,Standard Plan
CUST01850,Monthly,599.41,Auto Pay,2025-10-03,2026-08-05,Basic Plan
CUST01851,Annual,4192.19,Auto Pay,2023-12-30,,Standard Plan
CUST01852,Annual,1840.91,Debit Card,2024-11-14,2026-07-06,Standard Plan
CUST01853,Monthly,1450.51,Net Banking,2023-09-08,2026-07-18,Basic Plan
CUST01854,Monthly,792.95,Auto Pay,2021-09-04,2026-02-08,Standard Plan
CUST01855,Quarterly,815.96,UPI,2021-06-17,,Premium Plan
CUST01856,Quarterly,3229.64,Credit Card,2022-11-02,2026-06-04,Standard Plan
CUST01857,Annual,4675.47,Auto Pay,2021-05-10,,Basic Plan
CUST01858,Quarterly,4228.75,Credit Card,2023-08-10,,Premium Plan
CUST01859,Monthly,2758.84,Credit Card,2021-06-01,,Basic Plan
CUST01860,Monthly,3078.37,Credit Card,2024-12-12,2026-05-20,Basic Plan
CUST01861,Monthly,2661.4,Debit Card,2025-05-12,,Premium Plan
CUST01862,Annual,4129.94,UPI,2025-02-26,,Basic Plan
CUST01863,Monthly,1145.61,Auto Pay,2022-04-30,2026-07-03,Standard Plan
CUST01864,Quarterly,3424.94,Credit Card,2021-12-27,,Standard Plan
CUST01865,Annual,2645.97,Auto Pay,2023-04-10,,Standard Plan
CUST01866,Quarterly,769.27,Debit Card,2022-04-02,2026-02-06,Standard Plan
CUST01867,Monthly,822.61,UPI,2021-01-07,,Standard Plan
CUST01868,Monthly,4092.39,Credit Card,2023-03-10,2026-05-24,Premium Plan
CUST01869,Quarterly,3010.36,Credit Card,2021-03-04,,Basic Plan
CUST01870,Quarterly,721.75,Net Banking,2022-10-25,,Basic Plan
CUST01871,Monthly,3486.98,Auto Pay,2022-01-17,,Premium Plan
CUST01872,Annual,4614.26,Debit Card,2025-10-01,,Premium Plan
CUST01873,Quarterly,3708.39,Net Banking,2024-06-02,,Premium Plan
CUST01874,Quarterly,655.47,Auto Pay,2021-06-27,,Premium Plan
CUST01875,Monthly,309.44,Auto Pay,2021-10-01,2026-07-16,Standard Plan
CUST01876,Quarterly,3699.98,Auto Pay,2022-07-21,,Standard Plan
CUST01877,Monthly,3887.85,UPI,2025-02-08,2026-06-30,Basic Plan
CUST01878,Monthly,1278.01,UPI,2023-09-11,,Standard Plan
CUST01879,Quarterly,2873.89,Credit Card,2023-04-15,,Basic Plan
CUST01880,Monthly,2572.39,Debit Card,2025-11-20,,Standard Plan
CUST01881,Quarterly,4343.79,Debit Card,2022-04-14,,Basic Plan
CUST01882,Monthly,4533.3,Debit Card,2021-01-27,2026-06-10,Standard Plan
CUST01883,Quarterly,3172.52,UPI,2023-04-03,,Standard Plan
CUST01884,Monthly,1587.87,UPI,2024-02-13,2026-08-29,Premium Plan
CUST01885,Monthly,581.5,Net Banking,2022-10-22,,Basic Plan
CUST01886,Quarterly,4292.46,Auto Pay,2024-04-13,,Standard Plan
CUST01887,Annual,4871.02,Credit Card,2023-03-19,,Basic Plan
CUST01888,Monthly,3485.9,Auto Pay,2025-10-30,2026-06-06,Basic Plan
CUST01889,Monthly,1308.07,Credit Card,2021-01-08,,Standard Plan
CUST01890,Quarterly,4094.38,UPI,2024-01-07,,Standard Plan
CUST01891,Monthly,2786.08,Debit Card,2022-04-29,,Premium Plan
CUST01892,Quarterly,885.84,Net Banking,2024-08-19,,Standard Plan
CUST01893,Monthly,2403.14,Credit Card,2024-06-13,2026-02-12,Premium Plan
CUST01894,Annual,489.32,Credit Card,2022-04-24,,Premium Plan
CUST01895,Monthly,337.14,Net Banking,2023-04-17,,Basic Plan
CUST01896,Monthly,1861.11,Net Banking,2024-10-11,,Basic Plan
CUST01897,Monthly,2666.29,Auto Pay,2022-06-01,2026-07-04,Basic Plan
CUST01898,Monthly,1079.89,Net Banking,2023-05-05,2026-06-09,Basic Plan
CUST01899,Annual,665.31,Auto Pay,2021-06-03,,Basic Plan
CUST01900,Quarterly,2166.91,UPI,2025-10-09,,Standard Plan
CUST01901,Monthly,4725.43,Net Banking,2025-11-12,2026-03-17,Standard Plan
CUST01902,Quarterly,3928.05,Auto Pay,2023-01-10,2026-08-03,Premium Plan
CUST01903,Annual,564.13,UPI,2024-09-10,,Standard Plan
CUST01904,Annual,4912.2,Auto Pay,2024-05-28,,Standard Plan
CUST01905,Quarterly,4388.57,Net Banking,2024-07-02,,Premium Plan
CUST01906,Annual,395.31,Debit Card,2023-02-06,2026-08-28,Basic Plan
CUST01907,Annual,3511.02,Debit Card,2024-11-08,,Standard Plan
CUST01908,Quarterly,3127.63,Credit Card,2025-11-27,,Basic Plan
CUST01909,Monthly,3737.96,Credit Card,2024-06-19,,Basic Plan
CUST01910,Monthly,2499.53,Debit Card,2024-03-27,2026-04-03,Standard Plan
CUST01911,Monthly,357.91,Debit Card,2024-11-08,2026-07-14,Basic Plan
CUST01912,Annual,2100.32,Net Banking,2022-06-24,,Standard Plan
CUST01913,Monthly,4952.99,Auto Pay,2023-12-18,,Basic Plan
CUST01914,Monthly,3115.93,Credit Card,2021-05-11,,Premium Plan
CUST01915,Monthly,3237.21,Credit Card,2024-01-03,,Basic Plan
CUST01916,Annual,3172.4,Credit Card,2021-07-10,2026-05-16,Basic Plan
CUST01917,Monthly,1504.74,Credit Card,2022-12-15,2026-04-17,Basic Plan
CUST01918,Annual,2000.74,UPI,2022-04-15,,Basic Plan
CUST01919,Quarterly,3879.82,Debit Card,2025-01-19,,Standard Plan
CUST01920,Monthly,929.71,Debit Card,2024-05-27,,Basic Plan
CUST01921,Monthly,3612.01,Net Banking,2023-05-27,2026-08-11,Standard Plan
CUST01922,Annual,2859.96,Auto Pay,2022-07-18,2026-04-11,Basic Plan
CUST01923,Annual,3648.02,Net Banking,2024-07-27,,Standard Plan
CUST01924,Monthly,788.37,UPI,2021-03-28,,Premium Plan
CUST01925,Quarterly,3127.57,Debit Card,2022-08-22,,Basic Plan
CUST01926,Monthly,1525.99,Debit Card,2021-08-01,2026-05-11,Basic Plan
CUST01927,Monthly,4704.93,Debit Card,2023-12-12,2026-04-22,Standard Plan
CUST01928,Monthly,717.67,Auto Pay,2025-04-03,,Standard Plan
CUST01929,Monthly,1636.41,UPI,2022-12-23,2026-08-22,Standard Plan
CUST01930,Monthly,3244.23,UPI,2024-10-19,,Basic Plan
CUST01931,Monthly,2371.15,Auto Pay,2023-08-25,,Standard Plan
CUST01932,Monthly,3071.27,Auto Pay,2023-02-13,,Standard Plan
CUST01933,Quarterly,3458.01,Net Banking,2024-04-20,,Standard Plan
CUST01934,Annual,3292.77,Credit Card,2023-01-20,,Basic Plan
CUST01935,Quarterly,4692.85,UPI,2023-03-30,,Premium Plan
CUST01936,Monthly,2330.2,Auto Pay,2025-01-05,2026-06-04,Standard Plan
CUST01937,Monthly,1815.12,Net Banking,2025-04-16,2026-08-14,Standard Plan
CUST01938,Quarterly,1864.62,UPI,2024-07-19,,Basic Plan
CUST01939,Monthly,1261.13,Debit Card,2023-05-23,2026-06-03,Premium Plan
CUST01940,Monthly,4923.47,Auto Pay,2023-04-03,2026-07-06,Basic Plan
CUST01941,Monthly,4153.15,Auto Pay,2021-07-07,2026-02-17,Standard Plan
CUST01942,Monthly,3225.57,Auto Pay,2025-08-30,,Basic Plan
CUST01943,Annual,4841.66,Credit Card,2022-11-11,,Basic Plan
CUST01944,Quarterly,359.96,Debit Card,2021-06-27,,Standard Plan
CUST01945,Annual,4332.54,Auto Pay,2025-01-21,,Basic Plan
CUST01946,Monthly,1443.17,Net Banking,2022-11-02,,Basic Plan
CUST01947,Annual,4341.24,UPI,2023-05-22,,Basic Plan
CUST01948,Quarterly,4791.46,Credit Card,2025-06-18,2026-05-03,Basic Plan
CUST01949,Monthly,1810.84,Net Banking,2021-06-09,2026-06-28,Standard Plan
CUST01950,Annual,3136.86,Net Banking,2025-08-29,,Basic Plan
CUST01951,Monthly,878.73,Debit Card,2025-12-18,2026-02-25,Standard Plan
CUST01952,Monthly,4971.33,Credit Card,2023-06-21,,Premium Plan
CUST01953,Quarterly,2677.14,Net Banking,2021-10-24,,Standard Plan
CUST01954,Annual,1901.87,Auto Pay,2021-08-05,,Standard Plan
CUST01955,Monthly,363.02,Auto Pay,2021-03-15,,Basic Plan
CUST01956,Quarterly,4855.59,Credit Card,2022-03-01,2026-01-15,Basic Plan
CUST01957,Annual,4779.6,Net Banking,2024-08-16,2026-08-03,Premium Plan
CUST01958,Annual,4168.37,Net Banking,2022-10-12,,Basic Plan
CUST01959,Annual,4660.04,Debit Card,2022-07-31,,Basic Plan
CUST01960,Quarterly,640.69,Auto Pay,2022-04-28,,Premium Plan
CUST01961,Monthly,736.54,UPI,2024-03-02,2026-07-16,Premium Plan
CUST01962,Monthly,3103.91,UPI,2022-03-27,,Basic Plan
CUST01963,Annual,2658.28,UPI,2025-12-26,,Basic Plan
CUST01964,Monthly,2507.5,Auto Pay,2025-03-17,,Basic Plan
CUST01965,Quarterly,895.55,Net Banking,2023-08-05,2026-07-09,Standard Plan
CUST01966,Monthly,334.44,Auto Pay,2021-05-19,,Standard Plan
CUST01967,Annual,2322.9,Debit Card,2024-11-03,,Premium Plan
CUST01968,Annual,1067.04,UPI,2021-05-17,,Basic Plan
CUST01969,Quarterly,1494.45,Auto Pay,2023-05-08,,Basic Plan
CUST01970,Quarterly,819.88,UPI,2025-04-03,,Standard Plan
CUST01971,Annual,2920.08,Credit Card,2024-04-23,,Basic Plan
CUST01972,Quarterly,3644.22,Credit Card,2021-01-17,,Standard Plan
CUST01973,Monthly,1618.08,Credit Card,2022-05-27,,Standard Plan
CUST01974,Monthly,4360.55,Net Banking,2022-04-11,,Standard Plan
CUST01975,Annual,2267.06,UPI,2022-11-15,,Basic Plan
CUST01976,Annual,4344.94,UPI,2022-02-16,2026-01-09,Standard Plan
CUST01977,Monthly,726.94,Auto Pay,2025-05-05,,Standard Plan
CUST01978,Quarterly,4530.7,Net Banking,2022-08-04,,Standard Plan
CUST01979,Monthly,589.92,Credit Card,2024-07-20,2026-08-28,Standard Plan
CUST01980,Monthly,1522.95,Credit Card,2021-12-10,2026-01-14,Standard Plan
CUST01981,Annual,2151.47,Auto Pay,2021-02-22,,Basic Plan
CUST01982,Monthly,396.48,UPI,2021-08-28,2026-07-02,Basic Plan
CUST01983,Annual,4243.53,Debit Card,2025-01-06,,Standard Plan
CUST01984,Monthly,2073.38,Credit Card,2024-07-03,,Standard Plan
CUST01985,Monthly,1697.24,Credit Card,2025-12-30,,Basic Plan
CUST01986,Monthly,4590.67,Net Banking,2021-09-29,2026-07-12,Standard Plan
CUST01987,Annual,3328.07,Net Banking,2021-05-21,,Basic Plan
CUST01988,Annual,1547.32,Debit Card,2022-01-24,,Standard Plan
CUST01989,Annual,1478.22,UPI,2023-07-22,2026-08-22,Standard Plan
CUST01990,Monthly,3261.23,Net Banking,2025-07-25,2026-03-29,Standard Plan
CUST01991,Quarterly,2751.96,Net Banking,2025-04-17,2026-08-03,Basic Plan
CUST01992,Monthly,3379.86,Credit Card,2024-05-21,,Basic Plan
CUST01993,Monthly,2715.6,Debit Card,2021-08-10,,Basic Plan
CUST01994,Annual,2097.8,Debit Card,2024-06-24,,Basic Plan
CUST01995,Annual,3487.71,Net Banking,2024-11-02,,Basic Plan
CUST01996,Monthly,2669.66,Net Banking,2022-05-04,,Standard Plan
CUST01997,Monthly,4044.06,Credit Card,2022-09-19,2026-05-19,Basic Plan
CUST01998,Annual,4977.92,Credit Card,2024-11-03,2026-07-31,Basic Plan
CUST01999,Monthly,2278.84,Credit Card,2021-09-10,,Basic Plan
CUST02000,Monthly,3668.18,UPI,2023-05-30,2026-06-01,Standard Plan
CUST02001,Monthly,3041.06,Auto Pay,2024-08-27,2026-08-19,Basic Plan
CUST02002,Quarterly,4695.26,Credit Card,2023-11-05,,Basic Plan
CUST02003,Monthly,1867.71,UPI,2024-10-23,,Premium Plan
CUST02004,Monthly,4170.39,UPI,2023-04-02,,Basic Plan
CUST02005,Annual,2620.0,Net Banking,2023-04-05,,Standard Plan
CUST02006,Quarterly,2466.7,Net Banking,2023-03-09,,Basic Plan
CUST02007,Monthly,2835.34,Credit Card,2023-05-16,,Standard Plan
CUST02008,Monthly,3044.19,Net Banking,2024-12-14,,Standard Plan
CUST02009,Annual,3962.03,Net Banking,2024-12-16,,Basic Plan
CUST02010,Monthly,4306.73,Auto Pay,2023-08-07,2026-05-30,Basic Plan
CUST02011,Quarterly,4151.73,Net Banking,2023-12-12,,Basic Plan
CUST02012,Annual,1429.33,Debit Card,2024-05-31,,Standard Plan
CUST02013,Monthly,344.61,Auto Pay,2025-06-01,2026-02-14,Basic Plan
CUST02014,Annual,2565.4,UPI,2025-02-12,,Standard Plan
CUST02015,Quarterly,4290.22,Credit Card,2023-01-18,2026-05-16,Basic Plan
CUST02016,Monthly,2700.27,UPI,2023-12-06,2026-03-25,Standard Plan
CUST02017,Annual,3127.33,Net Banking,2024-11-04,,Basic Plan
CUST02018,Annual,2518.7,UPI,2023-05-01,,Basic Plan
CUST02019,Quarterly,1161.85,Auto Pay,2022-09-30,,Premium Plan
CUST02020,Monthly,1692.22,Debit Card,2025-03-13,,Basic Plan
CUST02021,Quarterly,4688.79,Credit Card,2023-07-10,,Standard Plan
CUST02022,Monthly,3767.46,Net Banking,2023-03-29,2026-05-30,Standard Plan
CUST02023,Monthly,4916.36,Credit Card,2024-11-01,2026-05-06,Basic Plan
CUST02024,Monthly,1873.29,Net Banking,2023-10-06,,Premium Plan
CUST02025,Monthly,2319.92,Credit Card,2022-11-14,,Basic Plan
CUST02026,Quarterly,4150.0,UPI,2021-05-19,,Premium Plan
CUST02027,Quarterly,1524.83,Auto Pay,2024-02-05,2026-05-29,Basic Plan
CUST02028,Annual,3263.67,Auto Pay,2024-05-15,,Basic Plan
CUST02029,Monthly,3566.26,Net Banking,2022-11-08,2026-07-09,Basic Plan
CUST02030,Quarterly,4309.84,Debit Card,2024-03-14,,Basic Plan
CUST02031,Monthly,742.26,Auto Pay,2023-10-25,2026-07-28,Standard Plan
CUST02032,Monthly,4186.8,UPI,2021-07-08,,Standard Plan
CUST02033,Annual,3347.93,Net Banking,2024-07-25,,Standard Plan
CUST02034,Monthly,4992.21,Net Banking,2024-01-26,,Standard Plan
CUST02035,Monthly,539.48,Credit Card,2022-09-25,2026-08-28,Standard Plan
CUST02036,Quarterly,3977.06,Auto Pay,2024-07-30,,Basic Plan
CUST02037,Quarterly,3787.93,Net Banking,2025-12-24,,Standard Plan
CUST02038,Monthly,4023.14,UPI,2021-11-03,2026-02-16,Standard Plan
CUST02039,Annual,1940.62,Auto Pay,2023-07-28,,Basic Plan
CUST02040,Monthly,2481.75,Net Banking,2021-03-02,,Premium Plan
CUST02041,Monthly,1606.49,UPI,2025-12-24,,Standard Plan
CUST02042,Quarterly,3517.36,UPI,2025-06-23,2026-04-14,Basic Plan
CUST02043,Annual,3797.26,Debit Card,2021-07-05,2026-03-26,Basic Plan
CUST02044,Monthly,1865.97,Net Banking,2022-12-19,2026-03-30,Standard Plan
CUST02045,Monthly,1214.01,Net Banking,2024-11-02,2026-02-10,Basic Plan
CUST02046,Quarterly,2546.57,Net Banking,2024-07-09,,Basic Plan
CUST02047,Monthly,1187.35,Credit Card,2021-06-23,,Basic Plan
CUST02048,Quarterly,2323.81,UPI,2023-03-01,,Standard Plan
CUST02049,Monthly,3332.31,UPI,2021-02-14,,Standard Plan
CUST02050,Monthly,3323.05,Credit Card,2023-10-25,2026-05-21,Basic Plan
CUST02051,Monthly,4873.09,UPI,2021-09-24,,Premium Plan
CUST02052,Annual,3942.37,Debit Card,2022-03-11,,Standard Plan
CUST02053,Monthly,4445.01,Credit Card,2025-11-10,2026-04-09,Standard Plan
CUST02054,Monthly,1366.69,Auto Pay,2022-01-28,,Basic Plan
CUST02055,Annual,2049.4,Net Banking,2023-09-15,,Basic Plan
CUST02056,Monthly,767.85,Auto Pay,2023-01-15,,Standard Plan
CUST02057,Quarterly,2118.52,Auto Pay,2024-01-14,,Basic Plan
CUST02058,Monthly,2309.38,Auto Pay,2024-05-24,,Premium Plan
CUST02059,Annual,4687.79,UPI,2023-08-08,,Basic Plan
CUST02060,Quarterly,2987.07,Debit Card,2021-09-02,2026-05-08,Basic Plan
CUST02061,Annual,1886.86,Auto Pay,2021-06-08,,Standard Plan
CUST02062,Quarterly,1944.82,Auto Pay,2022-03-14,,Standard Plan
CUST02063,Quarterly,447.27,Auto Pay,2025-04-16,,Standard Plan
CUST02064,Annual,2665.33,Debit Card,2023-08-14,,Basic Plan
CUST02065,Quarterly,3742.88,Auto Pay,2024-10-20,,Standard Plan
CUST02066,Monthly,1638.09,UPI,2024-04-13,2026-06-27,Basic Plan
CUST02067,Monthly,4470.25,Auto Pay,2025-12-26,,Basic Plan
CUST02068,Annual,4721.43,Auto Pay,2024-04-04,,Standard Plan
CUST02069,Quarterly,2852.78,Credit Card,2023-06-30,,Standard Plan
CUST02070,Quarterly,3932.93,UPI,2023-10-21,2026-01-05,Premium Plan
CUST02071,Monthly,3490.73,Credit Card,2021-02-06,,Standard Plan
CUST02072,Monthly,2998.63,Debit Card,2022-11-25,,Basic Plan
CUST02073,Annual,4032.91,Auto Pay,2022-11-25,,Basic Plan
CUST02074,Annual,2532.69,Credit Card,2025-07-24,,Basic Plan
CUST02075,Monthly,1641.05,Net Banking,2023-11-15,,Basic Plan
CUST02076,Quarterly,4269.74,Debit Card,2024-08-06,,Premium Plan
CUST02077,Quarterly,2788.41,UPI,2022-12-21,,Basic Plan
CUST02078,Quarterly,599.44,Credit Card,2021-06-22,,Standard Plan
CUST02079,Quarterly,993.09,Auto Pay,2021-11-10,2026-01-31,Basic Plan
CUST02080,Monthly,2381.11,UPI,2023-11-28,2026-08-29,Standard Plan
CUST02081,Annual,3561.73,Net Banking,2023-01-28,2026-08-11,Basic Plan
CUST02082,Quarterly,2762.47,Net Banking,2023-03-10,,Basic Plan
CUST02083,Monthly,879.14,Debit Card,2021-01-19,2026-02-10,Basic Plan
CUST02084,Monthly,1306.74,Debit Card,2024-09-11,,Standard Plan
CUST02085,Monthly,3950.88,Credit Card,2023-03-04,,Basic Plan
CUST02086,Quarterly,1663.43,Net Banking,2023-12-06,,Standard Plan
CUST02087,Annual,4316.54,Credit Card,2021-02-12,2026-08-21,Basic Plan
CUST02088,Monthly,3495.49,Credit Card,2023-02-21,2026-07-20,Basic Plan
CUST02089,Annual,839.35,Auto Pay,2021-08-31,,Basic Plan
CUST02090,Monthly,1231.94,Net Banking,2021-11-30,2026-08-13,Premium Plan
CUST02091,Monthly,3884.07,UPI,2025-05-10,2026-05-13,Basic Plan
CUST02092,Monthly,901.2,Auto Pay,2025-09-30,,Premium Plan
CUST02093,Annual,1523.26,Debit Card,2025-01-28,,Premium Plan
CUST02094,Monthly,555.33,UPI,2024-09-06,,Basic Plan
CUST02095,Quarterly,4069.81,Credit Card,2022-07-26,,Standard Plan
CUST02096,Quarterly,3260.22,Net Banking,2023-07-01,2026-07-04,Premium Plan
CUST02097,Monthly,4168.09,Credit Card,2022-03-25,2026-02-27,Basic Plan
CUST02098,Monthly,2203.64,Credit Card,2025-11-13,,Basic Plan
CUST02099,Annual,1321.64,Credit Card,2024-05-09,,Standard Plan
CUST02100,Monthly,3822.82,Net Banking,2024-05-03,,Basic Plan
CUST02101,Quarterly,3782.78,UPI,2022-07-18,,Standard Plan
CUST02102,Monthly,2419.46,Credit Card,2025-11-25,2026-05-26,Standard Plan
CUST02103,Quarterly,1460.79,Auto Pay,2022-06-14,2026-07-06,Basic Plan
CUST02104,Annual,2474.64,Credit Card,2025-07-26,,Standard Plan
CUST02105,Annual,1058.62,Net Banking,2021-08-21,,Standard Plan
CUST02106,Monthly,1110.42,Credit Card,2025-01-28,,Standard Plan
CUST02107,Annual,3291.47,Debit Card,2025-12-28,,Standard Plan
CUST02108,Monthly,1471.49,Credit Card,2021-01-19,,Standard Plan
CUST02109,Annual,4107.2,Net Banking,2024-06-26,,Basic Plan
CUST02110,Annual,2027.25,Net Banking,2025-05-13,,Basic Plan
CUST02111,Annual,4559.48,Debit Card,2021-01-30,,Basic Plan
CUST02112,Quarterly,3628.91,Debit Card,2024-10-24,,Standard Plan
CUST02113,Monthly,732.79,UPI,2024-03-01,2026-02-22,Basic Plan
CUST02114,Monthly,3227.48,Credit Card,2024-10-29,,Basic Plan
CUST02115,Monthly,822.64,UPI,2025-09-28,2026-03-19,Basic Plan
CUST02116,Quarterly,1290.21,Debit Card,2024-05-18,,Standard Plan
CUST02117,Monthly,4214.45,Debit Card,2022-11-14,,Basic Plan
CUST02118,Monthly,1758.57,Credit Card,2022-07-20,2026-08-18,Basic Plan
CUST02119,Monthly,4631.8,Net Banking,2022-10-10,,Standard Plan
CUST02120,Monthly,3468.08,Net Banking,2021-12-10,,Basic Plan
CUST02121,Quarterly,2929.45,Credit Card,2025-02-21,2026-08-21,Basic Plan
CUST02122,Annual,3254.75,Debit Card,2021-01-08,,Basic Plan
CUST02123,Monthly,3656.61,Auto Pay,2025-06-19,2026-05-28,Premium Plan
CUST02124,Monthly,455.51,Net Banking,2021-12-31,2026-05-19,Basic Plan
CUST02125,Quarterly,4811.64,Net Banking,2023-09-25,,Standard Plan
CUST02126,Annual,2636.08,Credit Card,2024-08-06,2026-04-23,Basic Plan
CUST02127,Monthly,697.44,UPI,2021-02-10,2026-03-04,Premium Plan
CUST02128,Monthly,3244.45,Debit Card,2024-10-16,,Basic Plan
CUST02129,Quarterly,4862.38,Credit Card,2022-05-14,,Standard Plan
CUST02130,Monthly,1230.52,Auto Pay,2021-02-02,,Premium Plan
CUST02131,Monthly,3691.38,Debit Card,2022-12-03,2026-06-11,Basic Plan
CUST02132,Quarterly,1189.96,Debit Card,2022-12-23,,Basic Plan
CUST02133,Monthly,4118.7,Net Banking,2024-12-14,2026-06-24,Basic Plan
CUST02134,Monthly,1795.71,Net Banking,2021-05-14,,Standard Plan
CUST02135,Monthly,1593.51,Auto Pay,2021-06-17,,Standard Plan
CUST02136,Annual,980.64,Auto Pay,2024-02-20,,Premium Plan
CUST02137,Monthly,3931.85,UPI,2023-06-02,,Basic Plan
CUST02138,Annual,2222.39,Credit Card,2025-10-03,,Standard Plan
CUST02139,Monthly,4290.49,UPI,2022-06-14,,Standard Plan
CUST02140,Annual,2973.87,Credit Card,2022-09-18,,Basic Plan
CUST02141,Monthly,2292.94,UPI,2024-10-21,,Standard Plan
CUST02142,Monthly,517.55,Net Banking,2021-03-10,,Standard Plan
CUST02143,Quarterly,1607.3,UPI,2023-05-02,,Basic Plan
CUST02144,Monthly,2436.87,Auto Pay,2021-01-29,,Basic Plan
CUST02145,Monthly,2382.85,Auto Pay,2021-07-10,2026-03-21,Basic Plan
CUST02146,Annual,2159.42,Net Banking,2021-11-13,,Standard Plan
CUST02147,Monthly,1323.88,Auto Pay,2021-08-16,,Standard Plan
CUST02148,Monthly,2866.84,Net Banking,2021-05-11,2026-06-20,Standard Plan
CUST02149,Monthly,3875.37,UPI,2023-12-03,,Basic Plan
CUST02150,Annual,1663.88,Auto Pay,2025-04-16,,Basic Plan
CUST02151,Monthly,1320.92,Debit Card,2024-02-02,2026-04-08,Basic Plan
CUST02152,Monthly,3662.21,Debit Card,2022-09-28,2026-05-31,Basic Plan
CUST02153,Monthly,617.66,Debit Card,2022-12-11,,Standard Plan
CUST02154,Quarterly,633.08,Credit Card,2024-03-09,2026-08-19,Basic Plan
CUST02155,Monthly,4876.52,Credit Card,2024-05-28,2026-07-08,Standard Plan
CUST02156,Annual,3240.71,Debit Card,2025-04-27,,Basic Plan
CUST02157,Monthly,826.2,Credit Card,2023-02-10,2026-08-13,Premium Plan
CUST02158,Annual,2714.06,Net Banking,2023-07-01,,Premium Plan
CUST02159,Monthly,394.42,Debit Card,2022-08-31,,Basic Plan
CUST02160,Annual,3373.91,Debit Card,2025-02-01,,Standard Plan
CUST02161,Monthly,4392.0,Credit Card,2025-05-12,,Basic Plan
CUST02162,Annual,1085.14,Debit Card,2021-02-02,,Basic Plan
CUST02163,Monthly,1689.6,Net Banking,2023-04-04,,Standard Plan
CUST02164,Quarterly,768.4,Auto Pay,2024-08-05,,Premium Plan
CUST02165,Monthly,3059.49,Auto Pay,2022-12-12,2026-04-21,Standard Plan
CUST02166,Annual,581.38,Auto Pay,2024-11-24,,Basic Plan
CUST02167,Monthly,3542.76,Debit Card,2024-04-12,,Standard Plan
CUST02168,Annual,1076.94,Credit Card,2024-09-25,,Premium Plan
CUST02169,Annual,2260.74,UPI,2023-11-16,,Basic Plan
CUST02170,Annual,506.38,Debit Card,2022-10-30,,Basic Plan
CUST02171,Monthly,3271.8,UPI,2025-03-08,,Standard Plan
CUST02172,Monthly,352.15,Auto Pay,2023-07-19,2026-06-11,Standard Plan
CUST02173,Quarterly,1724.46,Net Banking,2025-04-12,2026-05-09,Basic Plan
CUST02174,Monthly,1604.85,UPI,2021-07-12,,Basic Plan
CUST02175,Monthly,4723.75,Debit Card,2025-02-12,,Standard Plan
CUST02176,Monthly,3724.06,Credit Card,2022-08-17,,Basic Plan
CUST02177,Annual,1974.82,Net Banking,2024-06-10,,Standard Plan
CUST02178,Annual,2592.05,Credit Card,2021-02-19,2026-08-06,Standard Plan
CUST02179,Annual,4141.04,Credit Card,2025-07-14,,Basic Plan
CUST02180,Monthly,1737.02,Auto Pay,2021-05-18,2026-01-13,Basic Plan
CUST02181,Quarterly,2309.54,Net Banking,2022-11-05,,Premium Plan
CUST02182,Annual,492.19,Net Banking,2024-01-02,2026-07-12,Standard Plan
CUST02183,Monthly,3321.77,Net Banking,2023-03-04,,Basic Plan
CUST02184,Annual,3305.76,UPI,2025-06-04,,Standard Plan
CUST02185,Monthly,4031.07,Credit Card,2023-03-31,,Basic Plan
CUST02186,Quarterly,3077.13,UPI,2021-06-02,,Basic Plan
CUST02187,Quarterly,2833.9,Auto Pay,2021-04-25,,Standard Plan
CUST02188,Monthly,1725.56,Debit Card,2024-04-30,,Basic Plan
CUST02189,Monthly,3238.49,Debit Card,2021-12-03,2026-08-12,Premium Plan
CUST02190,Quarterly,3507.82,Credit Card,2022-10-26,,Standard Plan
CUST02191,Quarterly,2032.93,Debit Card,2021-11-06,,Standard Plan
CUST02192,Quarterly,856.91,Debit Card,2021-06-03,,Basic Plan
CUST02193,Monthly,2898.81,Auto Pay,2021-01-15,,Premium Plan
CUST02194,Monthly,2446.2,Auto Pay,2022-03-07,,Premium Plan
CUST02195,Monthly,2234.71,Credit Card,2021-11-25,,Basic Plan
CUST02196,Monthly,3681.59,Net Banking,2021-09-22,,Premium Plan
CUST02197,Monthly,4168.48,Auto Pay,2024-06-11,2026-08-15,Standard Plan
CUST02198,Monthly,1707.89,Auto Pay,2022-02-09,,Premium Plan
CUST02199,Monthly,2321.63,UPI,2023-06-23,,Basic Plan
CUST02200,Monthly,1961.52,Debit Card,2025-05-05,,Basic Plan
CUST02201,Annual,4230.38,Net Banking,2021-12-23,2026-02-20,Premium Plan
CUST02202,Monthly,4399.97,Net Banking,2025-09-06,2026-06-09,Standard Plan
CUST02203,Monthly,2024.99,Credit Card,2022-02-05,,Basic Plan
CUST02204,Annual,1443.65,UPI,2023-10-24,,Standard Plan
CUST02205,Monthly,2291.25,Auto Pay,2021-06-28,,Basic Plan
CUST02206,Annual,4952.51,Debit Card,2023-11-10,,Standard Plan
CUST02207,Quarterly,2945.8,Auto Pay,2023-06-27,2026-04-01,Standard Plan
CUST02208,Annual,2328.26,Net Banking,2022-07-26,,Basic Plan
CUST02209,Annual,2977.8,UPI,2024-12-28,,Standard Plan
CUST02210,Quarterly,1705.66,Net Banking,2024-04-09,,Basic Plan
CUST02211,Quarterly,953.87,Auto Pay,2022-09-24,,Standard Plan
CUST02212,Monthly,2422.78,Auto Pay,2023-10-22,2026-01-17,Basic Plan
CUST02213,Quarterly,1424.43,Net Banking,2024-09-02,,Standard Plan
CUST02214,Monthly,4570.81,Auto Pay,2024-12-31,,Standard Plan
CUST02215,Monthly,2207.53,Net Banking,2023-05-06,,Basic Plan
CUST02216,Monthly,933.13,Net Banking,2025-12-23,,Standard Plan
CUST02217,Monthly,1683.97,Auto Pay,2023-02-20,,Basic Plan
CUST02218,Annual,1173.62,Net Banking,2022-05-19,,Standard Plan
CUST02219,Annual,2433.87,Auto Pay,2025-01-07,,Basic Plan
CUST02220,Monthly,2941.0,Net Banking,2025-10-27,,Standard Plan
CUST02221,Monthly,1527.07,Auto Pay,2023-09-26,,Standard Plan
CUST02222,Monthly,3248.38,Auto Pay,2025-03-07,2026-04-26,Basic Plan
CUST02223,Monthly,1245.16,UPI,2022-10-05,2026-05-16,Basic Plan
CUST02224,Monthly,4499.5,Credit Card,2023-06-26,,Basic Plan
CUST02225,Monthly,2751.97,Auto Pay,2023-05-04,,Premium Plan
CUST02226,Quarterly,3715.81,Credit Card,2023-01-08,,Premium Plan
CUST02227,Quarterly,4940.27,Net Banking,2023-09-28,,Premium Plan
CUST02228,Monthly,860.28,UPI,2024-08-25,2026-02-01,Basic Plan
CUST02229,Quarterly,4966.52,Net Banking,2021-09-15,2026-01-29,Basic Plan
CUST02230,Annual,3727.44,Net Banking,2021-03-27,,Basic Plan
CUST02231,Annual,2887.09,Auto Pay,2021-06-07,,Standard Plan
CUST02232,Monthly,4921.45,Net Banking,2024-03-08,2026-07-25,Basic Plan
CUST02233,Monthly,4018.43,Auto Pay,2022-02-25,2026-05-29,Standard Plan
CUST02234,Annual,1009.56,UPI,2022-06-25,,Standard Plan
CUST02235,Monthly,3950.11,Net Banking,2021-02-01,,Premium Plan
CUST02236,Monthly,4024.44,Auto Pay,2022-11-05,,Basic Plan
CUST02237,Monthly,3979.88,Credit Card,2021-06-01,,Standard Plan
CUST02238,Monthly,4801.8,Credit Card,2022-07-20,2026-01-09,Basic Plan
CUST02239,Monthly,2438.79,Debit Card,2025-10-19,,Premium Plan
CUST02240,Quarterly,4531.9,UPI,2022-03-18,,Basic Plan
CUST02241,Monthly,2934.05,UPI,2021-05-02,,Premium Plan
CUST02242,Monthly,631.33,Net Banking,2024-01-17,,Basic Plan
CUST02243,Monthly,996.64,Auto Pay,2025-05-12,,Standard Plan
CUST02244,Annual,3786.37,Credit Card,2021-09-16,,Standard Plan
CUST02245,Annual,1828.3,Debit Card,2022-12-01,,Basic Plan
CUST02246,Quarterly,3722.8,Auto Pay,2024-11-15,,Standard Plan
CUST02247,Annual,3606.23,Net Banking,2023-03-14,,Basic Plan
CUST02248,Annual,3041.03,Auto Pay,2025-10-15,,Standard Plan
CUST02249,Monthly,514.33,Auto Pay,2025-06-11,,Premium Plan
CUST02250,Quarterly,993.73,UPI,2024-04-16,,Premium Plan
CUST02251,Monthly,1329.23,Debit Card,2025-04-08,,Standard Plan
CUST02252,Annual,1321.75,Credit Card,2025-07-29,,Premium Plan
CUST02253,Quarterly,439.14,Debit Card,2021-03-21,2026-06-28,Basic Plan
CUST02254,Monthly,4375.43,Net Banking,2024-05-09,2026-07-31,Basic Plan
CUST02255,Monthly,2235.54,Credit Card,2024-05-11,2026-05-05,Standard Plan
CUST02256,Quarterly,2280.83,Credit Card,2025-04-26,2026-05-09,Premium Plan
CUST02257,Annual,3840.34,Auto Pay,2025-12-10,,Standard Plan
CUST02258,Monthly,3240.17,Net Banking,2022-05-05,,Standard Plan
CUST02259,Monthly,1563.72,Auto Pay,2022-11-06,,Basic Plan
CUST02260,Annual,612.37,Auto Pay,2024-04-07,,Standard Plan
CUST02261,Annual,4592.33,Net Banking,2024-01-22,,Basic Plan
CUST02262,Monthly,2526.0,Credit Card,2025-11-08,,Premium Plan
CUST02263,Quarterly,1576.81,Debit Card,2023-05-20,,Basic Plan
CUST02264,Annual,3485.28,Auto Pay,2024-11-27,2026-06-29,Basic Plan
CUST02265,Monthly,2587.47,Credit Card,2022-11-15,,Basic Plan
CUST02266,Monthly,2990.73,UPI,2021-11-10,,Basic Plan
CUST02267,Quarterly,1080.27,Auto Pay,2024-06-04,,Standard Plan
CUST02268,Monthly,3199.73,Auto Pay,2021-05-08,,Basic Plan
CUST02269,Annual,1105.09,Debit Card,2023-12-06,,Basic Plan
CUST02270,Monthly,4001.5,Debit Card,2024-11-28,,Standard Plan
CUST02271,Monthly,3737.28,UPI,2024-05-20,2026-01-25,Standard Plan
CUST02272,Monthly,344.63,UPI,2024-05-13,2026-04-06,Standard Plan
CUST02273,Monthly,4657.53,Debit Card,2021-06-02,2026-08-05,Standard Plan
CUST02274,Monthly,2817.55,Net Banking,2022-06-28,,Standard Plan
CUST02275,Monthly,1871.0,Debit Card,2024-05-18,2026-01-30,Standard Plan
CUST02276,Quarterly,2747.96,Auto Pay,2025-05-13,,Basic Plan
CUST02277,Annual,3875.33,Credit Card,2022-08-30,,Premium Plan
CUST02278,Annual,1548.81,Debit Card,2022-01-29,,Basic Plan
CUST02279,Monthly,3991.64,Net Banking,2023-07-12,,Basic Plan
CUST02280,Monthly,2765.18,Net Banking,2021-06-07,,Standard Plan
CUST02281,Annual,1458.93,Credit Card,2021-01-29,,Premium Plan
CUST02282,Monthly,4040.03,Auto Pay,2024-04-03,,Standard Plan
CUST02283,Monthly,1729.77,Credit Card,2023-03-17,,Premium Plan
CUST02284,Monthly,2244.39,Debit Card,2022-06-06,2026-04-08,Standard Plan
CUST02285,Quarterly,4252.55,Credit Card,2023-07-14,,Standard Plan
CUST02286,Quarterly,3570.77,Auto Pay,2023-03-10,,Basic Plan
CUST02287,Annual,3480.96,Net Banking,2023-06-03,,Standard Plan
CUST02288,Annual,3787.62,Auto Pay,2021-08-02,,Premium Plan
CUST02289,Monthly,4788.94,Net Banking,2024-01-22,,Standard Plan
CUST02290,Quarterly,3520.5,UPI,2024-07-11,,Standard Plan
CUST02291,Monthly,2992.7,Credit Card,2023-05-18,,Basic Plan
CUST02292,Monthly,499.75,Credit Card,2024-03-01,2026-03-03,Standard Plan
CUST02293,Monthly,4863.96,Auto Pay,2021-06-15,,Standard Plan
CUST02294,Monthly,1981.46,Net Banking,2021-06-28,2026-04-12,Basic Plan
CUST02295,Monthly,413.09,Credit Card,2024-05-07,,Premium Plan
CUST02296,Monthly,1466.8,UPI,2023-11-01,,Basic Plan
CUST02297,Quarterly,903.32,Auto Pay,2021-03-22,,Basic Plan
CUST02298,Monthly,4703.02,UPI,2025-08-06,2026-02-09,Basic Plan
CUST02299,Monthly,4557.09,Credit Card,2021-04-09,,Basic Plan
CUST02300,Monthly,3263.03,Debit Card,2025-09-02,2026-03-05,Basic Plan
CUST02301,Monthly,633.16,Auto Pay,2023-05-19,,Basic Plan
CUST02302,Monthly,1728.74,Net Banking,2024-05-10,,Standard Plan
CUST02303,Monthly,4182.67,Net Banking,2025-08-12,,Basic Plan
CUST02304,Annual,3823.15,Auto Pay,2022-09-26,,Standard Plan
CUST02305,Monthly,1322.04,Auto Pay,2023-08-27,,Basic Plan
CUST02306,Annual,3158.52,Debit Card,2024-09-29,2026-07-22,Standard Plan
CUST02307,Monthly,446.66,Credit Card,2024-06-15,,Standard Plan
CUST02308,Quarterly,4549.25,Debit Card,2022-09-13,,Premium Plan
CUST02309,Quarterly,1708.09,Debit Card,2025-09-07,2026-01-30,Standard Plan
CUST02310,Monthly,4317.22,Credit Card,2025-10-21,,Premium Plan
CUST02311,Annual,4933.32,Auto Pay,2022-09-23,,Basic Plan
CUST02312,Quarterly,635.41,Auto Pay,2023-11-14,,Basic Plan
CUST02313,Annual,4438.93,UPI,2025-10-17,2026-03-05,Basic Plan
CUST02314,Annual,381.86,Net Banking,2021-04-11,,Basic Plan
CUST02315,Monthly,2565.86,Debit Card,2022-12-27,2026-05-17,Basic Plan
CUST02316,Monthly,3266.13,UPI,2025-11-04,,Basic Plan
CUST02317,Monthly,3011.15,Debit Card,2022-01-30,,Basic Plan
CUST02318,Monthly,4329.2,Debit Card,2022-06-05,2026-01-08,Basic Plan
CUST02319,Monthly,483.39,Debit Card,2022-03-04,,Standard Plan
CUST02320,Annual,803.53,UPI,2022-02-04,,Standard Plan
CUST02321,Monthly,924.13,Auto Pay,2024-05-07,2026-04-26,Standard Plan
CUST02322,Monthly,926.39,UPI,2023-03-15,2026-08-01,Standard Plan
CUST02323,Quarterly,3702.82,Debit Card,2022-10-23,,Premium Plan
CUST02324,Annual,4933.24,Net Banking,2021-08-06,,Standard Plan
CUST02325,Annual,323.72,Debit Card,2025-12-28,,Premium Plan
CUST02326,Monthly,2278.02,Credit Card,2023-12-05,,Basic Plan
CUST02327,Monthly,507.05,Credit Card,2025-11-05,,Standard Plan
CUST02328,Monthly,2188.3,Auto Pay,2021-03-22,,Basic Plan
CUST02329,Monthly,2630.17,Credit Card,2024-09-25,2026-07-23,Basic Plan
CUST02330,Monthly,3847.72,Net Banking,2025-11-02,,Standard Plan
CUST02331,Monthly,713.07,Auto Pay,2023-07-17,2026-01-22,Standard Plan
CUST02332,Quarterly,2526.06,Auto Pay,2021-12-18,,Basic Plan
CUST02333,Monthly,1969.58,Debit Card,2025-09-08,,Basic Plan
CUST02334,Annual,3007.05,Net Banking,2021-02-26,,Basic Plan
CUST02335,Monthly,4822.21,Auto Pay,2022-10-19,,Premium Plan
CUST02336,Quarterly,4805.73,Net Banking,2022-04-06,2026-06-21,Standard Plan
CUST02337,Annual,3641.24,UPI,2023-12-14,,Standard Plan
CUST02338,Monthly,2184.41,UPI,2021-01-26,,Premium Plan
CUST02339,Monthly,4076.06,Auto Pay,2024-09-11,2026-03-12,Standard Plan
CUST02340,Quarterly,4281.38,Auto Pay,2024-04-21,,Basic Plan
CUST02341,Monthly,1836.53,Credit Card,2024-06-18,,Standard Plan
CUST02342,Annual,2614.62,Net Banking,2025-07-19,,Standard Plan
CUST02343,Annual,845.24,Net Banking,2025-03-18,,Basic Plan
CUST02344,Monthly,585.57,Net Banking,2022-04-01,,Standard Plan
CUST02345,Monthly,4668.45,Auto Pay,2022-12-23,,Premium Plan
CUST02346,Quarterly,3295.91,Credit Card,2021-03-20,2026-01-08,Basic Plan
CUST02347,Monthly,1240.48,Net Banking,2025-10-10,,Basic Plan
CUST02348,Monthly,2547.1,UPI,2021-10-11,,Premium Plan
CUST02349,Monthly,3240.52,Auto Pay,2022-12-16,,Standard Plan
CUST02350,Quarterly,2461.46,Debit Card,2024-01-09,,Standard Plan
CUST02351,Monthly,2040.03,Debit Card,2022-02-04,,Premium Plan
CUST02352,Monthly,3240.82,UPI,2023-08-27,2026-05-05,Standard Plan
CUST02353,Monthly,2772.58,UPI,2022-10-15,,Standard Plan
CUST02354,Monthly,2470.03,Debit Card,2024-06-28,,Standard Plan
CUST02355,Monthly,1341.66,Net Banking,2022-04-01,2026-06-05,Standard Plan
CUST02356,Monthly,813.97,Debit Card,2022-07-11,,Basic Plan
CUST02357,Monthly,2407.28,Credit Card,2024-06-13,2026-02-08,Premium Plan
CUST02358,Monthly,4482.52,Net Banking,2023-08-23,,Basic Plan
CUST02359,Monthly,729.12,Auto Pay,2021-05-19,,Basic Plan
CUST02360,Monthly,3474.58,Debit Card,2024-10-24,2026-06-15,Standard Plan
CUST02361,Quarterly,3954.4,Credit Card,2023-12-31,,Standard Plan
CUST02362,Annual,1780.86,Credit Card,2025-09-28,,Basic Plan
CUST02363,Quarterly,1717.85,Auto Pay,2022-08-12,,Standard Plan
CUST02364,Monthly,1641.81,Debit Card,2024-06-17,,Standard Plan
CUST02365,Annual,3257.05,UPI,2021-12-07,,Basic Plan
CUST02366,Annual,1036.82,Credit Card,2025-05-18,,Premium Plan
CUST02367,Monthly,4311.26,Auto Pay,2022-04-02,,Premium Plan
CUST02368,Annual,2333.01,Net Banking,2023-06-21,,Standard Plan
CUST02369,Quarterly,2921.86,UPI,2021-03-22,,Basic Plan
CUST02370,Annual,4453.43,UPI,2024-04-03,,Basic Plan
CUST02371,Monthly,2937.34,Debit Card,2022-06-30,2026-06-07,Basic Plan
CUST02372,Monthly,3339.94,UPI,2025-08-23,2026-01-17,Standard Plan
CUST02373,Quarterly,2129.49,Net Banking,2022-02-20,,Standard Plan
CUST02374,Monthly,1454.09,UPI,2022-12-03,2026-02-27,Standard Plan
CUST02375,Monthly,874.53,Debit Card,2024-03-12,,Standard Plan
CUST02376,Annual,3351.5,UPI,2025-05-10,2026-03-28,Standard Plan
CUST02377,Annual,4028.55,UPI,2021-06-21,,Basic Plan
CUST02378,Annual,2440.66,Auto Pay,2021-08-26,,Premium Plan
CUST02379,Monthly,729.52,UPI,2025-04-08,2026-07-15,Standard Plan
CUST02380,Monthly,2946.43,Auto Pay,2022-09-26,2026-02-26,Standard Plan
CUST02381,Monthly,2175.4,Auto Pay,2023-09-02,,Premium Plan
CUST02382,Annual,4772.24,Auto Pay,2024-03-13,,Standard Plan
CUST02383,Monthly,3221.43,Net Banking,2022-06-17,,Standard Plan
CUST02384,Monthly,1912.11,Auto Pay,2025-01-08,2026-02-14,Standard Plan
CUST02385,Monthly,544.42,Net Banking,2022-04-29,2026-02-28,Basic Plan
CUST02386,Monthly,4887.29,Net Banking,2021-07-21,,Basic Plan
CUST02387,Annual,462.13,Debit Card,2021-10-30,,Standard Plan
CUST02388,Monthly,2233.74,Net Banking,2022-12-03,,Standard Plan
CUST02389,Annual,3087.56,Credit Card,2023-01-26,,Standard Plan
CUST02390,Annual,4170.35,Auto Pay,2021-12-27,2026-04-12,Standard Plan
CUST02391,Monthly,1663.93,UPI,2021-10-06,,Basic Plan
CUST02392,Monthly,3171.69,Net Banking,2021-08-06,,Premium Plan
CUST02393,Quarterly,1316.26,Debit Card,2023-12-29,,Basic Plan
CUST02394,Monthly,2534.18,Credit Card,2023-01-06,,Basic Plan
CUST02395,Monthly,972.88,Debit Card,2025-07-05,,Basic Plan
CUST02396,Quarterly,3416.41,Auto Pay,2025-07-18,,Premium Plan
CUST02397,Annual,2184.0,Debit Card,2025-07-24,,Standard Plan
CUST02398,Quarterly,3756.83,Net Banking,2023-07-23,2026-05-13,Basic Plan
CUST02399,Monthly,3248.83,Debit Card,2025-10-01,,Premium Plan
CUST02400,Quarterly,4777.52,UPI,2022-07-28,,Standard Plan
CUST02401,Monthly,2363.09,Net Banking,2023-10-08,,Basic Plan
CUST02402,Monthly,523.77,Credit Card,2022-08-19,,Standard Plan
CUST02403,Monthly,3368.72,Credit Card,2022-07-26,,Basic Plan
CUST02404,Annual,3622.54,Net Banking,2021-11-04,,Basic Plan
CUST02405,Quarterly,3278.88,Debit Card,2022-11-01,,Basic Plan
CUST02406,Monthly,1216.0,Debit Card,2021-05-27,,Basic Plan
CUST02407,Monthly,634.75,Net Banking,2025-08-23,,Basic Plan
CUST02408,Monthly,1559.49,UPI,2022-10-04,2026-02-20,Premium Plan
CUST02409,Annual,4808.7,Net Banking,2025-09-19,2026-01-27,Basic Plan
CUST02410,Monthly,4063.39,Credit Card,2024-10-19,2026-03-16,Basic Plan
CUST02411,Monthly,376.43,Auto Pay,2025-08-11,2026-03-31,Standard Plan
CUST02412,Annual,2635.64,Net Banking,2025-02-21,,Standard Plan
CUST02413,Monthly,2710.77,Debit Card,2023-11-23,2026-01-23,Standard Plan
CUST02414,Annual,2217.27,Auto Pay,2021-03-30,,Basic Plan
CUST02415,Monthly,673.98,Credit Card,2023-11-12,2026-06-02,Standard Plan
CUST02416,Monthly,2318.16,Net Banking,2023-02-25,,Premium Plan
CUST02417,Annual,1025.15,Credit Card,2023-12-09,,Standard Plan
CUST02418,Monthly,4381.4,Credit Card,2025-04-22,,Standard Plan
CUST02419,Monthly,744.73,Net Banking,2024-03-04,,Basic Plan
CUST02420,Quarterly,4836.6,UPI,2022-11-16,,Basic Plan
CUST02421,Quarterly,2320.48,Credit Card,2024-06-30,,Standard Plan
CUST02422,Quarterly,3661.12,UPI,2022-04-18,,Standard Plan
CUST02423,Annual,513.9,Debit Card,2021-10-05,,Basic Plan
CUST02424,Annual,1943.9,Auto Pay,2025-07-16,,Standard Plan
CUST02425,Monthly,2911.81,Net Banking,2024-09-22,,Basic Plan
CUST02426,Monthly,652.45,Auto Pay,2024-02-24,,Basic Plan
CUST02427,Monthly,4937.15,UPI,2024-09-17,,Basic Plan
CUST02428,Quarterly,2852.57,Auto Pay,2023-04-16,,Premium Plan
CUST02429,Monthly,4449.7,Net Banking,2021-01-22,2026-06-06,Standard Plan
CUST02430,Monthly,444.12,UPI,2024-10-31,,Basic Plan
CUST02431,Quarterly,4598.89,Net Banking,2025-06-11,,Standard Plan
CUST02432,Monthly,1481.77,UPI,2024-02-06,,Standard Plan
CUST02433,Annual,2650.61,Credit Card,2022-01-22,,Basic Plan
CUST02434,Annual,4041.29,UPI,2021-10-06,,Premium Plan
CUST02435,Annual,2906.42,UPI,2025-04-02,,Premium Plan
CUST02436,Quarterly,3103.31,UPI,2025-09-14,2026-04-11,Standard Plan
CUST02437,Quarterly,2437.3,Credit Card,2024-09-23,,Premium Plan
CUST02438,Quarterly,4542.25,Credit Card,2022-10-06,,Standard Plan
CUST02439,Annual,1369.31,UPI,2025-05-20,,Premium Plan
CUST02440,Monthly,1121.16,Net Banking,2023-02-07,,Basic Plan
CUST02441,Monthly,2761.04,Net Banking,2025-10-29,,Standard Plan
CUST02442,Quarterly,843.93,Debit Card,2022-06-07,,Basic Plan
CUST02443,Monthly,1086.25,Debit Card,2024-06-29,2026-07-06,Basic Plan
CUST02444,Monthly,355.99,Debit Card,2024-04-07,,Basic Plan
CUST02445,Monthly,608.89,UPI,2024-09-07,,Basic Plan
CUST02446,Monthly,1241.86,Net Banking,2024-11-04,2026-05-12,Premium Plan
CUST02447,Monthly,1587.67,Auto Pay,2025-02-08,,Standard Plan
CUST02448,Annual,2897.18,Net Banking,2024-06-17,,Standard Plan
CUST02449,Quarterly,2991.91,Auto Pay,2023-11-09,,Premium Plan
CUST02450,Monthly,674.15,Debit Card,2025-02-08,2026-06-19,Standard Plan
CUST02451,Monthly,2432.1,Debit Card,2025-02-12,2026-07-12,Basic Plan
CUST02452,Monthly,4561.72,Auto Pay,2025-03-19,,Premium Plan
CUST02453,Annual,439.78,Debit Card,2023-04-02,,Basic Plan
CUST02454,Annual,2086.16,Net Banking,2024-05-13,,Standard Plan
CUST02455,Monthly,650.24,Net Banking,2022-05-02,,Premium Plan
CUST02456,Annual,3627.17,Auto Pay,2025-03-16,,Standard Plan
CUST02457,Quarterly,3558.15,UPI,2022-07-30,,Standard Plan
CUST02458,Quarterly,448.27,Credit Card,2021-03-10,2026-03-11,Basic Plan
CUST02459,Annual,4128.37,Auto Pay,2022-05-28,,Basic Plan
CUST02460,Quarterly,2474.17,Debit Card,2021-05-04,,Standard Plan
CUST02461,Quarterly,4662.01,Debit Card,2021-01-13,2026-03-05,Basic Plan
CUST02462,Monthly,1887.57,Net Banking,2024-08-08,,Basic Plan
CUST02463,Monthly,3302.45,Debit Card,2023-03-11,2026-04-11,Standard Plan
CUST02464,Monthly,493.65,UPI,2021-09-18,,Standard Plan
CUST02465,Monthly,1726.96,Auto Pay,2023-04-02,,Standard Plan
CUST02466,Monthly,1018.62,UPI,2024-10-22,,Premium Plan
CUST02467,Monthly,4189.53,Net Banking,2021-07-15,,Basic Plan
CUST02468,Monthly,2620.09,Auto Pay,2025-04-05,,Basic Plan
CUST02469,Quarterly,4766.79,Credit Card,2024-01-28,,Premium Plan
CUST02470,Quarterly,4849.47,Debit Card,2024-12-27,,Standard Plan
CUST02471,Quarterly,1783.21,UPI,2024-06-17,,Standard Plan
CUST02472,Annual,4244.69,Debit Card,2024-09-19,2026-06-07,Standard Plan
CUST02473,Monthly,2226.13,Debit Card,2023-08-05,,Basic Plan
CUST02474,Annual,4497.51,Auto Pay,2023-11-01,,Basic Plan
CUST02475,Annual,3184.36,Debit Card,2022-05-18,,Standard Plan
CUST02476,Monthly,1463.32,Net Banking,2025-06-20,2026-01-04,Basic Plan
CUST02477,Quarterly,2985.79,Auto Pay,2025-04-20,2026-08-14,Standard Plan
CUST02478,Annual,3715.43,Net Banking,2024-11-25,,Standard Plan
CUST02479,Monthly,2419.19,Debit Card,2024-12-13,,Basic Plan
CUST02480,Quarterly,1253.34,UPI,2024-11-05,,Premium Plan
CUST02481,Monthly,4768.71,Debit Card,2021-09-27,2026-03-13,Standard Plan
CUST02482,Monthly,3498.02,UPI,2024-10-29,2026-05-10,Standard Plan
CUST02483,Monthly,2426.79,Debit Card,2021-10-14,,Standard Plan
CUST02484,Annual,2903.14,UPI,2021-04-28,,Basic Plan
CUST02485,Monthly,4661.8,Debit Card,2023-06-26,,Basic Plan
CUST02486,Monthly,1150.97,Credit Card,2024-02-15,,Basic Plan
CUST02487,Monthly,3428.85,Net Banking,2022-01-19,,Premium Plan
CUST02488,Annual,2446.26,Credit Card,2022-06-09,,Premium Plan
CUST02489,Annual,1005.17,UPI,2021-03-24,2026-05-28,Basic Plan
CUST02490,Monthly,3785.54,Auto Pay,2022-07-26,,Basic Plan
CUST02491,Annual,3867.0,Net Banking,2023-10-11,2026-02-02,Standard Plan
CUST02492,Quarterly,3969.79,Credit Card,2021-02-02,,Basic Plan
CUST02493,Annual,4637.11,Auto Pay,2024-09-11,,Standard Plan
CUST02494,Monthly,2843.41,Auto Pay,2022-03-15,,Standard Plan
CUST02495,Annual,2621.82,UPI,2025-05-16,,Basic Plan
CUST02496,Monthly,4337.27,Auto Pay,2025-10-12,2026-04-25,Basic Plan
CUST02497,Monthly,540.29,UPI,2024-01-07,,Basic Plan
CUST02498,Annual,2899.73,Net Banking,2025-06-19,2026-05-02,Standard Plan
CUST02499,Annual,766.18,Auto Pay,2022-09-05,,Basic Plan
CUST02500,Annual,1778.16,UPI,2023-09-09,,Standard Plan
CUST02501,Annual,4535.89,Auto Pay,2024-06-30,,Basic Plan
CUST02502,Annual,910.74,Credit Card,2025-04-07,,Standard Plan
CUST02503,Monthly,2696.79,UPI,2023-11-21,,Standard Plan
CUST02504,Annual,1004.55,Debit Card,2021-02-24,,Standard Plan
CUST02505,Annual,879.61,Auto Pay,2024-05-23,,Standard Plan
CUST02506,Monthly,2348.48,Auto Pay,2024-11-05,,Basic Plan
CUST02507,Monthly,2072.49,Credit Card,2021-08-07,,Basic Plan
CUST02508,Annual,3108.58,Credit Card,2023-01-06,,Standard Plan
CUST02509,Monthly,551.55,Net Banking,2022-09-07,2026-08-23,Basic Plan
CUST02510,Quarterly,2759.37,Credit Card,2025-06-02,2026-07-13,Basic Plan
CUST02511,Annual,4119.42,Auto Pay,2023-04-19,2026-07-13,Standard Plan
CUST02512,Annual,3925.01,Credit Card,2024-11-26,,Standard Plan
CUST02513,Annual,3008.87,Credit Card,2025-11-15,,Basic Plan
CUST02514,Annual,541.5,Net Banking,2022-05-16,,Basic Plan
CUST02515,Monthly,4554.99,Net Banking,2023-12-27,,Basic Plan
CUST02516,Quarterly,1496.12,Net Banking,2021-02-10,2026-08-20,Basic Plan
CUST02517,Quarterly,609.16,Net Banking,2021-06-10,2026-02-16,Basic Plan
CUST02518,Annual,1414.4,Auto Pay,2021-09-18,,Basic Plan
CUST02519,Annual,2421.57,UPI,2021-11-06,,Standard Plan
CUST02520,Quarterly,866.61,Credit Card,2024-02-26,,Basic Plan
CUST02521,Monthly,2206.34,Auto Pay,2025-08-11,,Standard Plan
CUST02522,Monthly,448.49,Debit Card,2022-06-06,,Basic Plan
CUST02523,Monthly,829.31,Debit Card,2025-02-21,,Premium Plan
CUST02524,Monthly,3621.67,Net Banking,2023-08-19,2026-06-15,Standard Plan
CUST02525,Monthly,334.64,Net Banking,2021-12-31,,Basic Plan
CUST02526,Annual,1406.43,Credit Card,2023-05-09,,Standard Plan
CUST02527,Monthly,4226.24,Auto Pay,2022-09-06,,Basic Plan
CUST02528,Monthly,3354.98,UPI,2022-01-16,2026-04-03,Basic Plan
CUST02529,Monthly,1738.48,Debit Card,2025-03-26,,Standard Plan
CUST02530,Monthly,1072.98,Debit Card,2022-12-06,,Basic Plan
CUST02531,Annual,3948.8,Net Banking,2021-07-09,,Standard Plan
CUST02532,Monthly,3699.82,Net Banking,2024-03-11,,Standard Plan
CUST02533,Monthly,4623.78,UPI,2025-04-09,2026-04-15,Standard Plan
CUST02534,Quarterly,1262.31,Debit Card,2021-04-25,,Basic Plan
CUST02535,Quarterly,776.34,UPI,2024-07-18,2026-08-26,Standard Plan
CUST02536,Annual,4715.03,Net Banking,2021-03-09,,Standard Plan
CUST02537,Monthly,2656.02,Credit Card,2022-10-25,,Standard Plan
CUST02538,Monthly,2459.02,Credit Card,2025-06-16,,Standard Plan
CUST02539,Monthly,1043.5,Credit Card,2021-01-12,2026-04-04,Standard Plan
CUST02540,Monthly,573.04,Auto Pay,2022-01-27,,Basic Plan
CUST02541,Monthly,905.59,Credit Card,2024-09-09,,Standard Plan
CUST02542,Annual,1607.64,Credit Card,2023-12-11,,Basic Plan
CUST02543,Quarterly,4173.22,Debit Card,2024-06-20,2026-07-28,Standard Plan
CUST02544,Monthly,3158.2,UPI,2022-07-30,2026-04-12,Premium Plan
CUST02545,Quarterly,2178.41,Credit Card,2022-02-02,,Basic Plan
CUST02546,Quarterly,1284.29,Auto Pay,2023-11-13,2026-03-05,Standard Plan
CUST02547,Monthly,3990.5,Net Banking,2024-07-23,,Basic Plan
CUST02548,Quarterly,4455.68,Auto Pay,2023-08-04,,Standard Plan
CUST02549,Quarterly,3950.76,Auto Pay,2024-11-12,,Standard Plan
CUST02550,Quarterly,3953.66,Debit Card,2021-09-07,2026-06-04,Basic Plan
CUST02551,Annual,3300.74,Debit Card,2023-07-02,,Standard Plan
CUST02552,Monthly,2384.66,Auto Pay,2022-10-18,,Basic Plan
CUST02553,Quarterly,4758.54,Net Banking,2021-08-10,,Premium Plan
CUST02554,Annual,920.17,UPI,2024-10-09,,Premium Plan
CUST02555,Monthly,3481.14,Net Banking,2024-07-30,,Standard Plan
CUST02556,Monthly,2846.54,UPI,2022-10-23,,Standard Plan
CUST02557,Annual,1810.51,Auto Pay,2024-09-13,,Basic Plan
CUST02558,Annual,3721.56,Credit Card,2023-09-24,2026-05-24,Basic Plan
CUST02559,Monthly,1224.54,Auto Pay,2023-10-08,,Standard Plan
CUST02560,Quarterly,2811.1,UPI,2021-03-21,2026-01-26,Basic Plan
CUST02561,Monthly,2331.61,UPI,2022-06-09,,Standard Plan
CUST02562,Monthly,2424.58,Credit Card,2021-05-28,,Basic Plan
CUST02563,Monthly,3618.13,Auto Pay,2023-05-19,2026-08-06,Standard Plan
CUST02564,Quarterly,461.61,UPI,2021-01-07,,Standard Plan
CUST02565,Annual,2867.81,Credit Card,2025-01-06,,Standard Plan
CUST02566,Quarterly,2582.85,UPI,2022-04-15,,Basic Plan
CUST02567,Monthly,424.68,Debit Card,2025-07-02,,Basic Plan
CUST02568,Monthly,4768.66,Auto Pay,2024-04-11,,Basic Plan
CUST02569,Monthly,3858.69,Auto Pay,2023-10-26,,Standard Plan
CUST02570,Monthly,4484.19,Credit Card,2025-04-18,2026-02-04,Basic Plan
CUST02571,Annual,2976.62,Auto Pay,2023-09-13,,Premium Plan
CUST02572,Monthly,3018.67,Auto Pay,2025-05-06,2026-04-09,Basic Plan
CUST02573,Quarterly,4760.01,UPI,2024-02-22,,Basic Plan
CUST02574,Quarterly,1325.94,Debit Card,2022-02-28,,Basic Plan
CUST02575,Monthly,2897.01,UPI,2024-02-23,,Premium Plan
CUST02576,Monthly,1035.95,UPI,2024-04-09,2026-03-29,Basic Plan
CUST02577,Monthly,4317.33,Debit Card,2023-02-20,2026-06-17,Basic Plan
CUST02578,Annual,4077.96,Debit Card,2024-09-08,,Premium Plan
CUST02579,Annual,1839.49,Credit Card,2021-06-15,,Standard Plan
CUST02580,Quarterly,3786.73,Net Banking,2025-05-02,2026-03-13,Standard Plan
CUST02581,Quarterly,4180.26,Auto Pay,2024-03-31,,Basic Plan
CUST02582,Monthly,2195.71,Net Banking,2022-01-13,2026-01-22,Premium Plan
CUST02583,Annual,899.48,Auto Pay,2021-11-13,2026-03-15,Premium Plan
CUST02584,Monthly,781.89,Debit Card,2024-05-07,2026-04-21,Premium Plan
CUST02585,Monthly,3749.39,UPI,2021-02-09,,Basic Plan
CUST02586,Monthly,525.43,Credit Card,2025-09-30,2026-06-14,Standard Plan
CUST02587,Annual,3023.02,UPI,2024-06-28,,Basic Plan
CUST02588,Monthly,3835.86,Credit Card,2021-11-09,,Basic Plan
CUST02589,Monthly,2513.68,Debit Card,2025-11-04,,Basic Plan
CUST02590,Monthly,4472.09,Net Banking,2023-07-16,2026-08-16,Premium Plan
CUST02591,Quarterly,4963.62,UPI,2024-08-21,,Standard Plan
CUST02592,Monthly,3945.37,Debit Card,2025-12-31,,Premium Plan
CUST02593,Quarterly,3643.77,UPI,2023-12-05,,Basic Plan
CUST02594,Monthly,3047.42,UPI,2021-11-22,2026-06-22,Premium Plan
CUST02595,Monthly,3235.79,Net Banking,2024-07-30,2026-04-03,Standard Plan
CUST02596,Quarterly,3773.15,Debit Card,2023-05-31,,Standard Plan
CUST02597,Monthly,2365.44,Credit Card,2023-11-24,,Standard Plan
CUST02598,Monthly,4495.54,Net Banking,2025-08-10,2026-06-08,Standard Plan
CUST02599,Monthly,4806.9,Debit Card,2023-08-18,,Premium Plan
CUST02600,Quarterly,2619.45,Credit Card,2023-11-23,,Standard Plan
CUST02601,Annual,3019.55,Auto Pay,2025-07-24,,Premium Plan
CUST02602,Quarterly,1740.07,Credit Card,2024-11-18,,Premium Plan
CUST02603,Annual,874.51,UPI,2024-02-14,,Standard Plan
CUST02604,Annual,3504.37,Net Banking,2021-01-25,,Standard Plan
CUST02605,Annual,1534.41,Credit Card,2024-09-28,,Basic Plan
CUST02606,Monthly,3919.78,Debit Card,2023-06-12,2026-05-23,Standard Plan
CUST02607,Annual,3082.94,Auto Pay,2021-04-29,,Basic Plan
CUST02608,Monthly,4269.42,Auto Pay,2023-01-16,,Basic Plan
CUST02609,Monthly,2810.52,Credit Card,2025-09-14,2026-07-31,Standard Plan
CUST02610,Annual,4652.39,Auto Pay,2021-12-01,,Standard Plan
CUST02611,Monthly,3577.73,UPI,2024-07-20,,Basic Plan
CUST02612,Monthly,3125.89,Debit Card,2022-02-01,,Premium Plan
CUST02613,Quarterly,436.78,Debit Card,2025-07-30,,Basic Plan
CUST02614,Quarterly,3045.81,Credit Card,2025-05-21,,Standard Plan
CUST02615,Annual,3428.96,Credit Card,2021-08-30,,Basic Plan
CUST02616,Annual,2769.35,Net Banking,2022-04-17,,Standard Plan
CUST02617,Monthly,3372.74,Credit Card,2025-01-28,2026-01-13,Standard Plan
CUST02618,Annual,1922.64,Auto Pay,2023-03-17,2026-08-18,Standard Plan
CUST02619,Monthly,4103.26,Auto Pay,2023-07-04,2026-01-16,Standard Plan
CUST02620,Quarterly,343.65,Auto Pay,2022-11-22,,Basic Plan
CUST02621,Monthly,2180.69,Credit Card,2023-07-26,2026-07-20,Standard Plan
CUST02622,Monthly,965.06,Debit Card,2023-11-21,,Premium Plan
CUST02623,Monthly,2695.07,UPI,2022-09-09,2026-07-31,Standard Plan
CUST02624,Annual,2810.94,Auto Pay,2022-01-29,2026-03-21,Basic Plan
CUST02625,Monthly,2316.93,UPI,2024-11-02,2026-03-31,Premium Plan
CUST02626,Annual,3431.46,UPI,2024-01-09,,Basic Plan
CUST02627,Quarterly,2668.33,Net Banking,2025-11-19,,Basic Plan
CUST02628,Monthly,4681.07,UPI,2021-03-15,2026-05-03,Basic Plan
CUST02629,Monthly,2614.89,Net Banking,2024-11-04,2026-02-08,Standard Plan
CUST02630,Monthly,2821.3,UPI,2021-06-30,,Basic Plan
CUST02631,Monthly,3142.27,Debit Card,2023-10-03,,Premium Plan
CUST02632,Annual,4957.22,Net Banking,2025-01-09,2026-01-08,Premium Plan
CUST02633,Annual,4773.13,Net Banking,2022-06-22,,Basic Plan
CUST02634,Monthly,4661.07,UPI,2023-04-06,2026-07-22,Standard Plan
CUST02635,Monthly,4614.42,Debit Card,2024-06-06,2026-06-30,Standard Plan
CUST02636,Annual,338.35,Net Banking,2025-11-17,,Basic Plan
CUST02637,Monthly,1652.94,Net Banking,2023-10-23,2026-08-30,Standard Plan
CUST02638,Annual,681.19,UPI,2025-02-20,2026-08-22,Basic Plan
CUST02639,Quarterly,1300.88,UPI,2025-01-15,,Basic Plan
CUST02640,Monthly,3097.31,Debit Card,2021-08-25,,Basic Plan
CUST02641,Monthly,1088.78,Auto Pay,2023-05-16,2026-05-20,Basic Plan
CUST02642,Monthly,2435.42,Debit Card,2024-10-30,,Basic Plan
CUST02643,Quarterly,1407.13,Auto Pay,2023-04-09,,Standard Plan
CUST02644,Quarterly,3951.54,Credit Card,2021-11-08,,Basic Plan
CUST02645,Quarterly,4147.42,Net Banking,2021-10-22,,Standard Plan
CUST02646,Monthly,4537.8,Auto Pay,2021-08-21,,Premium Plan
CUST02647,Monthly,865.41,UPI,2023-05-01,,Basic Plan
CUST02648,Monthly,1692.07,Auto Pay,2021-03-30,,Standard Plan
CUST02649,Annual,4708.18,UPI,2022-01-30,,Standard Plan
CUST02650,Quarterly,4499.54,Net Banking,2024-08-10,,Standard Plan
CUST02651,Monthly,4821.31,Credit Card,2023-11-23,,Basic Plan
CUST02652,Annual,1556.42,Net Banking,2025-04-12,,Basic Plan
CUST02653,Monthly,2288.18,UPI,2022-05-01,2026-02-15,Basic Plan
CUST02654,Quarterly,4472.56,UPI,2024-03-06,,Premium Plan
CUST02655,Quarterly,4059.46,Net Banking,2025-06-14,,Standard Plan
CUST02656,Monthly,4883.59,Net Banking,2024-04-12,,Standard Plan
CUST02657,Monthly,2203.76,Credit Card,2024-12-29,,Standard Plan
CUST02658,Monthly,3082.78,Credit Card,2024-08-19,,Standard Plan
CUST02659,Monthly,2971.0,Auto Pay,2024-06-16,2026-05-27,Basic Plan
CUST02660,Monthly,2315.98,Auto Pay,2022-05-17,,Basic Plan
CUST02661,Monthly,1026.8,Net Banking,2025-01-24,2026-03-29,Standard Plan
CUST02662,Monthly,1909.25,Debit Card,2022-04-02,,Basic Plan
CUST02663,Quarterly,2271.24,Auto Pay,2025-02-26,,Premium Plan
CUST02664,Annual,3730.31,UPI,2025-10-29,,Standard Plan
CUST02665,Quarterly,3442.22,UPI,2022-01-12,,Standard Plan
CUST02666,Monthly,2082.78,Credit Card,2022-12-09,,Standard Plan
CUST02667,Quarterly,2740.59,Net Banking,2022-02-02,,Basic Plan
CUST02668,Monthly,735.15,Auto Pay,2025-07-29,,Standard Plan
CUST02669,Monthly,3938.96,Auto Pay,2022-05-19,,Basic Plan
CUST02670,Monthly,2540.85,Credit Card,2022-12-09,,Standard Plan
CUST02671,Annual,4062.63,Net Banking,2022-12-02,,Standard Plan
CUST02672,Monthly,2934.47,Debit Card,2022-04-19,2026-04-19,Basic Plan
CUST02673,Monthly,450.1,Net Banking,2021-10-17,,Basic Plan
CUST02674,Monthly,1901.13,Net Banking,2024-06-19,,Basic Plan
CUST02675,Monthly,1216.61,Credit Card,2025-08-21,,Basic Plan
CUST02676,Quarterly,2063.31,Credit Card,2025-06-02,,Premium Plan
CUST02677,Monthly,3619.28,Auto Pay,2023-03-02,,Standard Plan
CUST02678,Quarterly,4183.15,UPI,2022-01-08,,Standard Plan
CUST02679,Quarterly,4320.08,Net Banking,2022-10-06,,Standard Plan
CUST02680,Monthly,2359.6,Net Banking,2022-04-08,,Standard Plan
CUST02681,Monthly,2547.48,Debit Card,2021-04-04,,Standard Plan
CUST02682,Annual,4798.66,Credit Card,2024-11-28,,Premium Plan
CUST02683,Monthly,3229.4,Debit Card,2023-11-23,,Premium Plan
CUST02684,Monthly,4492.05,Debit Card,2021-03-05,,Basic Plan
CUST02685,Monthly,1525.66,Net Banking,2023-09-24,2026-05-07,Basic Plan
CUST02686,Monthly,3901.31,Credit Card,2023-08-05,,Premium Plan
CUST02687,Annual,1496.26,Debit Card,2023-07-15,,Basic Plan
CUST02688,Monthly,2791.49,Debit Card,2024-06-14,2026-06-21,Basic Plan
CUST02689,Quarterly,987.66,UPI,2022-04-09,,Standard Plan
CUST02690,Annual,2916.97,Debit Card,2024-04-19,,Standard Plan
CUST02691,Quarterly,4100.06,Debit Card,2021-03-01,,Premium Plan
CUST02692,Monthly,2876.74,Auto Pay,2025-12-15,2026-01-21,Basic Plan
CUST02693,Quarterly,2777.11,Debit Card,2021-04-26,,Basic Plan
CUST02694,Monthly,2448.43,Credit Card,2023-09-26,2026-04-01,Basic Plan
CUST02695,Quarterly,4537.1,Auto Pay,2022-03-12,,Premium Plan
CUST02696,Quarterly,778.91,Credit Card,2022-01-26,,Basic Plan
CUST02697,Quarterly,4728.86,Credit Card,2022-06-19,,Basic Plan
CUST02698,Quarterly,3259.23,Credit Card,2022-08-20,,Basic Plan
CUST02699,Annual,3407.76,Net Banking,2024-04-11,,Basic Plan
CUST02700,Annual,2500.69,Credit Card,2025-03-04,,Standard Plan
CUST02701,Monthly,3185.92,Auto Pay,2024-03-29,,Basic Plan
CUST02702,Monthly,3149.07,Auto Pay,2024-04-15,,Premium Plan
CUST02703,Annual,309.11,Net Banking,2022-06-24,,Premium Plan
CUST02704,Annual,2684.48,UPI,2023-07-25,,Standard Plan
CUST02705,Monthly,377.82,UPI,2022-02-06,,Standard Plan
CUST02706,Quarterly,3087.05,Auto Pay,2023-09-16,,Basic Plan
CUST02707,Quarterly,2113.1,Net Banking,2025-03-01,,Premium Plan
CUST02708,Monthly,3086.3,Net Banking,2024-11-14,,Standard Plan
CUST02709,Quarterly,2362.2,UPI,2025-11-06,,Basic Plan
CUST02710,Annual,1217.51,UPI,2024-12-31,,Basic Plan
CUST02711,Monthly,3942.63,Net Banking,2024-07-05,2026-08-30,Standard Plan
CUST02712,Annual,2585.49,Auto Pay,2024-06-16,2026-08-14,Standard Plan
CUST02713,Annual,4277.26,UPI,2024-04-01,,Premium Plan
CUST02714,Monthly,3929.88,Net Banking,2022-05-14,2026-01-28,Standard Plan
CUST02715,Monthly,2686.37,Credit Card,2024-09-04,,Premium Plan
CUST02716,Monthly,1608.36,Auto Pay,2022-07-24,,Basic Plan
CUST02717,Monthly,2371.1,Debit Card,2023-09-29,2026-07-17,Basic Plan
CUST02718,Monthly,693.32,Auto Pay,2021-06-04,2026-04-23,Basic Plan
CUST02719,Annual,2621.12,Debit Card,2024-04-17,2026-03-15,Basic Plan
CUST02720,Monthly,3568.12,Auto Pay,2022-06-24,,Basic Plan
CUST02721,Monthly,1692.91,UPI,2024-11-05,,Basic Plan
CUST02722,Monthly,3818.63,Debit Card,2025-08-24,,Basic Plan
CUST02723,Monthly,4037.88,Net Banking,2022-04-30,,Basic Plan
CUST02724,Monthly,2823.14,Credit Card,2024-01-02,2026-05-24,Premium Plan
CUST02725,Monthly,1448.53,UPI,2023-12-26,,Basic Plan
CUST02726,Monthly,3033.93,Net Banking,2022-04-21,,Premium Plan
CUST02727,Annual,2304.14,Auto Pay,2022-07-31,2026-03-15,Standard Plan
CUST02728,Monthly,1710.47,Credit Card,2021-08-09,,Basic Plan
CUST02729,Annual,2158.03,Credit Card,2022-11-09,,Standard Plan
CUST02730,Annual,1106.03,UPI,2022-04-01,,Basic Plan
CUST02731,Annual,1685.58,Auto Pay,2022-11-22,,Premium Plan
CUST02732,Monthly,2015.43,Auto Pay,2025-03-31,,Standard Plan
CUST02733,Annual,807.04,Auto Pay,2021-02-14,,Premium Plan
CUST02734,Monthly,4952.75,UPI,2022-03-04,,Premium Plan
CUST02735,Annual,4615.66,Net Banking,2024-04-23,,Basic Plan
CUST02736,Annual,1153.22,Debit Card,2021-09-13,2026-02-12,Premium Plan
CUST02737,Quarterly,4934.48,UPI,2025-11-21,,Basic Plan
CUST02738,Monthly,2852.05,UPI,2023-05-02,,Standard Plan
CUST02739,Annual,1981.31,Credit Card,2024-06-16,,Basic Plan
CUST02740,Monthly,3963.76,Credit Card,2024-12-03,,Premium Plan
CUST02741,Quarterly,2167.6,Net Banking,2021-01-18,2026-03-02,Basic Plan
CUST02742,Annual,2857.73,Credit Card,2022-01-24,,Basic Plan
CUST02743,Monthly,1853.2,Debit Card,2021-02-18,2026-06-30,Basic Plan
CUST02744,Annual,3236.3,Net Banking,2022-04-21,,Standard Plan
CUST02745,Annual,4619.23,Net Banking,2025-03-20,,Standard Plan
CUST02746,Annual,4288.86,Auto Pay,2025-07-28,,Premium Plan
CUST02747,Monthly,383.16,UPI,2023-06-09,,Basic Plan
CUST02748,Quarterly,1093.06,Credit Card,2025-09-29,,Basic Plan
CUST02749,Monthly,1804.67,Net Banking,2025-09-18,2026-03-03,Basic Plan
CUST02750,Monthly,869.21,Credit Card,2022-09-30,,Premium Plan
CUST02751,Monthly,311.28,Net Banking,2024-03-06,2026-06-09,Basic Plan
CUST02752,Monthly,1466.98,Credit Card,2024-10-30,,Basic Plan
CUST02753,Monthly,4394.02,Auto Pay,2025-03-09,,Premium Plan
CUST02754,Monthly,4467.83,Net Banking,2024-09-13,,Basic Plan
CUST02755,Monthly,4791.26,Net Banking,2021-06-17,2026-03-29,Basic Plan
CUST02756,Quarterly,3514.26,Credit Card,2022-09-14,,Standard Plan
CUST02757,Monthly,2341.51,Auto Pay,2025-08-23,2026-01-20,Standard Plan
CUST02758,Monthly,1306.47,Debit Card,2024-08-17,,Premium Plan
CUST02759,Monthly,3086.81,Net Banking,2025-06-08,,Standard Plan
CUST02760,Quarterly,3969.22,Debit Card,2023-11-12,2026-03-17,Standard Plan
CUST02761,Monthly,2345.45,Debit Card,2021-05-18,2026-06-10,Basic Plan
CUST02762,Monthly,2487.58,Auto Pay,2022-03-29,,Standard Plan
CUST02763,Monthly,1432.56,Auto Pay,2021-07-14,,Basic Plan
CUST02764,Monthly,3772.31,Debit Card,2024-09-03,,Standard Plan
CUST02765,Monthly,1090.48,UPI,2022-11-26,2026-02-16,Standard Plan
CUST02766,Quarterly,4369.02,UPI,2024-02-22,,Standard Plan
CUST02767,Monthly,3733.71,Debit Card,2023-01-22,2026-05-31,Standard Plan
CUST02768,Quarterly,3996.13,Credit Card,2023-07-13,2026-07-10,Standard Plan
CUST02769,Monthly,2037.11,Debit Card,2022-12-28,2026-01-31,Basic Plan
CUST02770,Quarterly,2871.65,Net Banking,2021-02-22,,Premium Plan
CUST02771,Annual,3228.6,Auto Pay,2025-09-14,2026-07-08,Standard Plan
CUST02772,Quarterly,4593.05,Debit Card,2023-08-18,,Premium Plan
CUST02773,Annual,4312.33,Net Banking,2025-06-21,2026-06-11,Premium Plan
CUST02774,Monthly,2025.69,Credit Card,2024-05-12,,Standard Plan
CUST02775,Monthly,3346.54,Credit Card,2025-09-12,2026-03-07,Basic Plan
CUST02776,Annual,1712.45,Net Banking,2021-12-26,,Premium Plan
CUST02777,Monthly,4970.38,Credit Card,2024-12-25,,Basic Plan
CUST02778,Annual,2560.92,Auto Pay,2024-02-24,,Standard Plan
CUST02779,Annual,3809.89,Debit Card,2021-10-06,,Basic Plan
CUST02780,Annual,1487.91,UPI,2023-12-21,,Standard Plan
CUST02781,Monthly,2280.12,Debit Card,2023-07-05,,Basic Plan
CUST02782,Annual,3661.78,Auto Pay,2022-11-07,,Basic Plan
CUST02783,Quarterly,4399.29,Credit Card,2023-12-16,2026-01-26,Standard Plan
CUST02784,Annual,3885.56,Net Banking,2023-01-08,,Premium Plan
CUST02785,Quarterly,1120.5,Net Banking,2021-09-18,2026-01-14,Premium Plan
CUST02786,Annual,543.81,UPI,2023-08-18,,Standard Plan
CUST02787,Monthly,2912.08,Net Banking,2024-01-11,,Basic Plan
CUST02788,Monthly,1723.54,Credit Card,2021-04-17,2026-08-20,Basic Plan
CUST02789,Annual,4481.33,Credit Card,2021-07-15,,Basic Plan
CUST02790,Monthly,4412.7,Debit Card,2024-07-09,,Premium Plan
CUST02791,Annual,2677.94,Debit Card,2024-12-30,,Standard Plan
CUST02792,Monthly,2979.8,UPI,2025-03-26,2026-05-24,Standard Plan
CUST02793,Monthly,1396.49,Credit Card,2023-07-31,2026-01-28,Standard Plan
CUST02794,Quarterly,1846.6,UPI,2025-03-18,,Basic Plan
CUST02795,Monthly,813.21,Auto Pay,2023-01-13,2026-01-08,Standard Plan
CUST02796,Annual,2674.38,UPI,2022-01-09,,Basic Plan
CUST02797,Annual,4641.5,Net Banking,2025-05-19,,Standard Plan
CUST02798,Monthly,1400.08,UPI,2021-03-25,,Standard Plan
CUST02799,Monthly,1052.6,Debit Card,2024-12-06,,Basic Plan
CUST02800,Monthly,1509.82,UPI,2025-05-13,2026-01-07,Basic Plan
CUST02801,Annual,1501.47,Net Banking,2024-01-19,,Basic Plan
CUST02802,Monthly,1007.45,UPI,2024-10-09,2026-02-18,Basic Plan
CUST02803,Quarterly,1662.96,Debit Card,2021-05-10,,Standard Plan
CUST02804,Annual,1769.66,Credit Card,2023-11-23,,Basic Plan
CUST02805,Monthly,4221.26,Net Banking,2023-06-13,,Basic Plan
CUST02806,Monthly,4564.09,Credit Card,2022-05-16,,Premium Plan
CUST02807,Annual,989.42,UPI,2022-03-30,,Standard Plan
CUST02808,Annual,1273.04,Auto Pay,2024-10-21,,Basic Plan
CUST02809,Annual,1339.85,UPI,2025-07-16,,Basic Plan
CUST02810,Quarterly,2518.75,Debit Card,2023-09-14,,Basic Plan
CUST02811,Annual,4996.96,Debit Card,2024-03-26,,Basic Plan
CUST02812,Monthly,782.53,Credit Card,2022-09-08,2026-04-14,Standard Plan
CUST02813,Monthly,3956.03,Debit Card,2024-05-14,2026-07-02,Basic Plan
CUST02814,Monthly,2671.63,Credit Card,2024-03-12,,Basic Plan
CUST02815,Monthly,3986.74,Credit Card,2023-07-04,2026-07-16,Standard Plan
CUST02816,Monthly,538.02,UPI,2024-02-25,2026-06-03,Standard Plan
CUST02817,Monthly,403.64,Credit Card,2023-06-30,2026-05-14,Standard Plan
CUST02818,Monthly,1567.32,Debit Card,2022-08-01,,Basic Plan
CUST02819,Quarterly,1192.27,Net Banking,2024-02-28,,Basic Plan
CUST02820,Monthly,4686.83,UPI,2025-01-21,2026-03-06,Basic Plan
CUST02821,Monthly,1720.46,UPI,2021-10-02,,Standard Plan
CUST02822,Monthly,4010.06,UPI,2022-03-10,2026-05-11,Standard Plan
CUST02823,Annual,3818.89,Credit Card,2022-02-21,2026-03-09,Basic Plan
CUST02824,Annual,1057.58,Credit Card,2024-05-17,,Basic Plan
CUST02825,Monthly,3082.73,Credit Card,2022-02-16,,Standard Plan
CUST02826,Quarterly,3023.45,Credit Card,2022-09-21,2026-03-03,Basic Plan
CUST02827,Monthly,1112.79,Net Banking,2024-03-12,,Basic Plan
CUST02828,Quarterly,2979.03,Net Banking,2023-03-15,2026-02-21,Basic Plan
CUST02829,Annual,2057.63,Auto Pay,2025-09-24,,Standard Plan
CUST02830,Monthly,3315.54,Net Banking,2021-12-06,2026-01-04,Basic Plan
CUST02831,Monthly,4238.3,Credit Card,2024-10-29,,Basic Plan
CUST02832,Monthly,4016.68,Debit Card,2025-02-10,2026-07-08,Standard Plan
CUST02833,Quarterly,2444.42,Auto Pay,2022-11-14,,Standard Plan
CUST02834,Quarterly,916.18,Net Banking,2023-07-22,,Standard Plan
CUST02835,Quarterly,664.16,UPI,2022-09-02,2026-05-08,Basic Plan
CUST02836,Quarterly,2500.66,Auto Pay,2025-01-12,,Standard Plan
CUST02837,Monthly,2893.33,Debit Card,2025-04-17,,Standard Plan
CUST02838,Annual,2643.3,Credit Card,2022-01-31,,Basic Plan
CUST02839,Annual,3707.13,Auto Pay,2021-08-05,,Basic Plan
CUST02840,Monthly,366.56,Credit Card,2024-10-11,,Standard Plan
CUST02841,Monthly,474.78,UPI,2023-09-15,,Basic Plan
CUST02842,Monthly,4250.38,Auto Pay,2023-12-05,,Standard Plan
CUST02843,Annual,4145.43,Debit Card,2021-11-11,,Basic Plan
CUST02844,Monthly,3722.36,Credit Card,2023-11-09,,Standard Plan
CUST02845,Annual,3595.13,Debit Card,2022-05-11,,Basic Plan
CUST02846,Annual,2562.14,UPI,2025-11-05,,Basic Plan
CUST02847,Quarterly,4102.41,Auto Pay,2024-12-28,,Basic Plan
CUST02848,Quarterly,4509.52,Auto Pay,2022-06-13,,Standard Plan
CUST02849,Annual,4771.24,Auto Pay,2025-11-03,2026-08-08,Standard Plan
CUST02850,Annual,1398.71,UPI,2024-12-12,,Basic Plan
CUST02851,Annual,1485.68,Debit Card,2022-08-18,2026-04-09,Standard Plan
CUST02852,Monthly,1971.35,Auto Pay,2022-12-08,,Basic Plan
CUST02853,Monthly,2421.74,Debit Card,2021-01-19,,Basic Plan
CUST02854,Monthly,613.79,Credit Card,2023-02-09,,Basic Plan
CUST02855,Monthly,1190.36,UPI,2023-12-30,,Standard Plan
CUST02856,Annual,1444.59,Net Banking,2025-04-05,2026-03-25,Basic Plan
CUST02857,Monthly,1951.26,UPI,2022-04-26,,Standard Plan
CUST02858,Monthly,1085.48,UPI,2024-03-29,,Basic Plan
CUST02859,Monthly,4337.7,Net Banking,2023-08-19,,Basic Plan
CUST02860,Monthly,2545.92,Credit Card,2022-09-23,2026-01-08,Basic Plan
CUST02861,Monthly,4997.58,Net Banking,2023-03-04,2026-04-14,Basic Plan
CUST02862,Monthly,1273.1,Net Banking,2022-03-07,2026-03-11,Standard Plan
CUST02863,Annual,3825.23,Net Banking,2025-03-18,,Standard Plan
CUST02864,Monthly,2223.86,Credit Card,2025-05-20,2026-07-30,Premium Plan
CUST02865,Monthly,2067.5,Net Banking,2025-12-29,2026-05-09,Standard Plan
CUST02866,Monthly,651.23,Debit Card,2022-02-12,2026-01-11,Premium Plan
CUST02867,Monthly,4418.59,Auto Pay,2025-07-10,,Standard Plan
CUST02868,Monthly,2877.22,UPI,2021-07-21,,Standard Plan
CUST02869,Annual,4930.02,Debit Card,2021-08-08,,Standard Plan
CUST02870,Quarterly,3054.53,Auto Pay,2025-03-25,2026-04-05,Standard Plan
CUST02871,Monthly,4873.29,Credit Card,2023-04-23,2026-05-18,Standard Plan
CUST02872,Monthly,672.93,Debit Card,2025-08-08,2026-04-01,Standard Plan
CUST02873,Monthly,3321.29,Debit Card,2024-05-03,,Basic Plan
CUST02874,Monthly,4264.74,Auto Pay,2021-09-21,,Standard Plan
CUST02875,Monthly,778.29,UPI,2023-06-28,2026-05-25,Standard Plan
CUST02876,Quarterly,1770.98,UPI,2022-06-23,,Basic Plan
CUST02877,Monthly,4355.43,Auto Pay,2024-09-29,,Standard Plan
CUST02878,Quarterly,2854.47,Net Banking,2025-08-11,,Basic Plan
CUST02879,Annual,1159.47,Credit Card,2021-05-28,,Premium Plan
CUST02880,Monthly,317.8,Net Banking,2023-07-18,,Basic Plan
CUST02881,Annual,4642.71,Credit Card,2025-04-25,,Standard Plan
CUST02882,Annual,2965.85,UPI,2021-03-17,,Basic Plan
CUST02883,Annual,4565.08,UPI,2022-07-02,,Basic Plan
CUST02884,Quarterly,1550.7,Auto Pay,2021-02-03,2026-03-08,Standard Plan
CUST02885,Annual,3876.18,Net Banking,2022-11-13,2026-05-12,Basic Plan
CUST02886,Monthly,4441.89,Net Banking,2024-07-12,,Premium Plan
CUST02887,Monthly,4384.98,Debit Card,2022-03-01,2026-03-13,Standard Plan
CUST02888,Monthly,1680.98,Auto Pay,2024-05-05,,Standard Plan
CUST02889,Monthly,4030.72,Auto Pay,2025-05-09,,Standard Plan
CUST02890,Annual,2770.98,Credit Card,2021-09-24,,Standard Plan
CUST02891,Monthly,904.56,UPI,2022-04-19,,Basic Plan
CUST02892,Annual,4898.32,Auto Pay,2024-10-09,,Premium Plan
CUST02893,Monthly,3522.32,Auto Pay,2023-08-14,,Basic Plan
CUST02894,Monthly,4296.61,UPI,2022-05-11,2026-01-21,Basic Plan
CUST02895,Quarterly,4087.42,Credit Card,2025-05-07,,Basic Plan
CUST02896,Monthly,3844.64,Debit Card,2025-07-02,,Standard Plan
CUST02897,Annual,1557.63,UPI,2022-11-26,,Basic Plan
CUST02898,Monthly,4790.63,UPI,2022-05-10,,Basic Plan
CUST02899,Quarterly,3277.58,UPI,2023-06-06,,Basic Plan
CUST02900,Quarterly,3387.87,Debit Card,2023-01-14,,Basic Plan
CUST02901,Monthly,2451.82,Auto Pay,2025-02-03,,Standard Plan
CUST02902,Monthly,2976.52,Credit Card,2024-06-30,2026-02-28,Basic Plan
CUST02903,Quarterly,2742.64,UPI,2024-07-03,,Standard Plan
CUST02904,Annual,2468.36,Net Banking,2023-03-12,,Basic Plan
CUST02905,Annual,1453.08,UPI,2021-10-14,,Basic Plan
CUST02906,Quarterly,3495.98,Debit Card,2023-04-29,,Standard Plan
CUST02907,Monthly,4802.12,Net Banking,2025-02-04,2026-04-29,Basic Plan
CUST02908,Annual,3877.89,UPI,2023-06-19,,Basic Plan
CUST02909,Quarterly,3935.03,Net Banking,2025-11-19,,Standard Plan
CUST02910,Monthly,4192.56,Credit Card,2025-07-17,,Standard Plan
CUST02911,Quarterly,4721.01,Credit Card,2023-05-12,,Standard Plan
CUST02912,Monthly,2110.83,Credit Card,2024-01-27,,Premium Plan
CUST02913,Monthly,2563.23,Credit Card,2022-10-25,,Standard Plan
CUST02914,Monthly,535.62,Auto Pay,2023-01-12,,Premium Plan
CUST02915,Monthly,4471.97,Net Banking,2023-03-12,2026-03-07,Standard Plan
CUST02916,Annual,3427.15,Credit Card,2024-06-12,,Standard Plan
CUST02917,Monthly,3629.14,UPI,2021-10-05,2026-06-15,Standard Plan
CUST02918,Quarterly,4475.14,Debit Card,2024-05-28,2026-07-13,Standard Plan
CUST02919,Annual,4164.02,Auto Pay,2025-11-13,,Standard Plan
CUST02920,Annual,589.46,Net Banking,2021-03-30,2026-07-01,Standard Plan
CUST02921,Annual,4724.28,UPI,2021-08-19,,Basic Plan
CUST02922,Annual,454.0,UPI,2021-06-14,,Basic Plan
CUST02923,Quarterly,1570.5,Debit Card,2025-09-08,,Basic Plan
CUST02924,Monthly,943.92,Net Banking,2023-06-24,,Standard Plan
CUST02925,Monthly,3017.74,Debit Card,2025-09-15,,Basic Plan
CUST02926,Annual,1434.91,UPI,2022-04-07,,Basic Plan
CUST02927,Monthly,1549.72,UPI,2021-07-16,2026-06-02,Basic Plan
CUST02928,Monthly,3799.71,Net Banking,2022-12-23,,Standard Plan
CUST02929,Annual,2607.63,Debit Card,2023-03-04,,Premium Plan
CUST02930,Monthly,4665.58,Auto Pay,2023-06-28,,Premium Plan
CUST02931,Monthly,692.87,Debit Card,2024-01-06,2026-07-13,Basic Plan
CUST02932,Annual,3744.87,UPI,2021-07-26,,Standard Plan
CUST02933,Annual,1922.43,Auto Pay,2021-12-14,,Premium Plan
CUST02934,Quarterly,2819.55,UPI,2025-11-18,,Basic Plan
CUST02935,Annual,2874.47,Credit Card,2023-02-16,,Standard Plan
CUST02936,Monthly,3575.65,Net Banking,2024-03-28,2026-02-06,Basic Plan
CUST02937,Monthly,1490.86,Debit Card,2025-05-24,2026-06-28,Basic Plan
CUST02938,Monthly,3886.51,Debit Card,2025-12-06,2026-05-27,Basic Plan
CUST02939,Monthly,428.45,Credit Card,2025-09-16,2026-04-24,Standard Plan
CUST02940,Monthly,4529.21,Credit Card,2022-05-23,2026-04-09,Standard Plan
CUST02941,Annual,3754.2,Credit Card,2022-04-15,,Basic Plan
CUST02942,Annual,1110.93,Credit Card,2022-03-28,,Standard Plan
CUST02943,Monthly,2724.19,Debit Card,2022-01-12,2026-04-22,Standard Plan
CUST02944,Annual,1370.58,Credit Card,2023-09-22,,Standard Plan
CUST02945,Monthly,1522.78,Net Banking,2023-05-12,,Basic Plan
CUST02946,Annual,892.57,Debit Card,2021-01-06,,Standard Plan
CUST02947,Annual,3708.99,Debit Card,2024-05-25,,Basic Plan
CUST02948,Monthly,804.64,UPI,2022-11-12,,Standard Plan
CUST02949,Monthly,4591.52,Net Banking,2025-02-16,,Basic Plan
CUST02950,Monthly,4188.19,Auto Pay,2025-07-31,2026-03-21,Standard Plan
CUST02951,Monthly,3915.47,Net Banking,2023-01-03,,Premium Plan
CUST02952,Monthly,3414.07,Debit Card,2022-08-24,,Basic Plan
CUST02953,Monthly,2152.5,Debit Card,2023-09-19,,Standard Plan
CUST02954,Monthly,1585.01,UPI,2021-05-15,,Premium Plan
CUST02955,Quarterly,4016.46,Credit Card,2024-02-17,,Basic Plan
CUST02956,Monthly,2320.47,Net Banking,2023-07-31,,Standard Plan
CUST02957,Monthly,4289.61,Auto Pay,2024-11-15,,Standard Plan
CUST02958,Monthly,1120.03,Debit Card,2022-10-27,,Standard Plan
CUST02959,Monthly,1089.08,UPI,2021-03-11,2026-07-25,Standard Plan
CUST02960,Monthly,1231.09,Net Banking,2022-04-30,2026-01-20,Basic Plan
CUST02961,Monthly,2888.42,Net Banking,2022-05-18,2026-04-15,Standard Plan
CUST02962,Monthly,3594.61,Auto Pay,2021-10-01,2026-02-05,Basic Plan
CUST02963,Annual,1812.65,Net Banking,2024-11-01,,Premium Plan
CUST02964,Monthly,1040.0,Net Banking,2024-09-24,2026-08-14,Standard Plan
CUST02965,Monthly,989.77,UPI,2024-07-01,,Basic Plan
CUST02966,Monthly,2835.5,Debit Card,2024-02-09,,Standard Plan
CUST02967,Annual,4894.29,Net Banking,2025-09-28,2026-03-29,Basic Plan
CUST02968,Monthly,2039.13,Credit Card,2021-05-12,2026-04-19,Basic Plan
CUST02969,Quarterly,3325.93,Auto Pay,2022-12-25,,Basic Plan
CUST02970,Monthly,1453.74,Auto Pay,2022-04-15,,Basic Plan
CUST02971,Monthly,1401.0,Debit Card,2025-05-08,,Basic Plan
CUST02972,Monthly,4070.24,Credit Card,2021-12-21,,Basic Plan
CUST02973,Monthly,1924.28,UPI,2023-10-31,,Basic Plan
CUST02974,Quarterly,3279.19,Net Banking,2022-10-13,,Standard Plan
CUST02975,Monthly,2932.97,Net Banking,2025-09-19,2026-04-04,Standard Plan
CUST02976,Quarterly,2064.7,Debit Card,2022-03-03,,Standard Plan
CUST02977,Annual,1452.29,Debit Card,2022-03-12,,Basic Plan
CUST02978,Monthly,309.72,UPI,2025-02-19,,Basic Plan
CUST02979,Monthly,2533.2,Debit Card,2023-04-30,,Basic Plan
CUST02980,Monthly,3246.06,Net Banking,2021-11-25,,Basic Plan
CUST02981,Annual,2540.5,Net Banking,2024-12-26,,Standard Plan
CUST02982,Monthly,2563.77,Auto Pay,2025-11-05,2026-01-22,Basic Plan
CUST02983,Annual,3787.15,Net Banking,2023-07-07,,Standard Plan
CUST02984,Monthly,3836.72,Auto Pay,2022-03-09,,Basic Plan
CUST02985,Annual,2581.33,Debit Card,2021-03-18,2026-07-16,Basic Plan
CUST02986,Quarterly,3101.92,Auto Pay,2024-05-12,2026-07-06,Standard Plan
CUST02987,Annual,2912.83,Auto Pay,2022-03-02,,Basic Plan
CUST02988,Quarterly,3388.04,Credit Card,2021-05-15,,Basic Plan
CUST02989,Monthly,536.7,UPI,2024-02-19,,Standard Plan
CUST02990,Monthly,1272.18,Credit Card,2025-07-11,,Standard Plan
CUST02991,Monthly,4298.21,Debit Card,2021-10-17,2026-05-11,Basic Plan
CUST02992,Monthly,3474.97,Net Banking,2023-11-10,,Basic Plan
CUST02993,Annual,1210.66,Auto Pay,2024-08-22,,Basic Plan
CUST02994,Monthly,2000.78,UPI,2023-11-16,,Basic Plan
CUST02995,Monthly,2688.66,Auto Pay,2023-08-08,,Basic Plan
CUST02996,Annual,1328.78,Debit Card,2022-01-17,2026-02-10,Standard Plan
CUST02997,Annual,449.49,Credit Card,2021-07-08,2026-02-11,Premium Plan
CUST02998,Monthly,989.96,Credit Card,2022-10-21,2026-05-18,Basic Plan
CUST02999,Annual,3772.82,Credit Card,2025-08-28,2026-04-28,Basic Plan
CUST03000,Monthly,1853.8,Auto Pay,2024-05-25,2026-03-06,Basic Plan
CUST03001,Monthly,867.09,Debit Card,2021-09-18,,Standard Plan
CUST03002,Annual,3568.22,Auto Pay,2023-10-11,,Standard Plan
CUST03003,Monthly,4441.81,Auto Pay,2023-04-11,,Basic Plan
CUST03004,Monthly,4292.47,Credit Card,2025-05-08,2026-08-13,Standard Plan
CUST03005,Monthly,1571.92,UPI,2022-10-01,,Basic Plan
CUST03006,Monthly,4496.98,Net Banking,2022-12-11,,Basic Plan
CUST03007,Monthly,3516.19,UPI,2024-06-21,,Basic Plan
CUST03008,Monthly,1234.8,UPI,2023-07-14,,Standard Plan
CUST03009,Monthly,3970.22,UPI,2021-03-28,,Basic Plan
CUST03010,Monthly,4324.2,UPI,2025-07-29,,Standard Plan
CUST03011,Monthly,2952.96,Credit Card,2023-06-02,,Standard Plan
CUST03012,Monthly,4467.2,Credit Card,2022-06-24,,Standard Plan
CUST03013,Monthly,1941.25,Debit Card,2024-05-12,,Basic Plan
CUST03014,Monthly,2331.7,Debit Card,2024-01-25,,Standard Plan
CUST03015,Annual,2107.9,UPI,2022-02-12,,Standard Plan
CUST03016,Quarterly,3348.64,Credit Card,2022-10-13,,Standard Plan
CUST03017,Monthly,4656.55,Credit Card,2023-12-16,2026-03-23,Standard Plan
CUST03018,Monthly,802.75,Credit Card,2022-08-25,2026-04-21,Standard Plan
CUST03019,Monthly,1550.98,Net Banking,2022-11-25,,Standard Plan
CUST03020,Quarterly,694.31,Debit Card,2023-05-01,,Standard Plan
CUST03021,Quarterly,2157.29,Net Banking,2023-03-24,,Standard Plan
CUST03022,Monthly,388.62,Auto Pay,2021-10-27,2026-08-08,Basic Plan
CUST03023,Quarterly,1319.62,Net Banking,2025-07-05,,Basic Plan
CUST03024,Monthly,1668.33,Debit Card,2022-06-09,2026-03-07,Basic Plan
CUST03025,Monthly,1170.0,Net Banking,2022-08-30,,Premium Plan
CUST03026,Monthly,962.41,Net Banking,2025-08-07,2026-05-02,Basic Plan
CUST03027,Quarterly,839.95,Debit Card,2023-07-21,,Standard Plan
CUST03028,Quarterly,777.67,Debit Card,2022-01-07,,Basic Plan
CUST03029,Monthly,2206.85,Net Banking,2022-08-13,2026-04-12,Basic Plan
CUST03030,Quarterly,1199.9,Credit Card,2025-11-16,,Basic Plan
CUST03031,Monthly,4764.65,Credit Card,2024-07-16,2026-02-26,Basic Plan
CUST03032,Annual,2769.73,Credit Card,2023-07-06,,Standard Plan
CUST03033,Annual,3446.2,UPI,2022-09-27,,Basic Plan
CUST03034,Quarterly,3954.6,Debit Card,2022-02-10,,Basic Plan
CUST03035,Annual,3526.35,Net Banking,2021-06-17,,Basic Plan
CUST03036,Monthly,3699.02,Net Banking,2023-04-11,2026-03-16,Basic Plan
CUST03037,Annual,2785.06,Debit Card,2022-10-07,,Basic Plan
CUST03038,Quarterly,4267.77,Auto Pay,2024-11-15,2026-08-17,Standard Plan
CUST03039,Monthly,3548.34,Credit Card,2022-11-20,,Premium Plan
CUST03040,Quarterly,3925.1,Auto Pay,2022-01-01,2026-06-17,Standard Plan
CUST03041,Monthly,4201.77,UPI,2022-07-20,2026-08-19,Standard Plan
CUST03042,Monthly,493.92,Credit Card,2022-02-21,,Basic Plan
CUST03043,Annual,3164.22,Debit Card,2025-10-25,,Standard Plan
CUST03044,Annual,4403.54,Credit Card,2022-03-07,2026-01-31,Basic Plan
CUST03045,Annual,3461.01,Auto Pay,2021-01-02,,Basic Plan
CUST03046,Monthly,454.52,Auto Pay,2022-09-20,,Standard Plan
CUST03047,Monthly,4533.86,Debit Card,2025-12-07,2026-06-14,Basic Plan
CUST03048,Monthly,4739.3,UPI,2024-07-16,2026-07-04,Basic Plan
CUST03049,Monthly,952.38,Debit Card,2022-06-05,,Basic Plan
CUST03050,Monthly,2810.47,Debit Card,2022-08-01,,Standard Plan
CUST03051,Monthly,3016.53,Credit Card,2021-09-18,,Standard Plan
CUST03052,Quarterly,833.32,Debit Card,2023-03-15,,Standard Plan
CUST03053,Monthly,2955.25,Credit Card,2025-10-26,,Premium Plan
CUST03054,Monthly,417.31,Debit Card,2022-03-07,,Standard Plan
CUST03055,Monthly,3852.83,Net Banking,2022-10-13,,Standard Plan
CUST03056,Monthly,841.28,Auto Pay,2021-02-10,,Basic Plan
CUST03057,Annual,4859.0,Credit Card,2021-05-25,2026-02-07,Basic Plan
CUST03058,Monthly,615.67,Auto Pay,2023-08-21,2026-07-01,Premium Plan
CUST03059,Monthly,3048.75,UPI,2025-04-15,2026-08-12,Standard Plan
CUST03060,Monthly,923.56,Debit Card,2024-02-23,,Standard Plan
CUST03061,Monthly,1172.24,Credit Card,2024-09-30,2026-01-25,Basic Plan
CUST03062,Annual,4382.13,Net Banking,2021-08-31,,Standard Plan
CUST03063,Quarterly,1574.76,Credit Card,2025-01-05,,Basic Plan
CUST03064,Monthly,4379.56,UPI,2024-01-23,2026-04-05,Basic Plan
CUST03065,Monthly,1901.12,Credit Card,2022-08-02,,Standard Plan
CUST03066,Monthly,496.18,Net Banking,2024-12-04,,Standard Plan
CUST03067,Monthly,805.83,Debit Card,2023-05-24,2026-01-16,Standard Plan
CUST03068,Annual,2871.35,Debit Card,2021-08-08,,Standard Plan
CUST03069,Quarterly,4219.13,Credit Card,2025-01-01,,Standard Plan
CUST03070,Monthly,3616.2,Net Banking,2023-08-05,,Basic Plan
CUST03071,Monthly,3271.52,Debit Card,2021-06-08,,Standard Plan
CUST03072,Monthly,1959.55,Credit Card,2024-09-07,,Premium Plan
CUST03073,Annual,1681.33,Debit Card,2022-10-06,,Standard Plan
CUST03074,Monthly,1231.21,Debit Card,2022-12-21,2026-01-13,Standard Plan
CUST03075,Quarterly,2592.87,UPI,2023-08-14,,Standard Plan
CUST03076,Monthly,2070.29,Credit Card,2022-08-31,,Basic Plan
CUST03077,Annual,2888.83,Credit Card,2024-09-20,,Standard Plan
CUST03078,Monthly,3451.36,Auto Pay,2023-06-20,,Standard Plan
CUST03079,Quarterly,4734.14,Credit Card,2024-07-29,,Basic Plan
CUST03080,Monthly,4845.71,Debit Card,2023-05-18,,Premium Plan
CUST03081,Quarterly,4980.63,Net Banking,2025-01-26,,Basic Plan
CUST03082,Quarterly,3333.97,Debit Card,2025-08-16,,Basic Plan
CUST03083,Monthly,2836.87,Net Banking,2024-06-07,,Basic Plan
CUST03084,Quarterly,2034.44,Credit Card,2021-03-10,,Basic Plan
CUST03085,Monthly,2219.34,Debit Card,2023-02-03,,Standard Plan
CUST03086,Monthly,4022.42,Auto Pay,2021-12-25,,Standard Plan
CUST03087,Monthly,2232.21,Credit Card,2021-11-13,2026-01-25,Basic Plan
CUST03088,Annual,3730.16,Debit Card,2024-04-17,,Standard Plan
CUST03089,Monthly,2925.2,Credit Card,2025-11-10,,Standard Plan
CUST03090,Monthly,1682.91,UPI,2025-09-03,,Standard Plan
CUST03091,Monthly,4408.04,UPI,2021-10-08,,Standard Plan
CUST03092,Monthly,4804.11,Credit Card,2025-04-13,2026-01-15,Standard Plan
CUST03093,Annual,1005.02,Credit Card,2025-04-18,,Standard Plan
CUST03094,Monthly,2559.01,Net Banking,2023-09-02,2026-01-21,Basic Plan
CUST03095,Annual,1999.59,Net Banking,2022-05-30,,Basic Plan
CUST03096,Annual,1361.83,Auto Pay,2021-11-23,,Basic Plan
CUST03097,Monthly,3207.84,Auto Pay,2024-01-09,,Standard Plan
CUST03098,Monthly,3181.79,Credit Card,2023-08-14,,Standard Plan
CUST03099,Monthly,2755.13,Auto Pay,2023-08-26,2026-03-29,Standard Plan
CUST03100,Annual,2756.3,UPI,2025-12-23,,Standard Plan
CUST03101,Annual,2408.31,Auto Pay,2022-06-24,,Premium Plan
CUST03102,Monthly,4324.77,Credit Card,2023-02-20,,Basic Plan
CUST03103,Monthly,3348.14,UPI,2021-08-18,,Premium Plan
CUST03104,Monthly,1771.25,UPI,2024-09-27,,Basic Plan
CUST03105,Monthly,4636.42,UPI,2024-05-15,2026-07-29,Basic Plan
CUST03106,Monthly,672.09,UPI,2025-05-26,2026-02-04,Basic Plan
CUST03107,Annual,1680.49,Debit Card,2023-10-17,,Standard Plan
CUST03108,Monthly,3200.72,Debit Card,2022-06-06,2026-03-07,Premium Plan
CUST03109,Monthly,3811.33,Auto Pay,2025-12-31,,Standard Plan
CUST03110,Monthly,4928.71,Auto Pay,2025-06-01,,Basic Plan
CUST03111,Monthly,1387.18,Net Banking,2025-10-15,,Premium Plan
CUST03112,Monthly,2702.44,Debit Card,2025-11-15,,Premium Plan
CUST03113,Monthly,2307.49,Credit Card,2023-12-17,2026-05-10,Standard Plan
CUST03114,Quarterly,3117.45,Debit Card,2024-04-22,,Standard Plan
CUST03115,Quarterly,504.39,Credit Card,2025-12-27,,Basic Plan
CUST03116,Monthly,787.5,Credit Card,2023-12-25,,Standard Plan
CUST03117,Quarterly,4333.09,Net Banking,2022-08-01,2026-02-14,Premium Plan
CUST03118,Quarterly,2875.44,Net Banking,2022-08-16,,Basic Plan
CUST03119,Monthly,4725.55,UPI,2022-11-10,2026-01-04,Standard Plan
CUST03120,Monthly,4444.15,Net Banking,2025-03-24,2026-03-26,Basic Plan
CUST03121,Quarterly,4585.66,Credit Card,2021-08-04,,Basic Plan
CUST03122,Monthly,1197.34,Auto Pay,2024-06-20,,Basic Plan
CUST03123,Annual,3366.65,Credit Card,2024-11-11,,Basic Plan
CUST03124,Monthly,1965.72,UPI,2025-01-06,,Standard Plan
CUST03125,Annual,913.13,Credit Card,2023-05-05,,Standard Plan
CUST03126,Annual,2227.3,Auto Pay,2021-11-02,,Basic Plan
CUST03127,Quarterly,3389.07,Net Banking,2024-11-02,2026-03-11,Basic Plan
CUST03128,Monthly,1624.75,Net Banking,2021-07-26,,Basic Plan
CUST03129,Annual,719.08,Net Banking,2025-09-22,,Basic Plan
CUST03130,Annual,1092.96,Debit Card,2023-06-29,,Basic Plan
CUST03131,Monthly,2285.3,Credit Card,2023-03-17,2026-05-07,Premium Plan
CUST03132,Monthly,4920.87,Debit Card,2022-09-07,,Basic Plan
CUST03133,Annual,1014.85,Debit Card,2023-03-17,,Basic Plan
CUST03134,Monthly,2390.77,Auto Pay,2021-06-21,,Premium Plan
CUST03135,Monthly,1618.78,UPI,2021-01-23,,Standard Plan
CUST03136,Monthly,2751.04,Auto Pay,2025-09-18,2026-08-19,Basic Plan
CUST03137,Annual,3229.84,Credit Card,2023-01-10,,Basic Plan
CUST03138,Monthly,2816.13,Credit Card,2023-04-25,2026-01-27,Standard Plan
CUST03139,Monthly,4785.72,Net Banking,2024-02-10,2026-04-05,Basic Plan
CUST03140,Monthly,1076.09,Debit Card,2022-09-30,,Standard Plan
CUST03141,Annual,3964.55,Net Banking,2021-03-18,2026-07-20,Basic Plan
CUST03142,Annual,3323.02,Debit Card,2023-11-08,,Basic Plan
CUST03143,Monthly,1790.53,Debit Card,2022-09-09,2026-08-26,Standard Plan
CUST03144,Quarterly,2266.63,UPI,2021-02-23,,Basic Plan
CUST03145,Monthly,1601.7,Debit Card,2021-06-22,,Basic Plan
CUST03146,Quarterly,4367.55,Credit Card,2023-07-15,2026-08-06,Premium Plan
CUST03147,Annual,4361.19,Debit Card,2021-09-20,,Standard Plan
CUST03148,Monthly,584.83,Auto Pay,2022-08-21,2026-05-17,Premium Plan
CUST03149,Monthly,3665.35,Auto Pay,2022-11-13,,Basic Plan
CUST03150,Annual,2244.19,Debit Card,2021-05-01,,Basic Plan
CUST03151,Monthly,4283.19,UPI,2023-12-17,,Standard Plan
CUST03152,Monthly,4532.52,Debit Card,2023-03-14,,Standard Plan
CUST03153,Monthly,1715.96,Credit Card,2025-02-16,,Standard Plan
CUST03154,Annual,448.43,Net Banking,2025-04-19,,Premium Plan
CUST03155,Monthly,3972.74,Debit Card,2021-07-24,2026-08-27,Standard Plan
CUST03156,Monthly,3033.69,Debit Card,2023-02-10,2026-06-11,Basic Plan
CUST03157,Monthly,1350.67,Debit Card,2025-05-08,,Premium Plan
CUST03158,Annual,2357.5,Debit Card,2023-06-08,,Standard Plan
CUST03159,Monthly,4283.36,Credit Card,2024-07-25,,Premium Plan
CUST03160,Annual,3117.33,Net Banking,2025-06-18,,Basic Plan
CUST03161,Annual,2660.78,UPI,2022-07-10,,Premium Plan
CUST03162,Monthly,1370.15,Auto Pay,2023-11-03,,Basic Plan
CUST03163,Monthly,4102.62,Auto Pay,2021-07-21,2026-05-20,Standard Plan
CUST03164,Monthly,4632.91,Auto Pay,2023-10-29,2026-05-25,Basic Plan
CUST03165,Monthly,432.43,Net Banking,2022-06-27,,Basic Plan
CUST03166,Monthly,1511.76,Net Banking,2025-06-10,,Basic Plan
CUST03167,Monthly,3358.94,Auto Pay,2021-02-03,2026-03-25,Premium Plan
CUST03168,Annual,494.28,UPI,2024-06-22,,Premium Plan
CUST03169,Monthly,1416.77,Net Banking,2025-05-05,,Basic Plan
CUST03170,Quarterly,362.66,Credit Card,2022-07-26,,Standard Plan
CUST03171,Monthly,2203.16,Credit Card,2025-07-21,,Premium Plan
CUST03172,Monthly,654.78,Credit Card,2024-06-08,,Premium Plan
CUST03173,Annual,3188.96,Auto Pay,2021-10-18,,Premium Plan
CUST03174,Monthly,460.71,UPI,2021-08-06,,Standard Plan
CUST03175,Monthly,1001.25,Credit Card,2023-08-26,,Basic Plan
CUST03176,Monthly,2517.47,Debit Card,2023-02-27,,Premium Plan
CUST03177,Quarterly,3629.13,Debit Card,2024-02-19,,Standard Plan
CUST03178,Annual,4342.09,Net Banking,2021-03-20,,Standard Plan
CUST03179,Quarterly,4119.82,Net Banking,2025-03-22,,Premium Plan
CUST03180,Monthly,1389.77,UPI,2022-06-15,,Basic Plan
CUST03181,Monthly,2758.52,Debit Card,2021-12-24,,Basic Plan
CUST03182,Monthly,3961.03,Credit Card,2025-06-28,,Basic Plan
CUST03183,Quarterly,981.57,Auto Pay,2022-12-11,,Standard Plan
CUST03184,Annual,1749.78,Auto Pay,2023-09-02,,Standard Plan
CUST03185,Annual,2761.11,Net Banking,2025-04-13,,Basic Plan
CUST03186,Annual,2336.4,Debit Card,2023-10-13,,Premium Plan
CUST03187,Monthly,4758.79,UPI,2021-02-02,2026-05-31,Basic Plan
CUST03188,Annual,765.84,Debit Card,2024-12-08,,Basic Plan
CUST03189,Monthly,668.21,Credit Card,2024-02-27,2026-04-09,Basic Plan
CUST03190,Monthly,2316.6,UPI,2023-02-07,,Basic Plan
CUST03191,Monthly,4839.62,Net Banking,2021-07-13,,Basic Plan
CUST03192,Quarterly,4091.51,Net Banking,2025-02-20,,Premium Plan
CUST03193,Monthly,3285.1,Debit Card,2025-02-19,,Standard Plan
CUST03194,Monthly,3989.94,Credit Card,2023-05-04,,Basic Plan
CUST03195,Annual,927.14,Credit Card,2023-08-05,,Basic Plan
CUST03196,Monthly,3499.47,UPI,2021-03-13,,Standard Plan
CUST03197,Annual,2813.8,Debit Card,2022-11-14,2026-01-20,Basic Plan
CUST03198,Monthly,2069.66,Net Banking,2025-11-17,,Standard Plan
CUST03199,Annual,4975.49,Net Banking,2021-11-25,,Premium Plan
CUST03200,Annual,3359.51,Net Banking,2022-10-13,,Premium Plan
CUST03201,Quarterly,1405.46,Auto Pay,2024-08-23,,Premium Plan
CUST03202,Monthly,1589.63,Auto Pay,2023-08-04,,Basic Plan
CUST03203,Annual,1348.0,Net Banking,2021-07-06,,Premium Plan
CUST03204,Annual,3027.72,Credit Card,2024-04-21,,Standard Plan
CUST03205,Annual,391.45,Net Banking,2022-02-27,,Standard Plan
CUST03206,Monthly,4422.16,Credit Card,2025-03-06,2026-04-07,Standard Plan
CUST03207,Monthly,2898.91,UPI,2022-12-29,,Standard Plan
CUST03208,Quarterly,1245.67,Auto Pay,2025-08-04,,Basic Plan
CUST03209,Monthly,3579.46,Auto Pay,2025-07-02,,Basic Plan
CUST03210,Annual,3773.33,Credit Card,2021-07-14,,Premium Plan
CUST03211,Monthly,1178.33,Credit Card,2023-09-26,,Standard Plan
CUST03212,Annual,4837.62,Debit Card,2022-07-23,,Standard Plan
CUST03213,Monthly,2100.92,Debit Card,2024-04-24,2026-03-12,Basic Plan
CUST03214,Annual,941.42,UPI,2022-08-23,,Basic Plan
CUST03215,Monthly,1681.24,Auto Pay,2022-03-25,,Basic Plan
CUST03216,Monthly,2772.88,Credit Card,2025-02-05,2026-08-14,Premium Plan
CUST03217,Monthly,3879.87,Debit Card,2023-05-11,,Basic Plan
CUST03218,Quarterly,1466.66,Credit Card,2024-05-07,,Basic Plan
CUST03219,Monthly,975.71,Auto Pay,2023-09-01,,Basic Plan
CUST03220,Monthly,2372.71,Net Banking,2022-01-18,,Standard Plan
CUST03221,Monthly,1275.98,Net Banking,2023-03-29,,Premium Plan
CUST03222,Annual,935.85,Auto Pay,2022-01-06,,Standard Plan
CUST03223,Quarterly,1937.6,UPI,2021-11-10,,Premium Plan
CUST03224,Monthly,3750.09,Credit Card,2022-03-21,,Basic Plan
CUST03225,Annual,1859.61,Debit Card,2023-04-28,,Basic Plan
CUST03226,Monthly,4683.92,Net Banking,2021-01-19,2026-01-27,Premium Plan
CUST03227,Quarterly,1294.95,UPI,2024-07-27,,Basic Plan
CUST03228,Annual,3690.53,Debit Card,2022-06-01,,Premium Plan
CUST03229,Monthly,1417.72,Auto Pay,2023-12-10,,Standard Plan
CUST03230,Monthly,2126.4,Debit Card,2022-10-11,,Basic Plan
CUST03231,Quarterly,3366.9,Credit Card,2021-10-08,,Standard Plan
CUST03232,Annual,3263.39,Net Banking,2022-07-28,,Premium Plan
CUST03233,Quarterly,4197.39,UPI,2023-12-29,2026-08-09,Standard Plan
CUST03234,Monthly,4771.74,UPI,2022-11-14,2026-08-15,Premium Plan
CUST03235,Monthly,4039.81,Auto Pay,2021-01-25,,Basic Plan
CUST03236,Monthly,3106.37,Debit Card,2025-01-14,2026-03-12,Standard Plan
CUST03237,Monthly,1577.63,Net Banking,2025-05-06,2026-03-26,Basic Plan
CUST03238,Monthly,1535.47,Credit Card,2022-06-08,,Basic Plan
CUST03239,Monthly,2738.7,Net Banking,2024-04-24,,Standard Plan
CUST03240,Monthly,1596.98,Auto Pay,2022-05-30,,Standard Plan
CUST03241,Quarterly,1179.51,Net Banking,2024-07-21,,Standard Plan
CUST03242,Annual,3529.3,Auto Pay,2024-02-08,,Basic Plan
CUST03243,Quarterly,4904.91,Net Banking,2025-02-21,,Basic Plan
CUST03244,Monthly,2694.59,Auto Pay,2025-11-27,,Basic Plan
CUST03245,Annual,4458.89,UPI,2024-08-28,,Basic Plan
CUST03246,Monthly,1465.15,Net Banking,2022-09-18,,Standard Plan
CUST03247,Monthly,3465.12,Auto Pay,2024-09-10,2026-01-21,Premium Plan
CUST03248,Annual,2695.85,Credit Card,2022-09-17,,Basic Plan
CUST03249,Monthly,1722.08,UPI,2022-01-21,,Basic Plan
CUST03250,Monthly,1949.6,Credit Card,2024-06-25,,Premium Plan
CUST03251,Monthly,2067.41,Net Banking,2022-12-27,,Standard Plan
CUST03252,Monthly,3154.63,Debit Card,2023-02-18,2026-02-04,Standard Plan
CUST03253,Quarterly,4781.49,Auto Pay,2023-09-23,,Basic Plan
CUST03254,Quarterly,2515.27,Debit Card,2024-06-22,,Standard Plan
CUST03255,Annual,3018.36,Net Banking,2021-10-12,,Premium Plan
CUST03256,Monthly,2356.53,Debit Card,2021-11-17,2026-05-16,Standard Plan
CUST03257,Annual,1981.07,Auto Pay,2025-06-30,,Premium Plan
CUST03258,Quarterly,3146.02,Net Banking,2024-10-08,,Basic Plan
CUST03259,Monthly,4005.73,Credit Card,2023-09-17,,Standard Plan
CUST03260,Monthly,2698.49,Debit Card,2024-10-19,,Basic Plan
CUST03261,Monthly,723.12,Auto Pay,2021-03-03,,Standard Plan
CUST03262,Annual,714.99,Debit Card,2023-08-21,,Standard Plan
CUST03263,Monthly,1110.54,Debit Card,2025-06-08,,Standard Plan
CUST03264,Monthly,392.77,Net Banking,2022-10-04,,Basic Plan
CUST03265,Monthly,4362.85,Auto Pay,2022-05-23,2026-08-03,Standard Plan
CUST03266,Monthly,916.38,Credit Card,2022-01-09,,Standard Plan
CUST03267,Annual,4922.29,Auto Pay,2021-03-07,,Standard Plan
CUST03268,Quarterly,4154.2,Credit Card,2025-03-21,,Premium Plan
CUST03269,Monthly,2885.65,UPI,2023-09-26,2026-07-15,Basic Plan
CUST03270,Monthly,3798.73,Debit Card,2024-02-14,2026-08-21,Premium Plan
CUST03271,Quarterly,2026.77,Net Banking,2025-10-22,,Standard Plan
CUST03272,Annual,2536.93,Net Banking,2023-07-06,,Basic Plan
CUST03273,Monthly,4903.35,Net Banking,2025-08-06,,Basic Plan
CUST03274,Monthly,2004.33,Debit Card,2024-11-28,,Standard Plan
CUST03275,Annual,1503.09,UPI,2023-02-20,,Premium Plan
CUST03276,Monthly,1316.54,Net Banking,2024-01-05,2026-03-30,Premium Plan
CUST03277,Monthly,1046.11,Auto Pay,2022-10-22,,Basic Plan
CUST03278,Annual,784.8,Auto Pay,2022-08-17,,Basic Plan
CUST03279,Quarterly,3532.36,Credit Card,2022-11-25,,Standard Plan
CUST03280,Annual,693.64,Net Banking,2024-04-21,,Basic Plan
CUST03281,Monthly,3441.89,Auto Pay,2024-01-02,,Standard Plan
CUST03282,Annual,2523.85,Debit Card,2023-01-15,,Premium Plan
CUST03283,Monthly,1119.72,Net Banking,2025-08-19,,Basic Plan
CUST03284,Monthly,4361.62,Debit Card,2024-01-03,,Basic Plan
CUST03285,Annual,2303.1,Credit Card,2022-01-17,,Standard Plan
CUST03286,Quarterly,2636.08,Credit Card,2025-11-26,,Standard Plan
CUST03287,Monthly,2120.69,UPI,2023-12-10,,Standard Plan
CUST03288,Annual,4779.92,Net Banking,2024-07-31,2026-01-21,Standard Plan
CUST03289,Monthly,333.65,Credit Card,2024-05-13,,Basic Plan
CUST03290,Monthly,1114.16,Credit Card,2022-08-16,2026-04-21,Basic Plan
CUST03291,Monthly,781.1,Debit Card,2022-05-02,,Premium Plan
CUST03292,Monthly,4849.88,Debit Card,2025-04-20,2026-06-17,Basic Plan
CUST03293,Monthly,720.31,Net Banking,2025-07-10,,Basic Plan
CUST03294,Monthly,2085.32,UPI,2024-09-18,,Standard Plan
CUST03295,Monthly,1751.51,Credit Card,2023-11-07,2026-01-27,Basic Plan
CUST03296,Quarterly,4572.11,Net Banking,2022-06-22,,Basic Plan
CUST03297,Monthly,3807.87,Auto Pay,2025-05-23,,Basic Plan
CUST03298,Monthly,1463.23,Auto Pay,2021-01-31,,Basic Plan
CUST03299,Monthly,2960.99,Net Banking,2021-04-03,2026-02-08,Standard Plan
CUST03300,Quarterly,2099.29,Auto Pay,2022-08-10,,Basic Plan
CUST03301,Monthly,3613.95,Auto Pay,2024-11-07,,Standard Plan
CUST03302,Monthly,4513.55,UPI,2024-07-16,,Standard Plan
CUST03303,Monthly,3241.16,Auto Pay,2023-04-22,,Standard Plan
CUST03304,Annual,1963.88,Net Banking,2025-02-25,,Premium Plan
CUST03305,Quarterly,2860.63,Net Banking,2024-12-04,,Basic Plan
CUST03306,Monthly,4108.99,UPI,2023-04-24,2026-07-23,Standard Plan
CUST03307,Annual,984.09,Credit Card,2023-06-15,,Premium Plan
CUST03308,Monthly,4503.39,Net Banking,2022-06-20,2026-04-02,Basic Plan
CUST03309,Monthly,497.73,Auto Pay,2025-09-28,2026-02-18,Premium Plan
CUST03310,Quarterly,1936.8,Auto Pay,2023-08-08,2026-05-03,Premium Plan
CUST03311,Annual,4029.0,Auto Pay,2022-02-13,,Basic Plan
CUST03312,Monthly,1518.77,Credit Card,2022-11-25,2026-01-30,Basic Plan
CUST03313,Monthly,2446.19,Auto Pay,2025-07-16,,Standard Plan
CUST03314,Annual,4162.98,Credit Card,2024-07-09,,Standard Plan
CUST03315,Monthly,3552.47,Auto Pay,2023-03-27,,Standard Plan
CUST03316,Monthly,4493.44,UPI,2024-12-22,,Basic Plan
CUST03317,Monthly,2155.64,Credit Card,2025-03-06,,Premium Plan
CUST03318,Monthly,2620.82,Debit Card,2024-04-24,,Basic Plan
CUST03319,Monthly,4708.18,Credit Card,2024-07-18,2026-06-24,Basic Plan
CUST03320,Quarterly,3171.43,UPI,2021-06-28,,Basic Plan
CUST03321,Monthly,4780.96,Debit Card,2021-05-17,,Basic Plan
CUST03322,Quarterly,2331.21,Net Banking,2024-06-20,,Standard Plan
CUST03323,Monthly,3923.69,Credit Card,2024-05-31,,Premium Plan
CUST03324,Quarterly,4517.09,Debit Card,2021-08-12,,Basic Plan
CUST03325,Monthly,3409.21,Debit Card,2021-01-29,,Standard Plan
CUST03326,Annual,521.49,Net Banking,2025-09-21,,Basic Plan
CUST03327,Quarterly,4517.02,Net Banking,2023-04-23,,Premium Plan
CUST03328,Monthly,311.39,Debit Card,2021-03-07,2026-02-15,Premium Plan
CUST03329,Quarterly,1644.71,UPI,2022-04-14,,Premium Plan
CUST03330,Quarterly,2736.33,Auto Pay,2023-08-17,2026-06-12,Basic Plan
CUST03331,Monthly,1155.32,Credit Card,2022-06-23,2026-01-24,Standard Plan
CUST03332,Monthly,1252.11,Debit Card,2021-07-29,2026-02-18,Basic Plan
CUST03333,Quarterly,363.33,Debit Card,2023-12-03,2026-02-25,Basic Plan
CUST03334,Monthly,2860.07,Credit Card,2022-07-11,2026-01-17,Basic Plan
CUST03335,Annual,4862.68,Credit Card,2025-08-25,2026-01-12,Standard Plan
CUST03336,Monthly,3557.56,Net Banking,2023-01-21,,Premium Plan
CUST03337,Monthly,1160.62,Credit Card,2025-09-11,,Standard Plan
CUST03338,Monthly,2798.49,Debit Card,2022-11-05,2026-05-12,Basic Plan
CUST03339,Monthly,2415.14,Credit Card,2022-07-31,2026-04-06,Standard Plan
CUST03340,Monthly,1471.66,Credit Card,2023-02-16,,Standard Plan
CUST03341,Quarterly,2072.29,UPI,2024-06-12,,Basic Plan
CUST03342,Annual,812.64,Debit Card,2023-07-30,,Premium Plan
CUST03343,Monthly,3910.49,UPI,2022-08-31,,Basic Plan
CUST03344,Monthly,2584.01,Net Banking,2023-06-17,,Basic Plan
CUST03345,Monthly,2293.38,UPI,2023-08-01,2026-04-22,Standard Plan
CUST03346,Quarterly,1886.11,Auto Pay,2022-10-12,,Standard Plan
CUST03347,Quarterly,4684.4,UPI,2024-09-14,,Premium Plan
CUST03348,Monthly,834.77,Credit Card,2022-11-21,,Basic Plan
CUST03349,Monthly,1293.74,Auto Pay,2023-07-03,2026-07-02,Standard Plan
CUST03350,Annual,2775.93,Auto Pay,2023-04-25,2026-07-03,Basic Plan
CUST03351,Annual,4862.14,UPI,2021-06-12,,Premium Plan
CUST03352,Monthly,4922.69,Auto Pay,2025-08-26,2026-01-24,Premium Plan
CUST03353,Monthly,3239.9,UPI,2024-06-11,2026-07-23,Basic Plan
CUST03354,Monthly,1991.18,Auto Pay,2021-03-03,2026-02-11,Standard Plan
CUST03355,Monthly,329.86,Credit Card,2021-04-25,,Basic Plan
CUST03356,Annual,1534.13,Auto Pay,2021-08-18,,Standard Plan
CUST03357,Monthly,2676.42,Credit Card,2021-06-15,2026-02-23,Basic Plan
CUST03358,Annual,4296.97,Credit Card,2024-08-07,2026-06-25,Basic Plan
CUST03359,Annual,442.69,Auto Pay,2022-04-21,,Basic Plan
CUST03360,Monthly,3925.95,Credit Card,2025-06-12,2026-08-07,Basic Plan
CUST03361,Monthly,1192.86,Auto Pay,2021-08-13,,Basic Plan
CUST03362,Monthly,4423.59,Auto Pay,2023-02-20,,Basic Plan
CUST03363,Monthly,1591.18,UPI,2025-08-18,2026-04-09,Standard Plan
CUST03364,Monthly,4097.04,Auto Pay,2022-09-09,,Basic Plan
CUST03365,Monthly,3349.76,Credit Card,2021-12-07,,Basic Plan
CUST03366,Monthly,4578.27,Debit Card,2023-02-05,,Standard Plan
CUST03367,Monthly,1333.76,Net Banking,2022-10-06,2026-02-27,Basic Plan
CUST03368,Quarterly,794.73,UPI,2024-12-06,,Standard Plan
CUST03369,Monthly,518.01,Credit Card,2021-09-23,,Basic Plan
CUST03370,Quarterly,3040.85,Auto Pay,2024-06-17,,Premium Plan
CUST03371,Monthly,1545.62,Debit Card,2024-02-06,2026-02-08,Premium Plan
CUST03372,Monthly,535.39,UPI,2021-08-26,2026-05-07,Basic Plan
CUST03373,Annual,1249.48,Net Banking,2021-11-18,,Standard Plan
CUST03374,Quarterly,355.44,Auto Pay,2023-12-26,2026-05-10,Basic Plan
CUST03375,Monthly,3177.94,Net Banking,2024-02-13,2026-06-16,Basic Plan
CUST03376,Monthly,1350.16,Credit Card,2023-09-30,,Standard Plan
CUST03377,Quarterly,4361.17,Credit Card,2025-05-02,,Premium Plan
CUST03378,Monthly,4114.94,Auto Pay,2024-07-08,2026-06-08,Basic Plan
CUST03379,Monthly,1939.86,Credit Card,2021-03-12,2026-08-17,Basic Plan
CUST03380,Annual,2495.34,Auto Pay,2025-06-22,,Basic Plan
CUST03381,Monthly,1284.2,Auto Pay,2025-01-10,2026-03-04,Standard Plan
CUST03382,Monthly,1664.07,UPI,2022-05-16,2026-05-01,Standard Plan
CUST03383,Quarterly,2581.22,Debit Card,2021-02-20,,Basic Plan
CUST03384,Quarterly,775.95,UPI,2024-02-05,,Standard Plan
CUST03385,Monthly,2242.55,Net Banking,2023-01-26,2026-04-11,Standard Plan
CUST03386,Annual,3032.5,Net Banking,2022-10-04,,Standard Plan
CUST03387,Quarterly,1859.99,UPI,2021-11-07,,Basic Plan
CUST03388,Monthly,4006.04,Debit Card,2023-07-11,,Basic Plan
CUST03389,Monthly,3340.61,UPI,2024-05-01,,Basic Plan
CUST03390,Annual,3467.66,Debit Card,2022-06-27,,Basic Plan
CUST03391,Monthly,4373.4,UPI,2025-01-26,,Premium Plan
CUST03392,Monthly,953.79,Debit Card,2024-07-22,,Standard Plan
CUST03393,Monthly,1713.89,UPI,2021-01-08,,Basic Plan
CUST03394,Annual,627.72,Debit Card,2023-08-08,,Standard Plan
CUST03395,Monthly,867.37,Net Banking,2021-03-07,,Standard Plan
CUST03396,Quarterly,3357.28,Auto Pay,2023-10-19,,Basic Plan
CUST03397,Monthly,4097.61,Credit Card,2021-03-26,,Standard Plan
CUST03398,Monthly,3241.23,Net Banking,2021-10-07,,Basic Plan
CUST03399,Quarterly,1777.27,Auto Pay,2025-12-30,2026-08-22,Basic Plan
CUST03400,Monthly,4365.49,Debit Card,2022-06-11,,Basic Plan
CUST03401,Monthly,4607.79,Debit Card,2024-07-03,,Premium Plan
CUST03402,Quarterly,940.83,Debit Card,2022-02-27,2026-05-22,Standard Plan
CUST03403,Annual,3028.08,Net Banking,2024-06-29,,Basic Plan
CUST03404,Monthly,1045.24,Net Banking,2023-08-13,,Standard Plan
CUST03405,Monthly,913.63,Debit Card,2023-09-29,,Basic Plan
CUST03406,Annual,3304.69,Credit Card,2022-06-04,,Basic Plan
CUST03407,Monthly,2988.5,Debit Card,2024-07-30,,Basic Plan
CUST03408,Monthly,1122.34,Debit Card,2023-09-14,,Premium Plan
CUST03409,Monthly,1160.03,Debit Card,2023-03-13,,Standard Plan
CUST03410,Annual,3962.44,UPI,2023-12-18,2026-05-26,Standard Plan
CUST03411,Monthly,1082.07,Auto Pay,2025-05-14,2026-02-07,Basic Plan
CUST03412,Monthly,2904.95,Debit Card,2023-08-19,2026-01-11,Basic Plan
CUST03413,Monthly,4870.75,Credit Card,2021-01-08,,Premium Plan
CUST03414,Annual,1322.58,Credit Card,2022-12-13,,Standard Plan
CUST03415,Monthly,3691.94,Net Banking,2025-11-01,,Basic Plan
CUST03416,Annual,3511.34,Net Banking,2021-04-04,,Premium Plan
CUST03417,Quarterly,3227.92,Debit Card,2023-04-09,,Standard Plan
CUST03418,Monthly,4042.96,Net Banking,2021-02-02,,Basic Plan
CUST03419,Quarterly,2822.96,Net Banking,2024-01-18,,Standard Plan
CUST03420,Monthly,3494.64,Net Banking,2021-07-28,,Basic Plan
CUST03421,Monthly,2787.46,Net Banking,2021-12-28,,Standard Plan
CUST03422,Monthly,3328.95,Auto Pay,2023-12-07,,Standard Plan
CUST03423,Quarterly,1124.2,Debit Card,2024-07-17,2026-01-22,Standard Plan
CUST03424,Quarterly,1488.89,Credit Card,2022-01-30,,Basic Plan
CUST03425,Monthly,2810.97,UPI,2021-07-09,2026-06-24,Basic Plan
CUST03426,Monthly,3118.33,UPI,2024-06-09,2026-02-19,Standard Plan
CUST03427,Quarterly,839.0,Credit Card,2021-02-01,,Standard Plan
CUST03428,Monthly,565.32,Net Banking,2021-05-18,2026-04-25,Basic Plan
CUST03429,Monthly,4311.12,UPI,2024-01-11,,Standard Plan
CUST03430,Monthly,978.32,Debit Card,2025-06-12,,Basic Plan
CUST03431,Annual,4563.87,Net Banking,2025-10-09,,Standard Plan
CUST03432,Quarterly,3903.29,Net Banking,2023-09-22,,Standard Plan
CUST03433,Monthly,4273.49,Net Banking,2023-01-21,,Standard Plan
CUST03434,Monthly,1405.87,Auto Pay,2021-02-14,,Premium Plan
CUST03435,Monthly,3045.51,Credit Card,2021-09-22,2026-05-20,Standard Plan
CUST03436,Monthly,3873.22,Debit Card,2025-12-08,2026-05-08,Standard Plan
CUST03437,Annual,919.77,Net Banking,2023-09-07,,Basic Plan
CUST03438,Quarterly,4079.21,Net Banking,2021-01-25,2026-05-06,Standard Plan
CUST03439,Quarterly,4095.4,Auto Pay,2024-04-15,,Premium Plan
CUST03440,Quarterly,4193.94,UPI,2025-06-22,2026-08-14,Basic Plan
CUST03441,Quarterly,3794.81,Debit Card,2023-06-10,,Basic Plan
CUST03442,Monthly,2641.85,Auto Pay,2024-07-22,,Standard Plan
CUST03443,Quarterly,1379.37,Net Banking,2024-01-21,,Basic Plan
CUST03444,Quarterly,3226.73,Credit Card,2023-02-23,,Basic Plan
CUST03445,Monthly,3900.71,Auto Pay,2022-02-05,2026-07-04,Standard Plan
CUST03446,Annual,3339.84,Net Banking,2025-06-18,2026-06-22,Premium Plan
CUST03447,Annual,1138.39,Net Banking,2023-10-06,,Basic Plan
CUST03448,Quarterly,866.03,Credit Card,2024-01-27,,Basic Plan
CUST03449,Monthly,1690.42,Auto Pay,2023-11-28,2026-05-02,Basic Plan
CUST03450,Annual,716.96,Debit Card,2021-05-29,,Basic Plan
CUST03451,Annual,4339.88,Auto Pay,2025-09-25,,Standard Plan
CUST03452,Annual,1704.99,Debit Card,2023-07-08,,Premium Plan
CUST03453,Annual,1141.49,Auto Pay,2021-05-26,,Basic Plan
CUST03454,Annual,1176.69,Debit Card,2023-12-18,,Premium Plan
CUST03455,Quarterly,2347.25,Debit Card,2022-08-25,,Standard Plan
CUST03456,Quarterly,2341.11,Credit Card,2024-04-02,,Premium Plan
CUST03457,Monthly,3894.45,Net Banking,2023-11-16,,Standard Plan
CUST03458,Monthly,422.63,Debit Card,2021-12-29,2026-07-18,Standard Plan
CUST03459,Annual,4592.75,Net Banking,2022-11-05,2026-05-17,Standard Plan
CUST03460,Monthly,3559.4,Auto Pay,2023-08-12,,Premium Plan
CUST03461,Monthly,4221.56,Auto Pay,2023-01-11,2026-02-23,Standard Plan
CUST03462,Annual,3419.66,Debit Card,2022-07-11,,Standard Plan
CUST03463,Monthly,3767.2,Debit Card,2023-01-13,,Standard Plan
CUST03464,Annual,1589.86,Auto Pay,2025-01-12,2026-02-14,Standard Plan
CUST03465,Annual,751.83,Credit Card,2025-03-04,,Standard Plan
CUST03466,Monthly,2216.87,Auto Pay,2022-05-29,,Basic Plan
CUST03467,Quarterly,1448.09,Debit Card,2022-11-19,,Standard Plan
CUST03468,Monthly,3627.83,UPI,2025-01-12,,Basic Plan
CUST03469,Monthly,749.06,UPI,2021-09-07,,Basic Plan
CUST03470,Annual,4498.57,Auto Pay,2023-01-23,,Basic Plan
CUST03471,Monthly,3572.68,Credit Card,2023-11-15,2026-06-20,Standard Plan
CUST03472,Quarterly,655.24,Auto Pay,2021-06-16,2026-01-13,Standard Plan
CUST03473,Monthly,641.56,Credit Card,2024-12-14,,Basic Plan
CUST03474,Annual,1971.25,Credit Card,2023-01-08,,Basic Plan
CUST03475,Monthly,3790.98,UPI,2024-12-13,,Basic Plan
CUST03476,Annual,4365.16,Net Banking,2022-08-17,,Standard Plan
CUST03477,Annual,2404.96,Debit Card,2021-01-28,,Basic Plan
CUST03478,Monthly,2258.03,UPI,2024-02-08,,Basic Plan
CUST03479,Monthly,4418.94,Debit Card,2023-05-10,,Standard Plan
CUST03480,Monthly,1867.01,Debit Card,2025-08-10,2026-04-23,Basic Plan
CUST03481,Monthly,4910.33,Auto Pay,2025-04-24,,Basic Plan
CUST03482,Monthly,4017.65,Net Banking,2025-03-03,2026-02-02,Standard Plan
CUST03483,Monthly,3593.31,Net Banking,2023-10-06,2026-03-15,Standard Plan
CUST03484,Monthly,3968.47,UPI,2021-08-09,2026-05-19,Standard Plan
CUST03485,Monthly,2074.8,Credit Card,2025-10-04,,Standard Plan
CUST03486,Quarterly,3917.18,Net Banking,2024-12-13,,Basic Plan
CUST03487,Annual,2212.38,Credit Card,2025-09-02,,Standard Plan
CUST03488,Monthly,1714.17,Debit Card,2023-09-07,,Basic Plan
CUST03489,Quarterly,4540.55,Debit Card,2024-09-26,,Basic Plan
CUST03490,Monthly,4870.68,Net Banking,2023-03-22,2026-07-10,Premium Plan
CUST03491,Monthly,1188.67,Auto Pay,2022-02-23,2026-02-19,Basic Plan
CUST03492,Annual,415.28,UPI,2023-03-15,,Basic Plan
CUST03493,Monthly,3062.14,Net Banking,2021-06-30,,Basic Plan
CUST03494,Monthly,4905.5,UPI,2021-04-06,2026-08-02,Basic Plan
CUST03495,Annual,3304.97,Debit Card,2023-04-12,,Premium Plan
CUST03496,Monthly,867.2,Auto Pay,2022-10-02,,Premium Plan
CUST03497,Monthly,4943.81,Auto Pay,2024-05-04,,Basic Plan
CUST03498,Annual,2449.43,Auto Pay,2021-02-01,2026-07-17,Standard Plan
CUST03499,Monthly,4061.19,Auto Pay,2024-08-07,2026-08-03,Basic Plan
CUST03500,Monthly,3901.34,Auto Pay,2024-01-01,2026-08-12,Premium Plan
CUST03501,Monthly,1754.82,Debit Card,2025-03-13,2026-08-16,Premium Plan
CUST03502,Quarterly,2579.41,Credit Card,2022-02-25,,Basic Plan
CUST03503,Monthly,2782.44,UPI,2025-01-08,2026-01-10,Premium Plan
CUST03504,Monthly,3222.99,Auto Pay,2023-05-30,,Premium Plan
CUST03505,Quarterly,669.29,Net Banking,2023-02-28,,Standard Plan
CUST03506,Monthly,1557.15,Auto Pay,2021-08-13,,Standard Plan
CUST03507,Monthly,434.35,Credit Card,2024-04-15,2026-05-27,Basic Plan
CUST03508,Annual,1244.12,Net Banking,2025-09-01,,Basic Plan
CUST03509,Quarterly,2167.62,Net Banking,2025-03-17,2026-04-10,Standard Plan
CUST03510,Annual,1991.62,Debit Card,2021-04-29,,Basic Plan
CUST03511,Annual,1259.57,UPI,2023-03-01,,Premium Plan
CUST03512,Monthly,4255.0,Debit Card,2022-10-29,,Premium Plan
CUST03513,Annual,434.39,Debit Card,2024-07-22,,Premium Plan
CUST03514,Quarterly,3826.66,UPI,2021-01-12,,Basic Plan
CUST03515,Monthly,1206.52,Net Banking,2025-04-03,,Premium Plan
CUST03516,Annual,2366.32,UPI,2024-02-22,2026-07-07,Basic Plan
CUST03517,Annual,1045.93,Auto Pay,2022-06-25,,Premium Plan
CUST03518,Monthly,3862.42,Debit Card,2024-12-07,2026-04-03,Premium Plan
CUST03519,Monthly,3824.21,UPI,2024-12-27,,Standard Plan
CUST03520,Monthly,2323.97,Auto Pay,2024-07-26,2026-02-16,Basic Plan
CUST03521,Monthly,1479.74,Debit Card,2024-04-21,2026-03-11,Standard Plan
CUST03522,Annual,2121.13,UPI,2022-07-07,,Standard Plan
CUST03523,Monthly,3323.27,Debit Card,2022-10-21,,Basic Plan
CUST03524,Monthly,1075.41,Debit Card,2021-08-12,,Basic Plan
CUST03525,Annual,4429.38,UPI,2024-10-15,,Basic Plan
CUST03526,Monthly,4444.95,Debit Card,2023-07-18,2026-01-05,Premium Plan
CUST03527,Monthly,3930.83,Auto Pay,2022-04-18,2026-06-27,Standard Plan
CUST03528,Quarterly,683.47,Net Banking,2024-05-21,,Basic Plan
CUST03529,Monthly,489.65,Net Banking,2022-01-10,2026-04-22,Basic Plan
CUST03530,Monthly,3466.0,Net Banking,2021-03-20,,Basic Plan
CUST03531,Annual,3242.88,Credit Card,2021-06-28,2026-03-09,Basic Plan
CUST03532,Annual,1752.45,Net Banking,2022-02-02,,Basic Plan
CUST03533,Monthly,4186.17,UPI,2023-07-22,2026-05-24,Premium Plan
CUST03534,Monthly,4699.53,Auto Pay,2025-03-05,2026-08-29,Basic Plan
CUST03535,Quarterly,1054.18,Debit Card,2021-06-17,,Standard Plan
CUST03536,Quarterly,2892.63,Auto Pay,2023-06-09,,Standard Plan
CUST03537,Monthly,2804.44,Credit Card,2023-09-26,2026-07-10,Standard Plan
CUST03538,Quarterly,3687.89,Net Banking,2024-12-18,2026-04-18,Standard Plan
CUST03539,Annual,4494.38,Auto Pay,2025-12-09,,Standard Plan
CUST03540,Monthly,4863.24,Auto Pay,2022-04-01,,Standard Plan
CUST03541,Monthly,666.54,UPI,2023-10-26,,Premium Plan
CUST03542,Quarterly,2229.89,Auto Pay,2025-05-08,,Basic Plan
CUST03543,Monthly,4051.87,UPI,2021-09-13,2026-06-06,Standard Plan
CUST03544,Annual,1050.35,Net Banking,2024-03-26,,Basic Plan
CUST03545,Monthly,4266.81,Debit Card,2022-06-15,,Basic Plan
CUST03546,Monthly,4524.78,Debit Card,2022-10-13,,Basic Plan
CUST03547,Monthly,834.84,Net Banking,2022-09-27,,Basic Plan
CUST03548,Monthly,401.73,Auto Pay,2021-07-21,2026-04-16,Basic Plan
CUST03549,Monthly,4598.47,Auto Pay,2025-10-11,,Standard Plan
CUST03550,Monthly,1688.9,Net Banking,2022-12-11,,Premium Plan
CUST03551,Monthly,556.8,UPI,2022-08-18,2026-08-14,Standard Plan
CUST03552,Monthly,3266.64,Auto Pay,2024-05-26,,Premium Plan
CUST03553,Monthly,2173.32,UPI,2025-11-28,,Basic Plan
CUST03554,Annual,3274.7,Net Banking,2023-03-29,,Basic Plan
CUST03555,Annual,4222.41,Debit Card,2021-04-18,,Premium Plan
CUST03556,Annual,4158.68,UPI,2021-08-26,,Basic Plan
CUST03557,Quarterly,4200.53,Debit Card,2024-05-05,,Basic Plan
CUST03558,Annual,4135.32,Credit Card,2025-08-17,,Basic Plan
CUST03559,Quarterly,2414.85,UPI,2022-11-13,2026-03-07,Premium Plan
CUST03560,Monthly,4554.64,Debit Card,2021-11-20,,Basic Plan
CUST03561,Quarterly,1552.9,Debit Card,2025-10-20,2026-03-22,Standard Plan
CUST03562,Quarterly,1798.64,Auto Pay,2022-02-25,,Standard Plan
CUST03563,Annual,4203.1,UPI,2024-10-11,,Standard Plan
CUST03564,Monthly,3919.1,Auto Pay,2023-04-28,,Basic Plan
CUST03565,Annual,2274.39,Auto Pay,2022-11-02,,Basic Plan
CUST03566,Monthly,3743.12,Debit Card,2021-07-14,,Standard Plan
CUST03567,Quarterly,3612.19,UPI,2021-08-31,,Premium Plan
CUST03568,Annual,906.1,UPI,2021-02-22,,Standard Plan
CUST03569,Annual,566.1,Net Banking,2024-08-18,,Basic Plan
CUST03570,Quarterly,697.0,UPI,2022-04-16,,Basic Plan
CUST03571,Monthly,2419.7,UPI,2024-11-22,,Basic Plan
CUST03572,Monthly,1816.77,Auto Pay,2021-01-10,,Basic Plan
CUST03573,Monthly,2963.26,Auto Pay,2021-12-10,,Standard Plan
CUST03574,Monthly,1175.59,UPI,2025-05-01,2026-03-20,Premium Plan
CUST03575,Quarterly,1129.19,Debit Card,2024-04-06,,Standard Plan
CUST03576,Monthly,1294.58,Debit Card,2021-06-13,,Basic Plan
CUST03577,Quarterly,2354.3,Net Banking,2022-08-15,,Premium Plan
CUST03578,Annual,520.23,Debit Card,2022-02-15,,Standard Plan
CUST03579,Monthly,4220.82,Net Banking,2025-12-01,,Basic Plan
CUST03580,Monthly,2771.5,UPI,2024-12-13,2026-07-09,Basic Plan
CUST03581,Annual,1057.55,Net Banking,2024-06-10,,Basic Plan
CUST03582,Annual,1705.87,Net Banking,2025-05-08,,Basic Plan
CUST03583,Monthly,855.32,Net Banking,2024-06-28,,Basic Plan
CUST03584,Monthly,2717.38,Credit Card,2025-10-07,2026-03-21,Standard Plan
CUST03585,Monthly,3585.63,Debit Card,2025-12-03,,Standard Plan
CUST03586,Quarterly,2788.83,Debit Card,2024-05-05,,Standard Plan
CUST03587,Monthly,3174.88,UPI,2022-01-03,,Standard Plan
CUST03588,Annual,1817.72,Net Banking,2024-01-11,,Basic Plan
CUST03589,Monthly,3715.97,Auto Pay,2022-01-04,2026-03-30,Basic Plan
CUST03590,Monthly,4125.85,Net Banking,2021-01-07,,Premium Plan
CUST03591,Quarterly,4388.14,Net Banking,2025-02-03,,Basic Plan
CUST03592,Monthly,3626.59,UPI,2024-10-21,,Basic Plan
CUST03593,Quarterly,4299.62,UPI,2024-03-24,,Basic Plan
CUST03594,Monthly,3954.7,UPI,2021-09-20,,Standard Plan
CUST03595,Monthly,536.27,UPI,2021-04-27,2026-05-29,Premium Plan
CUST03596,Quarterly,1602.09,UPI,2023-04-11,,Basic Plan
CUST03597,Quarterly,2225.91,Auto Pay,2025-08-06,,Standard Plan
CUST03598,Annual,4096.46,Net Banking,2022-06-29,,Basic Plan
CUST03599,Quarterly,2775.79,Debit Card,2022-04-10,,Basic Plan
CUST03600,Annual,3177.47,Net Banking,2022-07-17,,Standard Plan
CUST03601,Monthly,985.01,Auto Pay,2021-07-01,,Basic Plan
CUST03602,Annual,1998.97,Auto Pay,2023-11-05,,Premium Plan
CUST03603,Monthly,3850.11,Debit Card,2024-09-17,,Standard Plan
CUST03604,Quarterly,3560.12,Debit Card,2022-05-20,,Basic Plan
CUST03605,Monthly,3644.33,Credit Card,2024-08-01,,Standard Plan
CUST03606,Annual,1416.64,Credit Card,2023-03-28,,Premium Plan
CUST03607,Annual,1096.57,Net Banking,2021-11-17,,Standard Plan
CUST03608,Monthly,4639.79,UPI,2023-03-11,,Basic Plan
CUST03609,Quarterly,735.46,Credit Card,2022-09-29,,Basic Plan
CUST03610,Monthly,3316.1,Net Banking,2024-04-08,2026-03-25,Basic Plan
CUST03611,Monthly,2169.11,Auto Pay,2022-04-07,2026-05-18,Standard Plan
CUST03612,Annual,4198.36,Auto Pay,2025-12-10,,Basic Plan
CUST03613,Quarterly,2837.35,UPI,2024-06-12,,Premium Plan
CUST03614,Monthly,1798.64,Debit Card,2021-03-26,2026-05-05,Basic Plan
CUST03615,Annual,364.13,Auto Pay,2023-01-18,,Standard Plan
CUST03616,Annual,2826.29,Auto Pay,2022-01-15,2026-07-17,Standard Plan
CUST03617,Monthly,4601.07,Debit Card,2022-11-16,,Basic Plan
CUST03618,Monthly,2918.65,Credit Card,2024-08-18,,Standard Plan
CUST03619,Monthly,438.71,Debit Card,2021-04-14,2026-06-08,Basic Plan
CUST03620,Annual,930.49,Auto Pay,2021-04-09,2026-05-11,Basic Plan
CUST03621,Monthly,312.55,Auto Pay,2024-06-14,,Basic Plan
CUST03622,Monthly,3839.16,Auto Pay,2024-04-05,,Standard Plan
CUST03623,Quarterly,1625.55,Net Banking,2025-01-12,,Standard Plan
CUST03624,Quarterly,2731.09,Auto Pay,2023-10-16,,Basic Plan
CUST03625,Monthly,3910.65,Auto Pay,2023-04-21,,Premium Plan
CUST03626,Monthly,3268.49,Auto Pay,2024-03-15,,Basic Plan
CUST03627,Monthly,2732.67,Credit Card,2022-11-09,,Basic Plan
CUST03628,Quarterly,1473.2,Credit Card,2022-11-30,,Standard Plan
CUST03629,Quarterly,1643.01,Credit Card,2022-09-14,,Premium Plan
CUST03630,Monthly,4170.33,Debit Card,2025-04-04,,Premium Plan
CUST03631,Annual,528.42,Debit Card,2021-06-21,,Standard Plan
CUST03632,Annual,4879.78,Auto Pay,2024-05-28,,Basic Plan
CUST03633,Quarterly,2425.29,Net Banking,2021-12-02,,Premium Plan
CUST03634,Annual,2824.13,Debit Card,2024-03-10,,Standard Plan
CUST03635,Monthly,950.56,Auto Pay,2023-08-29,2026-01-20,Premium Plan
CUST03636,Monthly,1028.6,Auto Pay,2025-02-13,,Basic Plan
CUST03637,Monthly,2057.55,Auto Pay,2023-04-30,,Standard Plan
CUST03638,Annual,2452.33,Credit Card,2023-09-22,,Basic Plan
CUST03639,Monthly,4819.39,Debit Card,2024-12-25,,Basic Plan
CUST03640,Monthly,2192.5,Debit Card,2024-04-11,,Basic Plan
CUST03641,Quarterly,4198.34,UPI,2023-11-19,,Basic Plan
CUST03642,Quarterly,4490.9,Auto Pay,2025-07-22,,Standard Plan
CUST03643,Quarterly,3289.4,UPI,2022-09-23,,Standard Plan
CUST03644,Annual,4804.8,Credit Card,2024-01-30,,Basic Plan
CUST03645,Quarterly,1206.85,Net Banking,2024-08-29,,Basic Plan
CUST03646,Monthly,2379.77,Debit Card,2024-07-19,2026-03-13,Standard Plan
CUST03647,Annual,4818.99,Debit Card,2025-08-26,,Basic Plan
CUST03648,Monthly,2398.82,UPI,2023-12-28,,Standard Plan
CUST03649,Monthly,4635.21,Debit Card,2023-04-24,,Standard Plan
CUST03650,Annual,4339.6,Credit Card,2025-05-18,,Standard Plan
CUST03651,Annual,2538.81,Auto Pay,2025-11-14,2026-03-02,Premium Plan
CUST03652,Monthly,3438.73,Credit Card,2023-03-06,,Basic Plan
CUST03653,Quarterly,2411.89,Net Banking,2023-07-12,,Standard Plan
CUST03654,Annual,2577.1,Debit Card,2025-08-15,,Premium Plan
CUST03655,Annual,3115.81,Auto Pay,2024-06-06,,Standard Plan
CUST03656,Quarterly,2513.22,Net Banking,2024-08-05,,Standard Plan
CUST03657,Annual,4314.25,Net Banking,2023-07-02,,Standard Plan
CUST03658,Monthly,1864.78,UPI,2023-02-08,2026-06-10,Standard Plan
CUST03659,Monthly,1217.83,Debit Card,2025-10-08,2026-07-11,Standard Plan
CUST03660,Monthly,2550.26,Auto Pay,2023-02-27,,Basic Plan
CUST03661,Monthly,4137.92,Auto Pay,2025-03-31,,Basic Plan
CUST03662,Annual,4677.07,Debit Card,2023-02-17,,Basic Plan
CUST03663,Monthly,3236.68,Auto Pay,2025-07-03,,Standard Plan
CUST03664,Monthly,1523.07,UPI,2023-11-30,,Premium Plan
CUST03665,Monthly,1394.45,Credit Card,2022-10-02,2026-08-01,Basic Plan
CUST03666,Monthly,3525.82,Debit Card,2022-11-08,,Basic Plan
CUST03667,Monthly,2261.13,Debit Card,2025-12-16,2026-02-11,Basic Plan
CUST03668,Monthly,2720.27,Auto Pay,2024-10-24,,Basic Plan
CUST03669,Quarterly,4906.75,UPI,2022-02-27,2026-01-17,Basic Plan
CUST03670,Monthly,1963.27,Auto Pay,2023-04-02,,Standard Plan
CUST03671,Monthly,4852.75,Credit Card,2021-08-15,2026-05-18,Basic Plan
CUST03672,Annual,1246.38,Auto Pay,2021-03-25,,Basic Plan
CUST03673,Monthly,4742.97,UPI,2023-07-08,2026-01-17,Basic Plan
CUST03674,Annual,2249.45,Net Banking,2025-12-13,,Basic Plan
CUST03675,Monthly,1501.03,Debit Card,2025-08-28,2026-04-20,Standard Plan
CUST03676,Quarterly,4921.04,Credit Card,2024-09-11,,Basic Plan
CUST03677,Monthly,3002.52,UPI,2022-07-07,2026-06-08,Standard Plan
CUST03678,Monthly,2010.97,Credit Card,2022-04-19,2026-05-07,Standard Plan
CUST03679,Quarterly,1219.5,Debit Card,2023-02-17,,Basic Plan
CUST03680,Quarterly,2413.49,Auto Pay,2021-10-06,2026-06-22,Standard Plan
CUST03681,Monthly,4926.38,UPI,2021-05-23,,Premium Plan
CUST03682,Monthly,1597.94,Net Banking,2023-04-29,2026-08-11,Standard Plan
CUST03683,Annual,1902.46,Auto Pay,2024-08-19,,Basic Plan
CUST03684,Monthly,1110.67,Auto Pay,2023-09-06,,Basic Plan
CUST03685,Monthly,2794.79,UPI,2023-05-18,,Basic Plan
CUST03686,Monthly,3586.13,Debit Card,2021-10-29,2026-07-12,Standard Plan
CUST03687,Monthly,3626.12,Credit Card,2023-07-24,,Basic Plan
CUST03688,Monthly,1085.21,Credit Card,2024-01-08,,Basic Plan
CUST03689,Annual,3372.49,Credit Card,2021-12-03,2026-01-23,Standard Plan
CUST03690,Monthly,4329.71,UPI,2024-11-10,,Basic Plan
CUST03691,Monthly,1570.7,Credit Card,2024-05-18,2026-06-06,Basic Plan
CUST03692,Monthly,1662.88,Credit Card,2023-06-17,,Standard Plan
CUST03693,Monthly,2787.92,Auto Pay,2024-05-16,,Basic Plan
CUST03694,Annual,2100.25,Net Banking,2024-07-07,2026-05-04,Premium Plan
CUST03695,Quarterly,649.74,Auto Pay,2025-10-31,2026-01-28,Basic Plan
CUST03696,Annual,330.31,UPI,2021-11-26,2026-05-17,Standard Plan
CUST03697,Annual,978.66,UPI,2023-01-24,,Standard Plan
CUST03698,Monthly,2036.71,Net Banking,2022-07-28,,Standard Plan
CUST03699,Monthly,1421.4,UPI,2021-11-10,,Basic Plan
CUST03700,Annual,4173.93,UPI,2024-01-29,,Standard Plan
CUST03701,Annual,2886.46,Net Banking,2021-08-08,,Standard Plan
CUST03702,Annual,1724.51,Credit Card,2022-10-02,,Basic Plan
CUST03703,Monthly,1869.91,Debit Card,2024-07-07,,Basic Plan
CUST03704,Monthly,1360.71,Net Banking,2025-05-25,,Basic Plan
CUST03705,Monthly,4928.18,Debit Card,2024-03-20,,Standard Plan
CUST03706,Monthly,1892.2,Debit Card,2021-09-06,,Basic Plan
CUST03707,Monthly,1737.8,Net Banking,2025-07-29,2026-02-01,Premium Plan
CUST03708,Annual,564.78,Credit Card,2023-06-30,,Basic Plan
CUST03709,Monthly,2282.76,Credit Card,2022-09-15,,Basic Plan
CUST03710,Monthly,1914.64,UPI,2024-02-12,,Basic Plan
CUST03711,Monthly,2877.93,Net Banking,2022-06-03,2026-07-11,Standard Plan
CUST03712,Annual,637.81,Net Banking,2024-06-17,,Standard Plan
CUST03713,Monthly,795.53,UPI,2022-04-23,2026-05-09,Standard Plan
CUST03714,Monthly,2061.62,Credit Card,2025-11-08,2026-03-10,Basic Plan
CUST03715,Monthly,2692.19,Credit Card,2021-08-31,,Premium Plan
CUST03716,Annual,3101.56,Debit Card,2023-02-16,,Premium Plan
CUST03717,Annual,3155.96,Auto Pay,2021-04-25,2026-06-30,Basic Plan
CUST03718,Annual,2079.34,Debit Card,2023-06-06,,Standard Plan
CUST03719,Quarterly,3278.69,Credit Card,2021-08-09,,Standard Plan
CUST03720,Monthly,3530.4,UPI,2021-02-28,,Premium Plan
CUST03721,Monthly,4851.8,Credit Card,2022-01-22,2026-07-21,Basic Plan
CUST03722,Monthly,3008.24,Debit Card,2024-02-12,,Basic Plan
CUST03723,Monthly,2297.25,Net Banking,2022-11-07,,Standard Plan
CUST03724,Quarterly,462.97,Net Banking,2023-10-09,,Premium Plan
CUST03725,Monthly,4938.29,Net Banking,2021-11-12,,Basic Plan
CUST03726,Quarterly,4605.68,Net Banking,2022-04-27,,Standard Plan
CUST03727,Monthly,4736.64,Auto Pay,2024-04-23,2026-04-13,Basic Plan
CUST03728,Monthly,2117.5,UPI,2025-06-16,,Standard Plan
CUST03729,Monthly,1677.39,UPI,2022-11-11,,Basic Plan
CUST03730,Monthly,2542.4,Credit Card,2025-11-30,,Basic Plan
CUST03731,Quarterly,1186.53,Credit Card,2022-03-03,,Basic Plan
CUST03732,Monthly,3086.83,UPI,2021-05-12,,Standard Plan
CUST03733,Monthly,1155.51,Net Banking,2025-03-27,,Basic Plan
CUST03734,Quarterly,2933.21,Auto Pay,2025-08-21,2026-07-08,Basic Plan
CUST03735,Monthly,3600.66,Auto Pay,2021-07-25,2026-01-09,Basic Plan
CUST03736,Monthly,3384.32,Auto Pay,2023-05-20,,Standard Plan
CUST03737,Annual,4476.65,Debit Card,2022-12-29,2026-06-08,Premium Plan
CUST03738,Quarterly,1986.55,Net Banking,2025-07-30,,Premium Plan
CUST03739,Quarterly,2858.1,Credit Card,2025-05-28,2026-04-03,Standard Plan
CUST03740,Monthly,3214.66,Auto Pay,2021-01-04,,Standard Plan
CUST03741,Quarterly,664.71,Net Banking,2025-03-12,,Premium Plan
CUST03742,Quarterly,1775.95,Auto Pay,2024-10-28,,Premium Plan
CUST03743,Monthly,3511.64,Debit Card,2025-10-16,,Standard Plan
CUST03744,Quarterly,4398.94,UPI,2025-04-25,,Standard Plan
CUST03745,Quarterly,536.74,Net Banking,2023-10-02,,Premium Plan
CUST03746,Quarterly,4832.96,UPI,2024-07-15,,Premium Plan
CUST03747,Quarterly,1056.79,UPI,2023-07-24,2026-07-28,Standard Plan
CUST03748,Monthly,2775.86,UPI,2022-03-03,,Standard Plan
CUST03749,Monthly,1017.48,Debit Card,2022-03-08,2026-03-17,Premium Plan
CUST03750,Annual,4323.62,Auto Pay,2025-11-16,,Standard Plan
CUST03751,Annual,1435.85,Debit Card,2021-09-22,2026-05-30,Standard Plan
CUST03752,Annual,4635.08,Auto Pay,2022-02-25,2026-04-14,Premium Plan
CUST03753,Monthly,2948.17,Net Banking,2025-05-05,2026-06-01,Standard Plan
CUST03754,Monthly,3449.35,Auto Pay,2021-09-23,,Premium Plan
CUST03755,Quarterly,810.61,UPI,2023-07-14,2026-07-06,Standard Plan
CUST03756,Monthly,1790.73,Auto Pay,2023-01-05,2026-06-02,Standard Plan
CUST03757,Annual,2646.19,Debit Card,2021-07-31,,Premium Plan
CUST03758,Monthly,2765.03,Net Banking,2025-03-29,,Premium Plan
CUST03759,Quarterly,1600.0,Debit Card,2024-03-27,,Standard Plan
CUST03760,Quarterly,2117.9,Debit Card,2024-08-02,,Basic Plan
CUST03761,Quarterly,1953.6,Debit Card,2021-12-26,,Premium Plan
CUST03762,Monthly,1591.48,Credit Card,2022-08-18,,Premium Plan
CUST03763,Quarterly,1899.3,UPI,2023-08-14,,Basic Plan
CUST03764,Annual,812.92,UPI,2023-01-08,,Basic Plan
CUST03765,Monthly,3309.07,Auto Pay,2021-07-24,2026-07-19,Basic Plan
CUST03766,Annual,4130.0,Debit Card,2024-05-19,,Basic Plan
CUST03767,Monthly,1961.53,Credit Card,2023-02-14,,Basic Plan
CUST03768,Monthly,4314.37,Auto Pay,2023-08-21,,Basic Plan
CUST03769,Monthly,4525.72,Debit Card,2022-02-19,2026-07-10,Basic Plan
CUST03770,Monthly,2601.61,Credit Card,2022-03-09,2026-07-05,Basic Plan
CUST03771,Annual,2173.81,UPI,2022-08-12,2026-06-12,Basic Plan
CUST03772,Quarterly,4393.7,Credit Card,2022-01-12,2026-07-05,Premium Plan
CUST03773,Annual,2302.8,Net Banking,2023-08-14,,Premium Plan
CUST03774,Quarterly,3242.56,Auto Pay,2022-06-21,,Standard Plan
CUST03775,Annual,1227.16,Auto Pay,2024-10-12,,Premium Plan
CUST03776,Monthly,422.57,UPI,2023-02-22,,Basic Plan
CUST03777,Annual,2299.18,Credit Card,2021-01-21,,Basic Plan
CUST03778,Monthly,3776.71,UPI,2025-10-30,,Basic Plan
CUST03779,Monthly,1083.81,Credit Card,2023-02-19,,Standard Plan
CUST03780,Monthly,544.02,Credit Card,2023-09-01,,Basic Plan
CUST03781,Monthly,3957.88,Debit Card,2024-12-23,2026-03-15,Standard Plan
CUST03782,Monthly,4662.17,Net Banking,2021-03-31,,Basic Plan
CUST03783,Annual,1567.39,UPI,2025-12-21,,Standard Plan
CUST03784,Monthly,1629.33,Net Banking,2022-09-27,,Basic Plan
CUST03785,Monthly,1328.35,Auto Pay,2025-02-17,2026-03-17,Standard Plan
CUST03786,Quarterly,4812.43,Debit Card,2022-01-09,,Standard Plan
CUST03787,Annual,4308.46,UPI,2024-11-13,2026-04-07,Basic Plan
CUST03788,Monthly,1971.26,Debit Card,2022-04-03,2026-04-30,Basic Plan
CUST03789,Annual,3285.36,Net Banking,2025-09-19,,Basic Plan
CUST03790,Monthly,3952.18,Debit Card,2021-11-14,,Basic Plan
CUST03791,Quarterly,1363.71,Debit Card,2022-01-30,,Basic Plan
CUST03792,Monthly,1024.02,Debit Card,2021-08-28,2026-05-13,Premium Plan
CUST03793,Monthly,3112.28,Net Banking,2021-07-20,,Standard Plan
CUST03794,Monthly,2554.56,Credit Card,2023-10-01,,Basic Plan
CUST03795,Monthly,540.44,Debit Card,2021-03-30,,Basic Plan
CUST03796,Annual,573.14,Auto Pay,2021-04-09,,Standard Plan
CUST03797,Monthly,2061.43,Net Banking,2023-06-06,,Standard Plan
CUST03798,Quarterly,4969.88,Credit Card,2021-04-02,,Basic Plan
CUST03799,Annual,503.6,UPI,2025-08-06,,Premium Plan
CUST03800,Monthly,370.76,Credit Card,2023-11-23,,Basic Plan
CUST03801,Monthly,4359.93,Credit Card,2021-06-30,2026-07-14,Basic Plan
CUST03802,Annual,4073.44,Debit Card,2021-03-04,,Standard Plan
CUST03803,Monthly,694.63,Net Banking,2023-05-25,,Basic Plan
CUST03804,Annual,3757.05,Net Banking,2021-04-29,,Basic Plan
CUST03805,Monthly,4716.62,Credit Card,2021-12-07,2026-02-09,Basic Plan
CUST03806,Monthly,1903.78,Debit Card,2025-02-03,,Premium Plan
CUST03807,Monthly,2771.66,Auto Pay,2022-05-12,,Basic Plan
CUST03808,Quarterly,4408.87,Auto Pay,2021-02-10,,Standard Plan
CUST03809,Monthly,2051.83,Net Banking,2023-06-24,,Basic Plan
CUST03810,Annual,2068.73,Net Banking,2025-12-03,,Standard Plan
CUST03811,Annual,4944.25,Debit Card,2021-07-05,2026-05-10,Standard Plan
CUST03812,Monthly,477.07,Net Banking,2023-06-26,,Basic Plan
CUST03813,Annual,302.19,Auto Pay,2025-07-08,,Standard Plan
CUST03814,Annual,1133.94,UPI,2024-02-17,2026-02-17,Standard Plan
CUST03815,Monthly,4062.85,UPI,2025-03-21,2026-07-17,Basic Plan
CUST03816,Annual,4347.53,Auto Pay,2024-09-09,,Premium Plan
CUST03817,Monthly,2101.87,Credit Card,2025-08-01,2026-08-15,Standard Plan
CUST03818,Annual,1266.97,Net Banking,2021-02-22,,Basic Plan
CUST03819,Monthly,593.69,UPI,2022-03-15,,Standard Plan
CUST03820,Annual,4671.07,Credit Card,2025-06-29,,Premium Plan
CUST03821,Quarterly,4455.26,Credit Card,2024-11-05,,Standard Plan
CUST03822,Quarterly,609.26,Auto Pay,2025-08-22,2026-01-21,Basic Plan
CUST03823,Monthly,3659.65,Credit Card,2021-04-18,2026-01-12,Premium Plan
CUST03824,Monthly,4703.12,Auto Pay,2024-08-05,,Premium Plan
CUST03825,Quarterly,3064.66,Credit Card,2025-01-27,,Standard Plan
CUST03826,Monthly,3384.31,Debit Card,2022-12-07,,Standard Plan
CUST03827,Monthly,3447.69,Net Banking,2022-07-03,,Standard Plan
CUST03828,Monthly,1917.13,UPI,2021-06-19,2026-05-20,Standard Plan
CUST03829,Annual,2124.87,Auto Pay,2022-10-16,,Basic Plan
CUST03830,Monthly,2026.35,Net Banking,2024-10-24,,Standard Plan
CUST03831,Annual,1799.52,Credit Card,2022-10-19,2026-07-14,Premium Plan
CUST03832,Monthly,1696.48,Net Banking,2023-06-12,,Basic Plan
CUST03833,Monthly,3588.17,Auto Pay,2023-11-26,2026-01-06,Basic Plan
CUST03834,Annual,4461.52,Debit Card,2022-04-26,2026-07-24,Standard Plan
CUST03835,Annual,3549.17,Credit Card,2024-08-09,,Basic Plan
CUST03836,Quarterly,2653.35,UPI,2024-09-03,,Basic Plan
CUST03837,Monthly,2912.48,Auto Pay,2023-12-22,,Standard Plan
CUST03838,Quarterly,2268.1,UPI,2022-04-14,,Standard Plan
CUST03839,Annual,2656.85,Auto Pay,2023-05-30,,Premium Plan
CUST03840,Quarterly,3415.96,Net Banking,2025-05-07,,Basic Plan
CUST03841,Annual,4259.6,Credit Card,2022-05-10,,Premium Plan
CUST03842,Monthly,816.23,Debit Card,2022-05-21,2026-08-20,Standard Plan
CUST03843,Monthly,1192.78,Net Banking,2024-08-22,,Premium Plan
CUST03844,Monthly,2909.38,Debit Card,2024-12-10,,Basic Plan
CUST03845,Monthly,4890.37,Credit Card,2023-09-08,,Standard Plan
CUST03846,Annual,346.64,Debit Card,2021-07-06,2026-03-31,Basic Plan
CUST03847,Quarterly,4098.17,Net Banking,2023-02-28,,Standard Plan
CUST03848,Monthly,1631.01,UPI,2022-06-23,2026-02-15,Basic Plan
CUST03849,Monthly,715.13,Debit Card,2024-03-30,2026-03-23,Premium Plan
CUST03850,Annual,4785.99,Credit Card,2025-05-07,2026-07-08,Basic Plan
CUST03851,Monthly,1474.15,Auto Pay,2022-10-12,2026-07-06,Basic Plan
CUST03852,Annual,701.49,Net Banking,2022-04-05,,Basic Plan
CUST03853,Quarterly,1694.16,Net Banking,2021-02-07,,Standard Plan
CUST03854,Monthly,3845.99,Credit Card,2022-12-08,2026-07-11,Premium Plan
CUST03855,Annual,1195.53,Net Banking,2024-02-28,2026-04-21,Basic Plan
CUST03856,Annual,1466.68,Net Banking,2023-04-13,,Standard Plan
CUST03857,Quarterly,493.54,Debit Card,2022-02-09,,Basic Plan
CUST03858,Annual,372.71,Auto Pay,2024-01-03,,Basic Plan
CUST03859,Quarterly,688.72,Net Banking,2024-06-11,,Standard Plan
CUST03860,Monthly,1806.46,UPI,2025-09-03,,Basic Plan
CUST03861,Annual,2546.12,Net Banking,2024-08-14,,Basic Plan
CUST03862,Monthly,3914.69,Debit Card,2023-08-10,2026-04-26,Standard Plan
CUST03863,Annual,403.57,Debit Card,2025-01-14,,Basic Plan
CUST03864,Monthly,2537.97,Net Banking,2024-09-27,,Standard Plan
CUST03865,Annual,2805.74,Net Banking,2022-06-09,,Standard Plan
CUST03866,Monthly,2613.85,UPI,2025-04-02,,Standard Plan
CUST03867,Monthly,3465.45,Auto Pay,2024-06-12,,Basic Plan
CUST03868,Annual,1785.55,Credit Card,2022-02-25,,Standard Plan
CUST03869,Quarterly,1354.17,Auto Pay,2021-10-12,,Basic Plan
CUST03870,Annual,2216.28,Debit Card,2021-10-26,,Basic Plan
CUST03871,Monthly,2073.17,Debit Card,2021-07-13,,Basic Plan
CUST03872,Monthly,4814.88,Debit Card,2022-06-07,2026-03-28,Standard Plan
CUST03873,Quarterly,4139.79,Debit Card,2024-03-06,,Basic Plan
CUST03874,Monthly,3030.07,Net Banking,2024-06-13,2026-08-14,Standard Plan
CUST03875,Monthly,1538.02,Net Banking,2025-06-13,,Basic Plan
CUST03876,Monthly,1791.33,Net Banking,2025-04-09,,Basic Plan
CUST03877,Monthly,4579.69,Credit Card,2023-12-14,,Standard Plan
CUST03878,Annual,1386.65,Credit Card,2024-09-27,,Basic Plan
CUST03879,Monthly,4411.14,UPI,2021-05-28,2026-02-24,Basic Plan
CUST03880,Annual,3814.84,Debit Card,2021-11-16,,Basic Plan
CUST03881,Monthly,3964.5,Auto Pay,2025-05-03,,Standard Plan
CUST03882,Monthly,2840.1,Auto Pay,2021-12-08,,Basic Plan
CUST03883,Monthly,2737.18,UPI,2023-04-27,2026-01-17,Premium Plan
CUST03884,Quarterly,1122.59,Debit Card,2021-02-19,,Standard Plan
CUST03885,Monthly,441.45,Debit Card,2025-08-28,,Standard Plan
CUST03886,Annual,4364.03,UPI,2025-12-03,,Basic Plan
CUST03887,Monthly,3340.91,Net Banking,2024-01-28,,Premium Plan
CUST03888,Monthly,2213.54,Credit Card,2021-12-30,2026-08-25,Premium Plan
CUST03889,Monthly,4111.9,Net Banking,2022-12-26,2026-06-06,Basic Plan
CUST03890,Annual,503.39,Debit Card,2024-05-07,,Basic Plan
CUST03891,Annual,2524.68,Debit Card,2022-07-06,,Standard Plan
CUST03892,Monthly,2039.34,Auto Pay,2022-01-03,,Basic Plan
CUST03893,Monthly,2216.96,UPI,2021-05-19,,Standard Plan
CUST03894,Monthly,1315.69,Auto Pay,2023-01-13,,Standard Plan
CUST03895,Monthly,1787.45,Debit Card,2022-10-23,,Premium Plan
CUST03896,Quarterly,1470.28,Net Banking,2024-09-15,,Standard Plan
CUST03897,Monthly,300.18,UPI,2024-08-02,,Basic Plan
CUST03898,Monthly,3921.76,UPI,2021-10-03,,Basic Plan
CUST03899,Monthly,3139.75,UPI,2021-01-30,,Standard Plan
CUST03900,Monthly,3882.77,UPI,2022-09-21,2026-01-13,Basic Plan
CUST03901,Monthly,4099.19,Credit Card,2024-02-02,2026-02-12,Standard Plan
CUST03902,Quarterly,3577.02,Auto Pay,2025-06-28,,Standard Plan
CUST03903,Quarterly,3785.7,Debit Card,2024-10-13,,Standard Plan
CUST03904,Monthly,4702.96,Auto Pay,2024-07-11,2026-03-21,Standard Plan
CUST03905,Quarterly,4358.73,Credit Card,2021-05-01,,Standard Plan
CUST03906,Quarterly,1549.36,Debit Card,2021-09-03,2026-01-21,Premium Plan
CUST03907,Monthly,331.56,UPI,2025-07-23,,Standard Plan
CUST03908,Monthly,1360.66,Credit Card,2022-11-30,2026-06-06,Basic Plan
CUST03909,Annual,517.76,Debit Card,2023-12-16,2026-05-31,Basic Plan
CUST03910,Annual,1192.03,UPI,2022-09-09,2026-05-15,Basic Plan
CUST03911,Monthly,3588.84,Net Banking,2022-01-15,,Basic Plan
CUST03912,Monthly,346.96,Credit Card,2024-10-22,,Basic Plan
CUST03913,Monthly,2159.29,Credit Card,2023-12-04,2026-04-06,Basic Plan
CUST03914,Monthly,2205.97,UPI,2023-10-22,,Basic Plan
CUST03915,Annual,394.47,Auto Pay,2023-11-30,,Basic Plan
CUST03916,Monthly,3649.67,Credit Card,2022-02-14,,Standard Plan
CUST03917,Quarterly,3289.49,Auto Pay,2021-08-14,,Standard Plan
CUST03918,Monthly,3370.47,UPI,2023-11-12,,Standard Plan
CUST03919,Monthly,2422.84,Credit Card,2023-07-31,,Premium Plan
CUST03920,Quarterly,1201.08,Credit Card,2024-11-13,,Basic Plan
CUST03921,Monthly,1709.54,Auto Pay,2022-02-17,2026-07-07,Standard Plan
CUST03922,Monthly,2078.73,Net Banking,2021-02-05,,Basic Plan
CUST03923,Quarterly,4820.97,Debit Card,2025-12-25,2026-07-09,Standard Plan
CUST03924,Monthly,2916.36,Debit Card,2021-02-17,,Standard Plan
CUST03925,Quarterly,2151.85,Debit Card,2022-10-24,2026-02-07,Standard Plan
CUST03926,Quarterly,4258.06,Debit Card,2021-12-15,,Premium Plan
CUST03927,Monthly,4335.15,Credit Card,2021-12-16,,Basic Plan
CUST03928,Monthly,931.79,Auto Pay,2022-02-23,,Premium Plan
CUST03929,Monthly,4393.83,Debit Card,2024-12-16,2026-05-20,Basic Plan
CUST03930,Monthly,3171.41,Credit Card,2023-06-09,2026-03-13,Basic Plan
CUST03931,Quarterly,371.51,Net Banking,2024-04-11,,Standard Plan
CUST03932,Annual,2156.96,Credit Card,2021-06-11,,Standard Plan
CUST03933,Monthly,2661.1,Auto Pay,2023-05-05,,Standard Plan
CUST03934,Quarterly,726.46,Net Banking,2023-10-04,,Standard Plan
CUST03935,Annual,3594.52,Credit Card,2021-08-11,,Standard Plan
CUST03936,Monthly,4874.9,UPI,2023-10-20,,Standard Plan
CUST03937,Monthly,3366.25,Auto Pay,2023-06-15,,Premium Plan
CUST03938,Annual,1025.73,Auto Pay,2025-07-25,,Standard Plan
CUST03939,Quarterly,830.85,Auto Pay,2025-05-22,2026-01-16,Standard Plan
CUST03940,Quarterly,1092.93,Net Banking,2022-06-18,2026-01-17,Premium Plan
CUST03941,Monthly,3733.0,Credit Card,2022-10-10,,Standard Plan
CUST03942,Monthly,2223.4,Debit Card,2024-08-18,,Basic Plan
CUST03943,Monthly,4095.03,Auto Pay,2023-02-23,,Basic Plan
CUST03944,Quarterly,2186.93,Net Banking,2025-08-25,,Standard Plan
CUST03945,Monthly,3926.0,Credit Card,2021-04-15,,Basic Plan
CUST03946,Monthly,452.05,Net Banking,2025-02-22,,Standard Plan
CUST03947,Monthly,752.15,Debit Card,2025-03-23,,Basic Plan
CUST03948,Annual,2447.29,Credit Card,2025-04-30,,Basic Plan
CUST03949,Quarterly,927.04,Auto Pay,2024-04-28,,Basic Plan
CUST03950,Monthly,2029.93,Credit Card,2023-06-04,2026-07-17,Basic Plan
CUST03951,Annual,2439.14,Net Banking,2025-03-15,,Standard Plan
CUST03952,Annual,2636.76,Debit Card,2025-06-09,,Standard Plan
CUST03953,Annual,1970.89,UPI,2025-10-27,,Standard Plan
CUST03954,Quarterly,2825.31,Debit Card,2022-11-06,2026-08-13,Basic Plan
CUST03955,Monthly,2516.84,Net Banking,2025-10-06,,Premium Plan
CUST03956,Monthly,386.73,Auto Pay,2022-01-24,,Standard Plan
CUST03957,Monthly,623.15,UPI,2025-06-18,,Standard Plan
CUST03958,Annual,1698.29,Net Banking,2025-09-12,,Basic Plan
CUST03959,Monthly,3704.21,Credit Card,2024-11-21,,Basic Plan
CUST03960,Monthly,507.27,UPI,2021-01-29,2026-01-05,Premium Plan
CUST03961,Quarterly,1751.5,Credit Card,2023-12-01,,Basic Plan
CUST03962,Monthly,2200.17,Credit Card,2025-04-03,,Basic Plan
CUST03963,Monthly,423.41,Net Banking,2024-02-25,,Standard Plan
CUST03964,Quarterly,2346.35,Net Banking,2025-08-10,,Basic Plan
CUST03965,Monthly,3425.12,Auto Pay,2021-04-22,,Basic Plan
CUST03966,Quarterly,4161.08,Credit Card,2022-12-10,,Basic Plan
CUST03967,Quarterly,4971.11,UPI,2022-09-12,,Premium Plan
CUST03968,Monthly,1745.08,Credit Card,2025-06-04,,Standard Plan
CUST03969,Quarterly,1854.76,Credit Card,2022-11-19,,Standard Plan
CUST03970,Annual,4905.26,Debit Card,2025-12-05,,Standard Plan
CUST03971,Monthly,3255.35,UPI,2021-11-06,,Standard Plan
CUST03972,Quarterly,3454.9,UPI,2022-12-08,,Basic Plan
CUST03973,Monthly,4238.47,Credit Card,2022-10-05,2026-03-02,Premium Plan
CUST03974,Monthly,4949.88,Credit Card,2021-02-23,2026-01-30,Basic Plan
CUST03975,Quarterly,4479.27,Credit Card,2021-09-14,,Premium Plan
CUST03976,Annual,3621.5,Net Banking,2022-04-03,2026-06-03,Basic Plan
CUST03977,Quarterly,1055.61,Debit Card,2022-05-23,,Standard Plan
CUST03978,Annual,3158.87,UPI,2023-04-29,,Basic Plan
CUST03979,Quarterly,2448.21,Credit Card,2021-02-18,2026-07-14,Standard Plan
CUST03980,Monthly,1464.28,Debit Card,2022-04-06,,Basic Plan
CUST03981,Annual,4177.66,Debit Card,2024-12-08,,Basic Plan
CUST03982,Monthly,4260.24,UPI,2024-09-03,2026-06-01,Basic Plan
CUST03983,Monthly,3303.12,Credit Card,2023-06-26,2026-03-03,Standard Plan
CUST03984,Monthly,729.94,Debit Card,2021-12-30,,Basic Plan
CUST03985,Quarterly,4492.84,Debit Card,2022-12-01,,Standard Plan
CUST03986,Annual,2291.39,Net Banking,2022-11-19,,Premium Plan
CUST03987,Monthly,3475.73,Auto Pay,2025-08-02,2026-08-29,Standard Plan
CUST03988,Monthly,2582.65,Debit Card,2021-04-29,,Basic Plan
CUST03989,Quarterly,4550.85,Credit Card,2023-10-17,,Basic Plan
CUST03990,Monthly,558.5,Auto Pay,2025-07-08,,Basic Plan
CUST03991,Monthly,3591.02,Credit Card,2023-08-18,,Standard Plan
CUST03992,Monthly,4162.85,Net Banking,2025-12-23,2026-07-29,Basic Plan
CUST03993,Quarterly,1989.99,UPI,2021-03-30,,Standard Plan
CUST03994,Monthly,4267.49,Credit Card,2023-12-14,2026-02-24,Premium Plan
CUST03995,Monthly,319.91,UPI,2024-10-07,2026-06-17,Basic Plan
CUST03996,Annual,414.3,Auto Pay,2024-08-18,,Basic Plan
CUST03997,Annual,3894.4,Net Banking,2021-01-02,2026-03-22,Basic Plan
CUST03998,Monthly,4121.94,Net Banking,2023-07-04,2026-02-07,Standard Plan
CUST03999,Quarterly,3890.74,UPI,2022-07-21,,Standard Plan
CUST04000,Annual,2435.3,Auto Pay,2024-12-08,,Basic Plan
CUST04001,Monthly,3354.77,Auto Pay,2021-09-27,2026-04-18,Basic Plan
CUST04002,Monthly,3419.42,Credit Card,2024-12-27,,Standard Plan
CUST04003,Monthly,3962.12,Credit Card,2022-11-15,,Basic Plan
CUST04004,Quarterly,4137.84,Net Banking,2025-10-21,2026-01-11,Basic Plan
CUST04005,Monthly,4981.06,Debit Card,2024-07-06,2026-03-18,Standard Plan
CUST04006,Monthly,4373.46,UPI,2021-07-26,2026-06-06,Standard Plan
CUST04007,Monthly,1409.73,Auto Pay,2025-01-07,2026-05-04,Standard Plan
CUST04008,Monthly,615.22,Auto Pay,2022-07-15,,Premium Plan
CUST04009,Monthly,3245.65,Net Banking,2023-11-17,2026-03-25,Basic Plan
CUST04010,Quarterly,3709.85,Debit Card,2022-01-26,,Premium Plan
CUST04011,Quarterly,3468.18,Auto Pay,2021-07-28,,Premium Plan
CUST04012,Annual,3720.78,Net Banking,2023-09-15,,Premium Plan
CUST04013,Monthly,2797.1,UPI,2025-08-08,,Basic Plan
CUST04014,Monthly,3270.77,Auto Pay,2022-08-20,,Basic Plan
CUST04015,Monthly,2157.43,Auto Pay,2023-09-23,2026-01-25,Standard Plan
CUST04016,Quarterly,3861.56,Debit Card,2023-04-03,2026-05-24,Premium Plan
CUST04017,Annual,1649.48,Debit Card,2021-06-02,,Basic Plan
CUST04018,Monthly,4066.4,Debit Card,2022-11-08,,Standard Plan
CUST04019,Monthly,4427.83,Credit Card,2021-06-21,2026-06-27,Standard Plan
CUST04020,Quarterly,3119.06,Credit Card,2024-11-08,2026-07-29,Basic Plan
CUST04021,Monthly,2013.73,Auto Pay,2021-11-02,,Standard Plan
CUST04022,Monthly,2999.64,Debit Card,2023-05-15,2026-03-30,Standard Plan
CUST04023,Quarterly,1444.9,Credit Card,2021-02-13,2026-02-13,Basic Plan
CUST04024,Monthly,3404.83,Credit Card,2024-01-06,2026-04-17,Basic Plan
CUST04025,Annual,3958.25,Credit Card,2023-04-20,,Standard Plan
CUST04026,Annual,572.25,Debit Card,2025-11-20,,Standard Plan
CUST04027,Monthly,1810.28,UPI,2022-09-16,,Basic Plan
CUST04028,Annual,2812.76,Debit Card,2022-09-05,,Basic Plan
CUST04029,Monthly,1588.03,Credit Card,2021-11-19,,Basic Plan
CUST04030,Monthly,621.09,Auto Pay,2024-12-15,,Premium Plan
CUST04031,Annual,2934.53,Credit Card,2025-03-08,,Basic Plan
CUST04032,Monthly,4529.41,Debit Card,2025-01-31,,Basic Plan
CUST04033,Quarterly,3700.01,Net Banking,2023-05-16,,Standard Plan
CUST04034,Quarterly,1899.96,Credit Card,2025-12-05,,Basic Plan
CUST04035,Quarterly,4216.94,Auto Pay,2025-01-21,,Basic Plan
CUST04036,Monthly,3825.81,Debit Card,2023-04-10,2026-05-20,Standard Plan
CUST04037,Monthly,1560.46,UPI,2025-04-17,,Premium Plan
CUST04038,Monthly,4991.31,Net Banking,2022-04-29,,Standard Plan
CUST04039,Quarterly,3066.08,Debit Card,2021-12-23,,Standard Plan
CUST04040,Quarterly,379.37,Credit Card,2023-11-28,2026-02-11,Basic Plan
CUST04041,Monthly,3859.3,Net Banking,2023-09-14,2026-06-16,Basic Plan
CUST04042,Quarterly,3261.05,Net Banking,2022-11-12,2026-02-24,Basic Plan
CUST04043,Monthly,3474.82,Net Banking,2022-09-16,,Standard Plan
CUST04044,Monthly,4232.46,Auto Pay,2023-01-16,2026-03-19,Standard Plan
CUST04045,Annual,1087.86,Auto Pay,2024-04-11,,Basic Plan
CUST04046,Monthly,4570.51,Debit Card,2023-12-01,,Basic Plan
CUST04047,Annual,3430.07,UPI,2024-07-17,,Premium Plan
CUST04048,Monthly,2114.46,UPI,2022-12-30,,Basic Plan
CUST04049,Annual,1750.96,Debit Card,2022-07-22,,Standard Plan
CUST04050,Monthly,534.38,Auto Pay,2023-05-09,2026-05-21,Standard Plan
CUST04051,Monthly,3663.1,UPI,2021-08-12,2026-02-07,Standard Plan
CUST04052,Quarterly,4108.21,Debit Card,2021-02-28,2026-06-15,Standard Plan
CUST04053,Monthly,2611.41,UPI,2021-02-07,,Basic Plan
CUST04054,Monthly,2137.92,Credit Card,2023-01-31,,Standard Plan
CUST04055,Quarterly,586.91,Net Banking,2023-06-23,,Basic Plan
CUST04056,Annual,1986.45,Auto Pay,2022-07-03,,Basic Plan
CUST04057,Monthly,4657.73,Credit Card,2021-02-27,,Basic Plan
CUST04058,Monthly,2076.57,Net Banking,2022-10-22,,Basic Plan
CUST04059,Quarterly,2900.97,UPI,2024-01-18,,Standard Plan
CUST04060,Monthly,4290.11,Auto Pay,2021-04-11,,Standard Plan
CUST04061,Monthly,2761.09,Debit Card,2021-05-28,,Standard Plan
CUST04062,Monthly,1443.91,Debit Card,2025-03-01,2026-05-11,Basic Plan
CUST04063,Quarterly,2618.01,UPI,2025-11-09,,Standard Plan
CUST04064,Monthly,931.98,Auto Pay,2025-11-09,2026-08-26,Premium Plan
CUST04065,Quarterly,3114.63,Debit Card,2024-03-06,,Basic Plan
CUST04066,Monthly,3937.62,Debit Card,2022-06-22,,Basic Plan
CUST04067,Monthly,1369.44,Auto Pay,2022-08-12,,Premium Plan
CUST04068,Annual,1747.84,Debit Card,2022-09-27,,Basic Plan
CUST04069,Annual,4541.04,Net Banking,2024-03-01,2026-06-10,Standard Plan
CUST04070,Annual,4218.5,Credit Card,2021-12-18,2026-02-15,Standard Plan
CUST04071,Monthly,457.77,UPI,2023-02-09,,Standard Plan
CUST04072,Quarterly,1143.27,Net Banking,2022-01-12,,Standard Plan
CUST04073,Monthly,524.65,Debit Card,2022-01-04,2026-05-26,Premium Plan
CUST04074,Quarterly,392.15,Debit Card,2021-10-23,,Basic Plan
CUST04075,Quarterly,3648.8,Debit Card,2025-06-02,,Basic Plan
CUST04076,Annual,3227.32,UPI,2022-11-20,,Basic Plan
CUST04077,Annual,3140.35,Net Banking,2025-06-27,,Basic Plan
CUST04078,Quarterly,1487.75,Credit Card,2023-06-24,2026-06-21,Basic Plan
CUST04079,Monthly,2370.22,Net Banking,2024-06-30,,Standard Plan
CUST04080,Monthly,3711.13,Net Banking,2025-09-10,,Basic Plan
CUST04081,Monthly,2619.48,Auto Pay,2025-03-12,,Premium Plan
CUST04082,Annual,685.0,Auto Pay,2024-03-20,,Standard Plan
CUST04083,Monthly,4206.37,Debit Card,2022-07-31,,Standard Plan
CUST04084,Annual,2853.04,UPI,2023-05-03,,Premium Plan
CUST04085,Monthly,4741.24,Debit Card,2024-12-20,,Basic Plan
CUST04086,Annual,981.49,Debit Card,2024-01-30,2026-08-03,Standard Plan
CUST04087,Quarterly,410.59,Auto Pay,2023-12-30,2026-02-21,Standard Plan
CUST04088,Annual,4229.75,Net Banking,2022-10-19,,Standard Plan
CUST04089,Monthly,4177.49,UPI,2021-10-06,2026-08-04,Standard Plan
CUST04090,Annual,928.1,Debit Card,2024-07-15,,Premium Plan
CUST04091,Monthly,4304.04,Net Banking,2024-10-18,,Basic Plan
CUST04092,Monthly,2690.22,Net Banking,2022-05-21,,Premium Plan
CUST04093,Quarterly,1312.93,Credit Card,2023-10-04,2026-03-06,Standard Plan
CUST04094,Monthly,485.84,UPI,2021-03-29,2026-08-15,Premium Plan
CUST04095,Monthly,1213.73,Auto Pay,2021-07-17,2026-03-10,Basic Plan
CUST04096,Annual,4256.31,Credit Card,2023-09-09,,Basic Plan
CUST04097,Monthly,3785.69,Auto Pay,2023-07-14,2026-01-15,Basic Plan
CUST04098,Monthly,4354.37,Net Banking,2021-11-23,,Standard Plan
CUST04099,Quarterly,4972.11,Credit Card,2022-08-15,,Basic Plan
CUST04100,Annual,4410.41,Credit Card,2022-11-18,,Basic Plan
CUST04101,Monthly,4621.44,Auto Pay,2025-07-24,2026-02-20,Basic Plan
CUST04102,Quarterly,4692.67,Credit Card,2022-06-24,,Standard Plan
CUST04103,Monthly,1675.3,Credit Card,2023-10-15,,Standard Plan
CUST04104,Monthly,1932.91,Net Banking,2023-10-22,2026-06-20,Premium Plan
CUST04105,Monthly,3067.42,Credit Card,2022-01-04,,Premium Plan
CUST04106,Monthly,1469.72,Auto Pay,2021-04-18,2026-07-10,Standard Plan
CUST04107,Annual,1518.8,UPI,2022-07-21,,Standard Plan
CUST04108,Annual,3748.29,UPI,2025-11-06,,Standard Plan
CUST04109,Monthly,1437.58,UPI,2025-04-30,2026-03-20,Basic Plan
CUST04110,Annual,3461.47,Net Banking,2022-10-19,2026-08-04,Standard Plan
CUST04111,Monthly,4578.16,UPI,2025-05-10,,Standard Plan
CUST04112,Monthly,744.57,Net Banking,2024-02-03,,Basic Plan
CUST04113,Monthly,2681.36,Debit Card,2021-09-05,,Standard Plan
CUST04114,Annual,3307.45,Net Banking,2022-04-21,,Standard Plan
CUST04115,Monthly,862.37,UPI,2023-05-22,,Standard Plan
CUST04116,Monthly,1021.44,Net Banking,2022-11-15,2026-06-25,Basic Plan
CUST04117,Monthly,785.24,Net Banking,2025-09-29,2026-08-22,Basic Plan
CUST04118,Monthly,4302.28,Net Banking,2021-04-26,,Premium Plan
CUST04119,Monthly,1195.31,Credit Card,2023-10-04,2026-04-04,Standard Plan
CUST04120,Annual,2978.81,UPI,2023-10-28,,Standard Plan
CUST04121,Annual,3227.96,Net Banking,2025-12-02,,Standard Plan
CUST04122,Monthly,3279.97,Credit Card,2021-10-31,,Standard Plan
CUST04123,Quarterly,3478.59,Credit Card,2023-01-24,,Basic Plan
CUST04124,Monthly,2129.41,UPI,2022-07-09,,Standard Plan
CUST04125,Annual,1494.93,UPI,2023-12-23,,Standard Plan
CUST04126,Annual,1301.98,UPI,2021-10-18,,Premium Plan
CUST04127,Monthly,807.29,UPI,2025-03-05,2026-07-20,Standard Plan
CUST04128,Monthly,2857.63,Credit Card,2023-03-19,2026-05-22,Standard Plan
CUST04129,Monthly,3590.48,Debit Card,2024-02-24,,Premium Plan
CUST04130,Monthly,446.09,UPI,2024-06-27,,Standard Plan
CUST04131,Quarterly,2832.57,Net Banking,2022-07-25,,Standard Plan
CUST04132,Annual,2855.35,Auto Pay,2023-03-30,,Standard Plan
CUST04133,Monthly,1378.38,Debit Card,2022-12-09,2026-03-21,Basic Plan
CUST04134,Quarterly,2944.36,Debit Card,2023-12-30,,Standard Plan
CUST04135,Monthly,3485.87,UPI,2025-12-23,,Basic Plan
CUST04136,Quarterly,4691.85,Net Banking,2022-10-24,,Basic Plan
CUST04137,Annual,1874.02,Credit Card,2025-05-04,,Standard Plan
CUST04138,Monthly,1794.07,Credit Card,2024-11-03,,Standard Plan
CUST04139,Monthly,2644.15,Debit Card,2025-10-25,2026-07-29,Basic Plan
CUST04140,Monthly,2031.56,UPI,2025-04-19,,Basic Plan
CUST04141,Monthly,730.08,UPI,2023-10-04,,Premium Plan
CUST04142,Monthly,2312.61,Net Banking,2025-05-27,,Standard Plan
CUST04143,Monthly,3228.45,Auto Pay,2021-03-24,,Standard Plan
CUST04144,Annual,1945.85,Auto Pay,2023-08-21,,Basic Plan
CUST04145,Quarterly,1845.5,Net Banking,2021-09-11,,Basic Plan
CUST04146,Monthly,4960.61,UPI,2025-09-02,,Basic Plan
CUST04147,Monthly,4393.88,Auto Pay,2023-11-25,,Basic Plan
CUST04148,Annual,3580.38,Debit Card,2021-02-17,,Basic Plan
CUST04149,Monthly,1937.21,Auto Pay,2023-06-15,,Premium Plan
CUST04150,Quarterly,2394.63,Auto Pay,2024-07-22,,Standard Plan
CUST04151,Monthly,4754.59,Net Banking,2023-08-06,2026-02-19,Basic Plan
CUST04152,Monthly,3125.66,Net Banking,2024-06-20,,Standard Plan
CUST04153,Monthly,1210.03,Credit Card,2022-09-26,,Standard Plan
CUST04154,Monthly,3196.01,Auto Pay,2022-09-05,2026-01-09,Standard Plan
CUST04155,Annual,1774.45,Net Banking,2024-01-18,,Standard Plan
CUST04156,Monthly,438.55,Credit Card,2025-11-03,2026-04-12,Standard Plan
CUST04157,Monthly,1617.61,Net Banking,2025-03-27,,Standard Plan
CUST04158,Monthly,4956.84,Auto Pay,2025-06-08,,Basic Plan
CUST04159,Quarterly,866.44,UPI,2024-06-26,,Standard Plan
CUST04160,Monthly,844.51,Auto Pay,2025-08-23,,Basic Plan
CUST04161,Annual,3418.14,Net Banking,2021-03-05,2026-05-24,Standard Plan
CUST04162,Annual,4109.53,Debit Card,2021-02-18,,Basic Plan
CUST04163,Monthly,3452.33,Net Banking,2021-04-24,2026-02-11,Standard Plan
CUST04164,Quarterly,2090.62,Debit Card,2024-06-28,2026-06-07,Basic Plan
CUST04165,Monthly,4205.33,Auto Pay,2023-12-07,,Premium Plan
CUST04166,Monthly,2299.59,Debit Card,2023-05-12,,Basic Plan
CUST04167,Annual,1728.94,Credit Card,2025-05-27,,Standard Plan
CUST04168,Annual,508.12,Credit Card,2024-09-01,,Basic Plan
CUST04169,Monthly,1619.97,Auto Pay,2024-04-29,,Standard Plan
CUST04170,Monthly,4259.0,Auto Pay,2022-07-29,,Premium Plan
CUST04171,Monthly,1264.99,Credit Card,2024-03-02,,Standard Plan
CUST04172,Monthly,799.79,Debit Card,2025-04-21,,Basic Plan
CUST04173,Quarterly,3655.11,Debit Card,2023-11-20,2026-05-06,Standard Plan
CUST04174,Monthly,4149.75,Net Banking,2022-02-18,2026-01-25,Basic Plan
CUST04175,Monthly,1225.62,UPI,2021-08-11,,Standard Plan
CUST04176,Monthly,3175.79,UPI,2022-02-04,,Standard Plan
CUST04177,Monthly,456.27,UPI,2021-05-21,,Basic Plan
CUST04178,Monthly,3344.32,UPI,2023-08-03,2026-05-27,Standard Plan
CUST04179,Quarterly,420.73,Debit Card,2024-01-26,,Standard Plan
CUST04180,Annual,1122.79,Auto Pay,2021-06-25,,Standard Plan
CUST04181,Monthly,1807.86,Debit Card,2022-06-12,2026-08-04,Basic Plan
CUST04182,Annual,3504.94,Auto Pay,2025-07-20,,Standard Plan
CUST04183,Annual,4802.98,Credit Card,2021-04-17,,Basic Plan
CUST04184,Monthly,2051.79,Net Banking,2025-09-12,,Basic Plan
CUST04185,Quarterly,3912.08,Credit Card,2023-03-20,,Basic Plan
CUST04186,Monthly,2582.42,Credit Card,2025-03-13,2026-02-01,Basic Plan
CUST04187,Monthly,1943.59,Auto Pay,2025-06-22,,Basic Plan
CUST04188,Monthly,2828.64,Auto Pay,2021-07-07,2026-02-06,Basic Plan
CUST04189,Monthly,4645.59,Debit Card,2021-07-04,2026-02-25,Basic Plan
CUST04190,Monthly,1643.94,Auto Pay,2025-11-12,,Standard Plan
CUST04191,Quarterly,1176.91,Credit Card,2023-12-26,,Basic Plan
CUST04192,Annual,3651.26,Credit Card,2022-11-12,,Basic Plan
CUST04193,Monthly,487.31,Credit Card,2024-05-18,2026-01-26,Basic Plan
CUST04194,Quarterly,2284.43,UPI,2024-11-11,,Basic Plan
CUST04195,Monthly,1957.06,UPI,2025-01-26,,Standard Plan
CUST04196,Monthly,1640.19,UPI,2023-11-07,,Standard Plan
CUST04197,Monthly,3095.49,Auto Pay,2021-09-27,,Standard Plan
CUST04198,Monthly,2536.59,Auto Pay,2025-05-13,,Standard Plan
CUST04199,Monthly,3347.61,Debit Card,2025-02-21,,Basic Plan
CUST04200,Annual,4087.88,Net Banking,2022-01-25,,Basic Plan
CUST04201,Monthly,4864.9,Credit Card,2024-12-17,,Standard Plan
CUST04202,Monthly,1526.3,Net Banking,2022-02-23,,Standard Plan
CUST04203,Monthly,4555.36,Net Banking,2025-09-05,2026-05-02,Basic Plan
CUST04204,Monthly,3806.06,Net Banking,2022-03-22,,Premium Plan
CUST04205,Monthly,1248.93,Auto Pay,2021-03-08,,Standard Plan
CUST04206,Monthly,1144.26,Net Banking,2022-09-07,,Basic Plan
CUST04207,Monthly,2917.4,Debit Card,2024-11-21,2026-06-03,Basic Plan
CUST04208,Quarterly,4108.93,Debit Card,2024-03-18,,Standard Plan
CUST04209,Monthly,2771.08,Auto Pay,2021-11-17,,Standard Plan
CUST04210,Quarterly,2076.3,UPI,2021-03-08,,Standard Plan
CUST04211,Monthly,4978.86,Debit Card,2025-09-02,,Standard Plan
CUST04212,Quarterly,1245.83,Auto Pay,2023-10-11,,Basic Plan
CUST04213,Monthly,3514.39,Debit Card,2023-02-10,,Basic Plan
CUST04214,Monthly,2962.96,Credit Card,2025-12-01,,Basic Plan
CUST04215,Monthly,1887.84,UPI,2021-06-16,,Basic Plan
CUST04216,Annual,3263.2,Auto Pay,2021-01-12,,Basic Plan
CUST04217,Monthly,3411.89,Credit Card,2021-03-30,,Standard Plan
CUST04218,Monthly,4922.18,Auto Pay,2025-04-19,,Basic Plan
CUST04219,Monthly,3502.89,Auto Pay,2025-09-18,2026-03-31,Standard Plan
CUST04220,Monthly,1128.29,UPI,2023-11-27,2026-08-17,Basic Plan
CUST04221,Annual,1137.26,Net Banking,2021-10-17,,Standard Plan
CUST04222,Annual,2487.01,Net Banking,2025-07-26,,Standard Plan
CUST04223,Annual,835.46,UPI,2024-08-19,,Basic Plan
CUST04224,Quarterly,1908.47,Debit Card,2024-07-25,,Standard Plan
CUST04225,Monthly,4653.41,UPI,2022-11-02,,Standard Plan
CUST04226,Annual,733.56,Credit Card,2025-02-10,,Basic Plan
CUST04227,Annual,2852.38,Debit Card,2025-09-11,,Standard Plan
CUST04228,Monthly,3384.85,Debit Card,2023-10-28,2026-07-07,Standard Plan
CUST04229,Quarterly,2948.85,Auto Pay,2022-05-01,,Standard Plan
CUST04230,Monthly,3240.35,Debit Card,2023-11-28,,Standard Plan
CUST04231,Monthly,919.49,Auto Pay,2024-07-09,,Basic Plan
CUST04232,Quarterly,404.27,Net Banking,2021-12-21,,Premium Plan
CUST04233,Annual,3884.38,Auto Pay,2021-02-28,2026-07-09,Basic Plan
CUST04234,Monthly,1838.63,Debit Card,2023-11-27,2026-01-29,Standard Plan
CUST04235,Monthly,2436.93,Auto Pay,2024-04-23,2026-05-10,Premium Plan
CUST04236,Annual,4566.06,Auto Pay,2023-08-18,,Premium Plan
CUST04237,Annual,4299.24,Credit Card,2023-07-30,,Basic Plan
CUST04238,Annual,3412.2,Auto Pay,2022-09-30,,Premium Plan
CUST04239,Annual,2048.22,Net Banking,2024-05-25,,Basic Plan
CUST04240,Monthly,1799.69,Credit Card,2025-01-09,,Standard Plan
CUST04241,Monthly,2591.77,Debit Card,2025-05-24,,Basic Plan
CUST04242,Monthly,938.54,Auto Pay,2023-01-16,,Standard Plan
CUST04243,Quarterly,3097.48,Net Banking,2024-08-31,,Standard Plan
CUST04244,Quarterly,4281.25,UPI,2022-05-24,,Basic Plan
CUST04245,Monthly,4004.71,Auto Pay,2025-01-19,,Standard Plan
CUST04246,Quarterly,2770.78,Net Banking,2022-03-16,,Basic Plan
CUST04247,Annual,3180.44,Credit Card,2025-11-12,,Basic Plan
CUST04248,Annual,1646.63,Auto Pay,2021-02-15,2026-03-02,Standard Plan
CUST04249,Monthly,4110.82,Net Banking,2023-04-13,,Basic Plan
CUST04250,Monthly,1296.8,Debit Card,2021-10-29,,Standard Plan
CUST04251,Monthly,3932.44,Credit Card,2023-01-21,2026-05-17,Standard Plan
CUST04252,Monthly,2515.62,Credit Card,2025-12-10,,Premium Plan
CUST04253,Monthly,2733.38,Credit Card,2021-04-22,,Basic Plan
CUST04254,Quarterly,3993.88,Auto Pay,2022-10-10,,Standard Plan
CUST04255,Monthly,4004.66,Credit Card,2025-04-04,,Basic Plan
CUST04256,Monthly,2279.32,UPI,2023-10-29,,Premium Plan
CUST04257,Annual,4499.4,Debit Card,2021-08-12,,Basic Plan
CUST04258,Annual,2921.66,Credit Card,2021-02-06,,Basic Plan
CUST04259,Quarterly,4306.39,Credit Card,2025-04-29,,Standard Plan
CUST04260,Monthly,978.98,Auto Pay,2023-02-17,,Basic Plan
CUST04261,Quarterly,1359.16,Net Banking,2022-01-27,,Standard Plan
CUST04262,Monthly,1665.28,Auto Pay,2024-01-31,,Basic Plan
CUST04263,Monthly,3347.61,Credit Card,2024-10-02,,Standard Plan
CUST04264,Monthly,344.1,Auto Pay,2021-03-04,,Standard Plan
CUST04265,Annual,2210.94,Auto Pay,2023-01-18,,Standard Plan
CUST04266,Monthly,432.35,Net Banking,2025-04-06,,Standard Plan
CUST04267,Monthly,2162.28,Auto Pay,2023-10-11,2026-01-26,Premium Plan
CUST04268,Monthly,1909.06,Auto Pay,2021-09-12,,Standard Plan
CUST04269,Monthly,972.1,Credit Card,2021-07-13,2026-03-28,Standard Plan
CUST04270,Annual,3198.17,Net Banking,2025-01-09,2026-03-07,Premium Plan
CUST04271,Monthly,1333.86,Credit Card,2025-02-18,2026-06-15,Basic Plan
CUST04272,Monthly,1218.81,Auto Pay,2022-03-09,,Premium Plan
CUST04273,Monthly,4271.63,Auto Pay,2022-07-12,2026-01-28,Basic Plan
CUST04274,Quarterly,4418.74,UPI,2024-09-13,,Basic Plan
CUST04275,Annual,2553.12,Auto Pay,2024-02-16,,Basic Plan
CUST04276,Monthly,693.48,Net Banking,2023-10-02,,Standard Plan
CUST04277,Annual,2671.59,UPI,2024-08-20,,Premium Plan
CUST04278,Monthly,2245.69,Auto Pay,2022-02-09,,Basic Plan
CUST04279,Annual,3949.9,Credit Card,2023-11-03,2026-02-08,Basic Plan
CUST04280,Monthly,1080.85,Net Banking,2022-03-05,,Basic Plan
CUST04281,Quarterly,791.94,Auto Pay,2022-09-30,,Basic Plan
CUST04282,Monthly,1499.71,UPI,2025-01-29,2026-06-29,Basic Plan
CUST04283,Annual,1064.63,Auto Pay,2022-07-31,,Basic Plan
CUST04284,Quarterly,4259.93,Credit Card,2025-03-06,,Standard Plan
CUST04285,Monthly,1633.75,Debit Card,2025-04-04,,Basic Plan
CUST04286,Quarterly,3484.95,Auto Pay,2022-08-01,,Basic Plan
CUST04287,Annual,866.6,UPI,2021-09-20,,Basic Plan
CUST04288,Monthly,4185.35,Auto Pay,2024-02-02,,Standard Plan
CUST04289,Monthly,2435.57,Net Banking,2023-12-02,2026-08-12,Standard Plan
CUST04290,Monthly,4319.69,Auto Pay,2022-12-25,2026-04-13,Basic Plan
CUST04291,Monthly,1619.86,Auto Pay,2022-07-07,,Standard Plan
CUST04292,Annual,2862.63,Credit Card,2023-06-07,,Basic Plan
CUST04293,Monthly,3270.77,Debit Card,2022-10-30,,Basic Plan
CUST04294,Annual,2619.02,Credit Card,2025-01-20,,Standard Plan
CUST04295,Annual,1513.37,UPI,2021-07-15,,Basic Plan
CUST04296,Annual,3958.8,Auto Pay,2022-04-06,,Standard Plan
CUST04297,Monthly,673.68,Net Banking,2024-09-08,2026-08-04,Basic Plan
CUST04298,Monthly,975.36,Auto Pay,2024-01-20,,Standard Plan
CUST04299,Monthly,675.16,Net Banking,2025-12-03,,Basic Plan
CUST04300,Annual,1703.94,UPI,2024-05-26,,Standard Plan
CUST04301,Monthly,4875.55,Credit Card,2022-05-04,,Basic Plan
CUST04302,Quarterly,891.57,Debit Card,2025-05-03,,Premium Plan
CUST04303,Monthly,4920.8,Debit Card,2023-04-07,,Basic Plan
CUST04304,Annual,552.83,Net Banking,2023-05-05,2026-01-30,Standard Plan
CUST04305,Quarterly,4404.77,Auto Pay,2025-11-08,2026-03-09,Basic Plan
CUST04306,Quarterly,3640.4,Credit Card,2024-09-27,,Basic Plan
CUST04307,Annual,2541.8,Debit Card,2024-03-14,,Standard Plan
CUST04308,Monthly,4318.37,Net Banking,2024-06-02,,Premium Plan
CUST04309,Monthly,1735.97,Auto Pay,2022-09-16,2026-03-26,Basic Plan
CUST04310,Annual,2429.06,UPI,2022-03-04,,Premium Plan
CUST04311,Monthly,1738.99,Auto Pay,2025-11-23,,Basic Plan
CUST04312,Monthly,4958.98,Debit Card,2025-01-09,,Premium Plan
CUST04313,Quarterly,2988.65,Net Banking,2024-06-20,,Standard Plan
CUST04314,Quarterly,3977.86,UPI,2023-07-30,,Premium Plan
CUST04315,Monthly,1740.58,Net Banking,2021-03-10,2026-07-25,Standard Plan
CUST04316,Annual,543.55,Net Banking,2021-09-23,,Basic Plan
CUST04317,Annual,4474.89,Auto Pay,2022-01-06,,Basic Plan
CUST04318,Annual,2043.49,Credit Card,2023-04-23,,Basic Plan
CUST04319,Annual,2908.87,Net Banking,2023-11-12,,Basic Plan
CUST04320,Monthly,2547.4,Auto Pay,2025-02-22,,Standard Plan
CUST04321,Quarterly,1625.89,Auto Pay,2024-10-22,2026-07-18,Basic Plan
CUST04322,Monthly,1094.26,UPI,2024-09-05,,Basic Plan
CUST04323,Quarterly,4369.78,Credit Card,2024-11-25,,Standard Plan
CUST04324,Monthly,4718.7,Net Banking,2021-01-22,2026-06-09,Standard Plan
CUST04325,Annual,4497.76,Debit Card,2023-11-02,,Standard Plan
CUST04326,Quarterly,2739.95,Auto Pay,2025-06-13,,Basic Plan
CUST04327,Monthly,3297.63,Auto Pay,2025-04-21,,Standard Plan
CUST04328,Monthly,955.61,Debit Card,2021-12-15,,Basic Plan
CUST04329,Monthly,1939.68,Debit Card,2023-03-28,2026-02-21,Standard Plan
CUST04330,Monthly,306.11,Debit Card,2025-10-07,,Basic Plan
CUST04331,Monthly,2817.91,UPI,2022-01-23,,Standard Plan
CUST04332,Quarterly,2323.9,Auto Pay,2024-10-27,2026-05-09,Basic Plan
CUST04333,Monthly,3225.81,Net Banking,2024-09-01,,Standard Plan
CUST04334,Monthly,1665.18,UPI,2022-01-13,2026-06-29,Standard Plan
CUST04335,Monthly,2108.99,Credit Card,2025-02-08,,Premium Plan
CUST04336,Monthly,3455.29,Credit Card,2023-08-22,,Basic Plan
CUST04337,Annual,1057.52,Debit Card,2025-05-16,,Basic Plan
CUST04338,Monthly,3178.82,Credit Card,2022-09-13,2026-08-30,Basic Plan
CUST04339,Annual,4558.61,UPI,2024-06-08,,Basic Plan
CUST04340,Quarterly,3105.25,Debit Card,2021-10-18,,Standard Plan
CUST04341,Monthly,949.31,Net Banking,2024-07-23,2026-07-03,Standard Plan
CUST04342,Quarterly,384.01,Auto Pay,2024-04-23,,Basic Plan
CUST04343,Monthly,3381.71,Debit Card,2025-05-26,,Premium Plan
CUST04344,Annual,4407.95,UPI,2024-03-12,,Basic Plan
CUST04345,Monthly,2628.69,Auto Pay,2025-10-04,,Basic Plan
CUST04346,Monthly,552.74,Net Banking,2023-09-23,2026-06-07,Standard Plan
CUST04347,Monthly,4777.67,Debit Card,2022-07-23,2026-05-11,Standard Plan
CUST04348,Monthly,2301.54,UPI,2021-10-14,,Basic Plan
CUST04349,Monthly,4161.44,Auto Pay,2023-09-30,,Premium Plan
CUST04350,Monthly,1333.66,Credit Card,2021-12-15,,Basic Plan
CUST04351,Quarterly,3774.74,Debit Card,2023-03-05,,Premium Plan
CUST04352,Monthly,3083.81,Credit Card,2023-01-03,,Basic Plan
CUST04353,Monthly,2027.1,Debit Card,2025-02-09,,Standard Plan
CUST04354,Annual,2800.38,Debit Card,2022-10-25,,Basic Plan
CUST04355,Monthly,3246.5,UPI,2023-09-30,2026-06-20,Standard Plan
CUST04356,Monthly,4814.37,Auto Pay,2025-11-22,2026-08-15,Premium Plan
CUST04357,Monthly,3679.66,Credit Card,2022-08-28,,Premium Plan
CUST04358,Monthly,2471.73,UPI,2024-05-23,,Basic Plan
CUST04359,Quarterly,1727.3,UPI,2022-07-06,2026-07-09,Basic Plan
CUST04360,Quarterly,1227.2,Auto Pay,2021-06-25,,Basic Plan
CUST04361,Monthly,4158.81,UPI,2024-05-28,,Standard Plan
CUST04362,Monthly,4360.11,Net Banking,2023-10-27,,Standard Plan
CUST04363,Monthly,4318.26,Auto Pay,2022-11-28,2026-01-15,Standard Plan
CUST04364,Monthly,1022.95,Net Banking,2023-01-04,,Basic Plan
CUST04365,Quarterly,2892.22,UPI,2022-01-23,2026-02-09,Standard Plan
CUST04366,Monthly,3653.7,Net Banking,2022-11-29,,Basic Plan
CUST04367,Annual,3376.67,Auto Pay,2025-05-19,,Basic Plan
CUST04368,Monthly,1496.8,Net Banking,2024-05-15,,Premium Plan
CUST04369,Quarterly,4263.1,UPI,2025-02-07,,Standard Plan
CUST04370,Monthly,623.1,Debit Card,2024-08-16,,Basic Plan
CUST04371,Monthly,4130.1,Credit Card,2023-04-26,,Standard Plan
CUST04372,Monthly,2327.48,Debit Card,2024-06-15,,Standard Plan
CUST04373,Quarterly,2849.27,Credit Card,2022-06-17,2026-07-13,Standard Plan
CUST04374,Quarterly,463.75,Credit Card,2021-02-09,,Standard Plan
CUST04375,Monthly,4881.66,UPI,2024-01-03,,Premium Plan
CUST04376,Monthly,3368.41,Auto Pay,2023-03-27,2026-07-04,Standard Plan
CUST04377,Monthly,4347.39,Net Banking,2025-05-10,2026-03-22,Standard Plan
CUST04378,Quarterly,1868.29,Credit Card,2021-09-19,,Basic Plan
CUST04379,Monthly,699.29,Net Banking,2023-08-11,2026-06-25,Standard Plan
CUST04380,Quarterly,837.89,Auto Pay,2023-07-21,,Standard Plan
CUST04381,Annual,4614.21,Auto Pay,2024-08-28,,Premium Plan
CUST04382,Monthly,3270.77,Auto Pay,2025-09-20,2026-04-07,Premium Plan
CUST04383,Annual,1397.14,Debit Card,2025-07-18,,Basic Plan
CUST04384,Annual,3238.74,Net Banking,2022-02-07,,Standard Plan
CUST04385,Monthly,3772.52,UPI,2024-02-17,2026-03-10,Standard Plan
CUST04386,Annual,4056.34,Auto Pay,2025-02-10,,Standard Plan
CUST04387,Quarterly,419.45,Auto Pay,2025-09-28,,Basic Plan
CUST04388,Quarterly,4034.95,UPI,2021-01-23,,Basic Plan
CUST04389,Annual,3316.69,Credit Card,2021-12-31,,Basic Plan
CUST04390,Monthly,3600.98,Debit Card,2023-07-07,,Basic Plan
CUST04391,Annual,2964.96,Net Banking,2021-11-24,,Premium Plan
CUST04392,Quarterly,4627.82,Auto Pay,2025-05-12,,Basic Plan
CUST04393,Quarterly,2832.81,Debit Card,2024-06-13,,Basic Plan
CUST04394,Monthly,1649.89,UPI,2024-10-20,,Basic Plan
CUST04395,Monthly,4318.46,Debit Card,2024-12-18,,Standard Plan
CUST04396,Annual,4302.54,Net Banking,2022-04-25,,Standard Plan
CUST04397,Monthly,4348.45,Net Banking,2022-02-24,,Basic Plan
CUST04398,Annual,2320.55,UPI,2022-08-07,,Standard Plan
CUST04399,Monthly,1847.21,Auto Pay,2022-10-08,,Standard Plan
CUST04400,Annual,1963.1,Credit Card,2022-08-26,,Standard Plan
CUST04401,Monthly,4153.01,Auto Pay,2024-04-08,,Basic Plan
CUST04402,Monthly,1009.15,Credit Card,2022-11-20,,Premium Plan
CUST04403,Annual,4554.12,Net Banking,2021-01-03,,Standard Plan
CUST04404,Monthly,3608.51,Credit Card,2021-10-25,2026-08-05,Basic Plan
CUST04405,Monthly,4458.15,Net Banking,2024-11-21,2026-01-31,Standard Plan
CUST04406,Annual,3005.48,Debit Card,2022-06-11,,Premium Plan
CUST04407,Annual,4455.61,Auto Pay,2024-12-31,,Premium Plan
CUST04408,Monthly,3320.97,Debit Card,2022-01-14,2026-02-24,Standard Plan
CUST04409,Monthly,3249.47,Net Banking,2025-06-27,,Standard Plan
CUST04410,Monthly,3507.71,Auto Pay,2025-12-09,2026-01-18,Basic Plan
CUST04411,Quarterly,1666.07,Net Banking,2021-12-03,,Premium Plan
CUST04412,Annual,1922.03,Auto Pay,2025-11-16,,Standard Plan
CUST04413,Monthly,4376.75,Debit Card,2024-11-08,2026-03-18,Basic Plan
CUST04414,Annual,3397.29,UPI,2025-11-20,,Basic Plan
CUST04415,Monthly,1716.27,Auto Pay,2022-11-30,,Basic Plan
CUST04416,Annual,3306.51,Auto Pay,2023-06-01,2026-07-16,Basic Plan
CUST04417,Monthly,4645.33,Auto Pay,2021-05-17,,Standard Plan
CUST04418,Monthly,3219.62,Auto Pay,2025-12-18,,Basic Plan
CUST04419,Monthly,3913.21,Net Banking,2023-12-11,,Standard Plan
CUST04420,Annual,1187.04,Auto Pay,2021-04-16,,Basic Plan
CUST04421,Monthly,1140.49,Credit Card,2022-12-29,2026-01-25,Basic Plan
CUST04422,Annual,753.43,Credit Card,2022-11-09,,Basic Plan
CUST04423,Quarterly,3423.04,Debit Card,2022-11-28,,Basic Plan
CUST04424,Monthly,3055.36,Debit Card,2022-08-02,,Standard Plan
CUST04425,Annual,363.15,UPI,2025-04-05,,Standard Plan
CUST04426,Monthly,1185.12,Net Banking,2021-12-08,,Basic Plan
CUST04427,Annual,4109.14,Auto Pay,2023-03-16,,Premium Plan
CUST04428,Quarterly,2979.28,Net Banking,2024-07-11,,Standard Plan
CUST04429,Quarterly,1298.56,Net Banking,2022-03-01,,Premium Plan
CUST04430,Annual,1560.84,Debit Card,2022-06-30,,Standard Plan
CUST04431,Quarterly,1412.61,Credit Card,2022-12-18,,Standard Plan
CUST04432,Quarterly,4243.67,Auto Pay,2024-05-21,,Premium Plan
CUST04433,Quarterly,1237.86,UPI,2022-06-30,,Basic Plan
CUST04434,Monthly,581.58,Auto Pay,2023-04-09,2026-03-30,Basic Plan
CUST04435,Monthly,4422.77,UPI,2025-06-29,2026-03-21,Standard Plan
CUST04436,Annual,2281.28,UPI,2023-09-29,,Basic Plan
CUST04437,Annual,626.45,Auto Pay,2021-11-17,,Basic Plan
CUST04438,Monthly,1988.21,Net Banking,2023-07-24,2026-07-22,Standard Plan
CUST04439,Quarterly,2451.51,Auto Pay,2022-09-23,,Premium Plan
CUST04440,Quarterly,3206.52,Credit Card,2022-06-09,,Standard Plan
CUST04441,Monthly,1073.89,Credit Card,2022-06-27,2026-03-08,Premium Plan
CUST04442,Annual,3584.05,Net Banking,2023-07-15,,Standard Plan
CUST04443,Monthly,523.41,Credit Card,2021-02-26,,Standard Plan
CUST04444,Monthly,1173.3,Net Banking,2024-11-16,,Basic Plan
CUST04445,Monthly,926.47,Credit Card,2023-08-31,2026-03-29,Basic Plan
CUST04446,Annual,2588.97,Auto Pay,2021-09-29,,Basic Plan
CUST04447,Monthly,2267.19,Credit Card,2022-01-23,,Standard Plan
CUST04448,Annual,4033.81,Auto Pay,2021-02-09,,Standard Plan
CUST04449,Monthly,1947.15,Debit Card,2024-02-13,,Basic Plan
CUST04450,Monthly,4186.57,Net Banking,2021-11-24,,Standard Plan
CUST04451,Monthly,4360.31,Credit Card,2024-09-29,,Premium Plan
CUST04452,Annual,4781.49,UPI,2025-10-24,2026-01-25,Standard Plan
CUST04453,Monthly,4984.61,UPI,2025-04-30,,Premium Plan
CUST04454,Annual,3375.33,Credit Card,2022-10-05,,Basic Plan
CUST04455,Monthly,3843.05,Debit Card,2023-01-21,2026-07-11,Standard Plan
CUST04456,Annual,3363.6,Debit Card,2021-12-25,2026-03-21,Basic Plan
CUST04457,Monthly,2394.4,Net Banking,2022-02-26,2026-04-01,Basic Plan
CUST04458,Annual,718.55,UPI,2023-06-25,,Premium Plan
CUST04459,Monthly,2856.14,Auto Pay,2022-05-11,,Basic Plan
CUST04460,Monthly,1210.23,Net Banking,2023-01-18,,Basic Plan
CUST04461,Monthly,2419.63,Debit Card,2023-02-13,,Basic Plan
CUST04462,Annual,1040.4,Net Banking,2025-05-17,,Basic Plan
CUST04463,Monthly,423.85,UPI,2023-10-13,2026-03-23,Basic Plan
CUST04464,Monthly,3732.46,UPI,2023-07-28,,Standard Plan
CUST04465,Monthly,4418.81,Debit Card,2022-04-05,,Basic Plan
CUST04466,Annual,3478.66,Net Banking,2021-10-01,,Premium Plan
CUST04467,Monthly,2761.05,UPI,2025-12-12,,Basic Plan
CUST04468,Monthly,3802.69,Debit Card,2021-12-06,2026-06-24,Standard Plan
CUST04469,Annual,1007.05,Credit Card,2024-07-26,,Basic Plan
CUST04470,Monthly,546.98,Debit Card,2024-04-17,,Standard Plan
CUST04471,Monthly,4384.54,Auto Pay,2021-01-24,,Premium Plan
CUST04472,Annual,1170.66,Auto Pay,2025-05-23,,Standard Plan
CUST04473,Monthly,1953.72,Debit Card,2024-02-10,,Standard Plan
CUST04474,Monthly,3752.68,Auto Pay,2023-02-09,2026-05-15,Standard Plan
CUST04475,Annual,2072.79,Net Banking,2025-03-02,,Basic Plan
CUST04476,Monthly,1154.13,UPI,2024-12-22,,Basic Plan
CUST04477,Monthly,3903.67,UPI,2023-07-18,2026-01-09,Standard Plan
CUST04478,Monthly,1637.06,UPI,2023-12-19,2026-04-05,Standard Plan
CUST04479,Quarterly,4433.63,UPI,2022-04-17,,Standard Plan
CUST04480,Monthly,2180.03,Credit Card,2023-02-19,2026-03-07,Standard Plan
CUST04481,Quarterly,4632.53,Debit Card,2022-04-30,,Standard Plan
CUST04482,Monthly,1753.94,Net Banking,2025-03-24,2026-01-05,Standard Plan
CUST04483,Monthly,1353.89,Debit Card,2024-10-01,,Basic Plan
CUST04484,Monthly,3732.3,Credit Card,2024-10-16,,Basic Plan
CUST04485,Annual,4145.81,UPI,2022-06-24,,Standard Plan
CUST04486,Quarterly,4981.13,Debit Card,2023-10-31,,Basic Plan
CUST04487,Monthly,488.09,Auto Pay,2021-12-30,,Basic Plan
CUST04488,Annual,3359.2,Debit Card,2025-10-11,,Basic Plan
CUST04489,Quarterly,4087.73,Credit Card,2021-08-06,,Standard Plan
CUST04490,Annual,4449.94,UPI,2025-01-02,,Standard Plan
CUST04491,Monthly,2559.57,Credit Card,2021-08-31,,Standard Plan
CUST04492,Monthly,4743.11,Debit Card,2023-08-28,2026-03-20,Basic Plan
CUST04493,Monthly,684.36,Auto Pay,2022-05-30,,Basic Plan
CUST04494,Quarterly,3964.15,Auto Pay,2023-07-02,,Basic Plan
CUST04495,Annual,4047.9,Net Banking,2025-12-05,,Basic Plan
CUST04496,Monthly,2124.17,UPI,2025-08-20,2026-02-06,Basic Plan
CUST04497,Quarterly,2076.74,Credit Card,2024-11-25,,Standard Plan
CUST04498,Monthly,839.8,Debit Card,2024-11-14,,Basic Plan
CUST04499,Monthly,4343.55,Net Banking,2025-11-02,,Basic Plan
CUST04500,Quarterly,1689.35,Net Banking,2023-03-31,,Standard Plan
CUST04501,Monthly,4160.97,Net Banking,2023-01-07,2026-08-06,Basic Plan
CUST04502,Annual,721.05,Auto Pay,2022-07-04,2026-06-24,Basic Plan
CUST04503,Monthly,560.09,UPI,2021-12-30,,Basic Plan
CUST04504,Annual,4600.22,Debit Card,2021-11-04,,Standard Plan
CUST04505,Annual,3291.3,Auto Pay,2025-09-16,,Basic Plan
CUST04506,Quarterly,2699.29,Debit Card,2022-01-20,,Basic Plan
CUST04507,Monthly,3931.55,Auto Pay,2022-01-15,2026-08-15,Standard Plan
CUST04508,Quarterly,2304.31,UPI,2023-12-25,,Basic Plan
CUST04509,Annual,4354.11,Debit Card,2025-09-29,,Standard Plan
CUST04510,Monthly,4126.35,Debit Card,2024-09-09,,Standard Plan
CUST04511,Monthly,3294.64,Net Banking,2023-12-29,2026-08-30,Basic Plan
CUST04512,Quarterly,1985.32,Debit Card,2023-11-26,2026-06-24,Standard Plan
CUST04513,Quarterly,2525.43,Debit Card,2024-03-06,,Standard Plan
CUST04514,Annual,4722.37,Net Banking,2021-11-02,2026-04-04,Basic Plan
CUST04515,Annual,4448.46,UPI,2022-03-08,,Standard Plan
CUST04516,Monthly,1366.12,Net Banking,2024-07-26,,Standard Plan
CUST04517,Annual,3792.05,Debit Card,2024-12-21,,Basic Plan
CUST04518,Monthly,418.04,Credit Card,2024-12-17,2026-03-30,Basic Plan
CUST04519,Monthly,4982.63,Credit Card,2021-02-15,2026-03-14,Premium Plan
CUST04520,Monthly,2448.4,UPI,2022-09-06,2026-07-03,Standard Plan
CUST04521,Annual,2283.87,Net Banking,2022-03-11,,Standard Plan
CUST04522,Annual,1791.77,Auto Pay,2022-07-12,2026-04-05,Premium Plan
CUST04523,Quarterly,1066.37,Credit Card,2022-09-19,,Standard Plan
CUST04524,Annual,2429.05,Debit Card,2024-09-24,,Basic Plan
CUST04525,Quarterly,4651.66,Debit Card,2022-02-16,,Premium Plan
CUST04526,Quarterly,2277.03,UPI,2022-04-07,2026-03-14,Basic Plan
CUST04527,Annual,1844.38,Debit Card,2025-05-26,,Basic Plan
CUST04528,Quarterly,4065.0,UPI,2021-10-30,,Standard Plan
CUST04529,Annual,4332.62,Debit Card,2021-09-07,,Basic Plan
CUST04530,Monthly,3620.47,UPI,2021-07-31,2026-08-19,Standard Plan
CUST04531,Monthly,1676.52,Credit Card,2025-03-14,2026-06-21,Standard Plan
CUST04532,Monthly,870.68,Auto Pay,2024-04-27,2026-01-27,Standard Plan
CUST04533,Monthly,1468.61,UPI,2022-12-13,2026-04-08,Basic Plan
CUST04534,Monthly,4251.47,Auto Pay,2023-12-01,2026-03-13,Basic Plan
CUST04535,Quarterly,3008.54,Auto Pay,2021-03-30,,Standard Plan
CUST04536,Monthly,2262.36,UPI,2024-02-21,2026-03-08,Basic Plan
CUST04537,Monthly,3099.81,Net Banking,2024-12-26,,Standard Plan
CUST04538,Quarterly,1810.56,Auto Pay,2024-02-09,,Standard Plan
CUST04539,Annual,489.52,Net Banking,2025-04-15,,Basic Plan
CUST04540,Monthly,3133.3,UPI,2024-12-15,2026-03-25,Premium Plan
CUST04541,Monthly,3829.2,Credit Card,2025-07-06,,Standard Plan
CUST04542,Monthly,4884.19,Auto Pay,2021-11-19,2026-03-02,Standard Plan
CUST04543,Quarterly,3837.11,Net Banking,2024-03-22,,Basic Plan
CUST04544,Quarterly,4544.42,Debit Card,2023-01-06,,Premium Plan
CUST04545,Monthly,315.66,Credit Card,2023-09-02,,Basic Plan
CUST04546,Annual,3880.06,Credit Card,2025-03-22,,Basic Plan
CUST04547,Monthly,3372.25,Auto Pay,2023-07-28,2026-04-28,Standard Plan
CUST04548,Annual,4929.54,Credit Card,2025-05-13,,Basic Plan
CUST04549,Quarterly,3105.51,Debit Card,2022-02-13,,Standard Plan
CUST04550,Monthly,2709.44,Net Banking,2021-06-19,,Basic Plan
CUST04551,Annual,2866.26,Credit Card,2024-10-11,,Basic Plan
CUST04552,Monthly,3357.08,Debit Card,2024-12-06,2026-06-19,Standard Plan
CUST04553,Monthly,605.43,UPI,2024-03-11,2026-05-17,Basic Plan
CUST04554,Monthly,1072.8,Net Banking,2021-09-25,2026-05-21,Standard Plan
CUST04555,Monthly,2799.09,Net Banking,2023-09-12,2026-02-22,Standard Plan
CUST04556,Quarterly,2855.28,Credit Card,2021-07-28,,Basic Plan
CUST04557,Monthly,3414.52,UPI,2023-06-04,2026-01-21,Basic Plan
CUST04558,Quarterly,3473.18,Credit Card,2021-08-23,,Standard Plan
CUST04559,Annual,944.73,Credit Card,2023-10-08,,Basic Plan
CUST04560,Monthly,2247.27,Debit Card,2025-05-14,2026-07-06,Standard Plan
CUST04561,Annual,1957.87,Debit Card,2022-01-08,2026-01-09,Standard Plan
CUST04562,Monthly,2587.18,Net Banking,2024-11-02,,Basic Plan
CUST04563,Monthly,616.04,Auto Pay,2024-01-02,,Basic Plan
CUST04564,Quarterly,640.3,UPI,2024-10-01,2026-05-15,Basic Plan
CUST04565,Annual,2007.1,Auto Pay,2023-06-02,,Standard Plan
CUST04566,Quarterly,840.95,Debit Card,2024-12-05,,Basic Plan
CUST04567,Monthly,455.67,Auto Pay,2024-03-10,,Basic Plan
CUST04568,Annual,2515.82,Debit Card,2025-03-26,,Premium Plan
CUST04569,Annual,3437.84,UPI,2024-08-14,,Basic Plan
CUST04570,Monthly,1674.81,Credit Card,2025-03-11,,Premium Plan
CUST04571,Annual,4118.1,Debit Card,2021-08-10,,Basic Plan
CUST04572,Monthly,418.88,Credit Card,2024-03-03,,Basic Plan
CUST04573,Annual,4057.6,Credit Card,2025-07-21,,Standard Plan
CUST04574,Quarterly,2504.28,Auto Pay,2025-01-01,,Basic Plan
CUST04575,Monthly,3070.61,Net Banking,2022-03-27,,Basic Plan
CUST04576,Annual,4927.39,Auto Pay,2024-01-12,2026-01-05,Premium Plan
CUST04577,Monthly,1998.49,UPI,2025-02-24,2026-04-07,Standard Plan
CUST04578,Monthly,2661.94,Credit Card,2021-06-29,,Standard Plan
CUST04579,Quarterly,3051.4,Net Banking,2021-03-13,,Standard Plan
CUST04580,Monthly,1112.33,Auto Pay,2024-12-01,,Standard Plan
CUST04581,Monthly,3305.62,Debit Card,2023-03-23,,Standard Plan
CUST04582,Annual,770.51,Net Banking,2023-05-17,,Standard Plan
CUST04583,Monthly,1045.98,Debit Card,2023-10-19,2026-05-24,Basic Plan
CUST04584,Quarterly,3782.84,Credit Card,2021-04-28,,Premium Plan
CUST04585,Quarterly,639.17,UPI,2021-08-01,,Standard Plan
CUST04586,Monthly,806.31,Debit Card,2024-12-01,2026-05-14,Basic Plan
CUST04587,Annual,4058.58,UPI,2023-03-20,,Standard Plan
CUST04588,Annual,3431.36,UPI,2025-06-21,,Premium Plan
CUST04589,Quarterly,1892.66,Credit Card,2021-07-17,2026-05-07,Premium Plan
CUST04590,Annual,3927.67,Auto Pay,2022-10-30,2026-05-07,Basic Plan
CUST04591,Annual,1994.35,Debit Card,2022-10-15,,Basic Plan
CUST04592,Monthly,3500.41,Net Banking,2024-11-04,2026-06-10,Standard Plan
CUST04593,Quarterly,2708.82,Auto Pay,2021-03-17,,Standard Plan
CUST04594,Quarterly,1243.49,Net Banking,2022-03-31,2026-04-17,Basic Plan
CUST04595,Annual,2766.65,Debit Card,2025-12-12,,Basic Plan
CUST04596,Quarterly,1504.27,Net Banking,2022-11-28,,Standard Plan
CUST04597,Quarterly,3311.77,UPI,2021-07-17,,Standard Plan
CUST04598,Monthly,776.54,Net Banking,2025-06-28,,Basic Plan
CUST04599,Monthly,897.0,Credit Card,2025-06-03,,Standard Plan
CUST04600,Monthly,1335.19,Net Banking,2024-05-02,,Basic Plan
CUST04601,Monthly,3301.41,Credit Card,2025-05-10,2026-04-02,Standard Plan
CUST04602,Monthly,1296.49,Net Banking,2024-06-06,2026-08-25,Standard Plan
CUST04603,Annual,4250.06,Credit Card,2022-01-05,,Premium Plan
CUST04604,Monthly,2189.87,Auto Pay,2021-03-25,,Standard Plan
CUST04605,Monthly,448.22,Net Banking,2022-01-19,2026-01-30,Standard Plan
CUST04606,Monthly,4851.73,Auto Pay,2025-03-06,2026-01-09,Basic Plan
CUST04607,Quarterly,4986.66,Credit Card,2023-07-17,,Premium Plan
CUST04608,Monthly,1006.91,UPI,2024-11-28,,Basic Plan
CUST04609,Monthly,3842.61,Net Banking,2025-10-18,2026-05-15,Basic Plan
CUST04610,Monthly,4425.14,Net Banking,2024-09-10,2026-02-28,Standard Plan
CUST04611,Monthly,940.14,Net Banking,2025-12-03,,Basic Plan
CUST04612,Monthly,3475.49,Credit Card,2023-06-07,,Standard Plan
CUST04613,Monthly,4555.39,Credit Card,2023-01-25,,Standard Plan
CUST04614,Annual,344.46,Credit Card,2023-11-11,,Basic Plan
CUST04615,Quarterly,3895.85,Net Banking,2023-04-12,,Basic Plan
CUST04616,Annual,1865.8,UPI,2025-03-11,,Standard Plan
CUST04617,Monthly,2425.67,UPI,2025-12-21,,Standard Plan
CUST04618,Quarterly,4814.8,Credit Card,2025-12-13,,Basic Plan
CUST04619,Monthly,3496.81,Net Banking,2023-01-20,,Basic Plan
CUST04620,Annual,3876.07,UPI,2025-07-01,,Premium Plan
CUST04621,Monthly,4846.1,Debit Card,2022-08-24,2026-01-20,Standard Plan
CUST04622,Monthly,3117.46,Debit Card,2023-09-20,2026-01-06,Basic Plan
CUST04623,Monthly,3789.68,Debit Card,2024-11-25,,Basic Plan
CUST04624,Monthly,4734.44,Credit Card,2022-11-20,,Standard Plan
CUST04625,Quarterly,4420.6,Net Banking,2021-07-26,,Standard Plan
CUST04626,Monthly,1373.48,Debit Card,2022-12-09,,Basic Plan
CUST04627,Quarterly,4842.52,Net Banking,2023-12-02,,Basic Plan
CUST04628,Monthly,722.67,Credit Card,2025-12-13,2026-07-08,Premium Plan
CUST04629,Monthly,3472.25,UPI,2021-09-13,,Standard Plan
CUST04630,Monthly,2085.63,Auto Pay,2021-02-25,2026-08-10,Premium Plan
CUST04631,Monthly,3248.23,Net Banking,2021-10-13,,Basic Plan
CUST04632,Monthly,2733.34,Auto Pay,2023-07-21,,Standard Plan
CUST04633,Monthly,1425.82,Net Banking,2022-03-14,2026-05-18,Standard Plan
CUST04634,Monthly,533.64,UPI,2024-04-29,,Basic Plan
CUST04635,Quarterly,4894.61,Net Banking,2023-06-02,,Standard Plan
CUST04636,Annual,892.83,Auto Pay,2025-08-28,,Standard Plan
CUST04637,Annual,1647.35,Debit Card,2024-06-07,,Standard Plan
CUST04638,Quarterly,1626.03,Credit Card,2021-04-19,,Basic Plan
CUST04639,Annual,1826.57,Auto Pay,2022-06-03,,Standard Plan
CUST04640,Monthly,2609.58,Debit Card,2022-08-16,2026-07-25,Basic Plan
CUST04641,Quarterly,3910.1,Credit Card,2022-03-27,2026-05-07,Premium Plan
CUST04642,Monthly,572.39,Auto Pay,2024-07-01,,Basic Plan
CUST04643,Annual,3545.47,Auto Pay,2023-05-12,,Standard Plan
CUST04644,Annual,4429.87,Auto Pay,2022-02-15,,Standard Plan
CUST04645,Monthly,1260.85,Net Banking,2021-05-14,,Basic Plan
CUST04646,Monthly,3955.77,UPI,2023-08-15,,Basic Plan
CUST04647,Monthly,2135.24,Debit Card,2025-09-24,,Basic Plan
CUST04648,Annual,400.12,UPI,2021-12-02,,Standard Plan
CUST04649,Annual,3336.87,UPI,2024-02-26,,Premium Plan
CUST04650,Monthly,3635.75,Credit Card,2021-04-01,2026-04-05,Premium Plan
CUST04651,Monthly,4847.83,Auto Pay,2021-12-30,,Basic Plan
CUST04652,Quarterly,4944.0,Net Banking,2025-09-10,2026-06-29,Basic Plan
CUST04653,Monthly,2716.27,Debit Card,2024-09-11,2026-01-31,Basic Plan
CUST04654,Quarterly,4833.44,Credit Card,2024-01-06,,Standard Plan
CUST04655,Annual,4867.83,Net Banking,2021-10-05,,Basic Plan
CUST04656,Quarterly,4425.4,Debit Card,2021-09-27,,Premium Plan
CUST04657,Monthly,845.21,UPI,2024-02-14,,Basic Plan
CUST04658,Monthly,4290.15,Auto Pay,2024-10-31,2026-05-13,Basic Plan
CUST04659,Annual,722.91,Auto Pay,2021-07-25,,Standard Plan
CUST04660,Annual,4956.55,UPI,2025-12-27,,Standard Plan
CUST04661,Monthly,3626.93,Net Banking,2022-07-31,,Standard Plan
CUST04662,Monthly,1742.94,UPI,2022-12-09,,Basic Plan
CUST04663,Monthly,2655.96,Credit Card,2025-08-14,2026-05-13,Premium Plan
CUST04664,Monthly,1032.94,Debit Card,2022-05-20,2026-05-25,Standard Plan
CUST04665,Quarterly,4765.0,Auto Pay,2023-09-29,,Premium Plan
CUST04666,Annual,3800.45,UPI,2023-02-24,,Standard Plan
CUST04667,Monthly,2721.16,UPI,2023-02-01,2026-06-24,Premium Plan
CUST04668,Annual,1377.78,Auto Pay,2025-03-18,,Premium Plan
CUST04669,Annual,695.94,Auto Pay,2024-08-03,,Standard Plan
CUST04670,Monthly,1810.97,Auto Pay,2023-11-04,,Standard Plan
CUST04671,Monthly,3898.93,Credit Card,2024-12-18,,Standard Plan
CUST04672,Monthly,1655.01,Debit Card,2024-12-30,,Standard Plan
CUST04673,Monthly,798.83,UPI,2025-09-18,2026-06-09,Standard Plan
CUST04674,Monthly,713.47,Auto Pay,2022-06-01,,Basic Plan
CUST04675,Quarterly,2357.34,Debit Card,2024-12-29,,Standard Plan
CUST04676,Quarterly,1812.12,Credit Card,2021-05-13,2026-07-04,Basic Plan
CUST04677,Monthly,2305.95,Credit Card,2021-10-25,,Standard Plan
CUST04678,Annual,2480.06,Debit Card,2024-05-11,,Basic Plan
CUST04679,Annual,876.46,UPI,2025-11-21,,Basic Plan
CUST04680,Quarterly,1173.73,UPI,2023-04-07,,Standard Plan
CUST04681,Monthly,1255.75,Net Banking,2021-08-16,,Standard Plan
CUST04682,Quarterly,2206.87,Auto Pay,2022-04-15,,Basic Plan
CUST04683,Monthly,4483.54,Net Banking,2021-06-07,,Standard Plan
CUST04684,Annual,3461.17,UPI,2023-03-08,,Premium Plan
CUST04685,Annual,2962.21,UPI,2023-02-25,,Basic Plan
CUST04686,Quarterly,3900.86,Debit Card,2022-05-18,2026-07-10,Basic Plan
CUST04687,Monthly,1400.86,Debit Card,2021-02-18,,Basic Plan
CUST04688,Monthly,4312.69,UPI,2024-11-16,2026-04-11,Premium Plan
CUST04689,Monthly,596.83,Debit Card,2022-02-26,,Basic Plan
CUST04690,Annual,963.83,Auto Pay,2025-02-28,2026-06-03,Standard Plan
CUST04691,Monthly,4919.33,Auto Pay,2024-02-10,2026-08-07,Standard Plan
CUST04692,Monthly,4452.48,Credit Card,2021-09-25,2026-01-24,Standard Plan
CUST04693,Monthly,3793.95,Net Banking,2021-08-06,,Basic Plan
CUST04694,Monthly,4436.08,UPI,2025-10-04,,Basic Plan
CUST04695,Quarterly,908.67,Auto Pay,2021-03-13,,Basic Plan
CUST04696,Quarterly,1854.45,Debit Card,2023-10-09,,Basic Plan
CUST04697,Monthly,4475.22,Auto Pay,2022-08-08,,Standard Plan
CUST04698,Monthly,2545.1,Debit Card,2021-08-16,2026-02-05,Standard Plan
CUST04699,Monthly,4760.95,UPI,2023-10-10,2026-07-13,Standard Plan
CUST04700,Monthly,1601.82,Net Banking,2021-05-21,,Basic Plan
CUST04701,Monthly,4870.39,UPI,2025-01-08,,Basic Plan
CUST04702,Monthly,2632.38,Auto Pay,2022-06-13,,Premium Plan
CUST04703,Monthly,1273.31,UPI,2023-03-06,,Standard Plan
CUST04704,Monthly,4000.54,Debit Card,2021-08-17,,Premium Plan
CUST04705,Monthly,890.58,UPI,2021-08-16,,Basic Plan
CUST04706,Annual,3829.77,Debit Card,2023-11-05,,Standard Plan
CUST04707,Annual,2478.3,Debit Card,2021-09-27,,Basic Plan
CUST04708,Monthly,835.95,Net Banking,2023-01-05,2026-03-28,Standard Plan
CUST04709,Annual,3036.3,Auto Pay,2022-10-04,2026-07-13,Basic Plan
CUST04710,Monthly,2087.07,Auto Pay,2022-09-13,,Standard Plan
CUST04711,Annual,1717.59,Debit Card,2024-02-10,,Basic Plan
CUST04712,Monthly,924.09,Credit Card,2021-07-22,,Standard Plan
CUST04713,Monthly,1490.33,Credit Card,2023-12-01,,Standard Plan
CUST04714,Monthly,901.91,Credit Card,2021-11-24,2026-03-06,Basic Plan
CUST04715,Annual,359.22,Auto Pay,2023-01-20,,Basic Plan
CUST04716,Annual,3437.24,Credit Card,2024-05-14,,Standard Plan
CUST04717,Monthly,1882.33,Debit Card,2025-03-10,2026-05-05,Basic Plan
CUST04718,Monthly,1177.12,Debit Card,2024-11-29,2026-01-11,Basic Plan
CUST04719,Monthly,2415.68,UPI,2022-02-13,,Basic Plan
CUST04720,Quarterly,3710.93,UPI,2023-02-13,2026-07-08,Basic Plan
CUST04721,Annual,1126.82,Debit Card,2025-09-27,,Standard Plan
CUST04722,Monthly,2164.41,Debit Card,2022-03-10,2026-02-07,Basic Plan
CUST04723,Annual,2274.21,Credit Card,2023-01-25,,Standard Plan
CUST04724,Monthly,426.17,Auto Pay,2022-04-01,2026-04-18,Basic Plan
CUST04725,Monthly,524.58,Net Banking,2023-04-16,,Premium Plan
CUST04726,Quarterly,1278.73,Auto Pay,2025-01-21,,Standard Plan
CUST04727,Annual,3016.21,Debit Card,2024-07-09,,Standard Plan
CUST04728,Monthly,2598.95,Credit Card,2022-01-03,2026-02-19,Basic Plan
CUST04729,Monthly,1707.06,Auto Pay,2022-07-17,2026-03-03,Premium Plan
CUST04730,Monthly,1595.86,UPI,2023-03-21,2026-06-07,Standard Plan
CUST04731,Monthly,766.63,Net Banking,2025-05-13,,Standard Plan
CUST04732,Quarterly,4257.77,Net Banking,2021-10-29,,Standard Plan
CUST04733,Monthly,3226.91,Net Banking,2025-05-18,,Basic Plan
CUST04734,Monthly,354.97,UPI,2022-10-03,2026-08-06,Basic Plan
CUST04735,Monthly,4499.83,Auto Pay,2024-08-20,,Basic Plan
CUST04736,Annual,3837.93,Net Banking,2022-03-28,,Basic Plan
CUST04737,Monthly,4237.48,Debit Card,2021-12-28,,Standard Plan
CUST04738,Annual,455.01,Credit Card,2023-06-25,,Basic Plan
CUST04739,Monthly,1937.87,UPI,2021-08-07,,Basic Plan
CUST04740,Quarterly,2208.91,Auto Pay,2022-06-21,,Premium Plan
CUST04741,Quarterly,1258.88,Net Banking,2025-01-17,,Basic Plan
CUST04742,Annual,4288.56,Debit Card,2023-06-10,,Premium Plan
CUST04743,Monthly,4196.61,Credit Card,2021-04-22,,Standard Plan
CUST04744,Annual,1228.15,Credit Card,2023-12-30,,Standard Plan
CUST04745,Annual,3516.04,UPI,2021-02-05,,Premium Plan
CUST04746,Quarterly,4568.22,Auto Pay,2023-02-18,,Standard Plan
CUST04747,Monthly,3016.47,Debit Card,2022-12-13,,Basic Plan
CUST04748,Monthly,743.07,Net Banking,2024-11-19,2026-07-24,Standard Plan
CUST04749,Quarterly,3383.46,UPI,2025-08-22,2026-05-23,Basic Plan
CUST04750,Annual,1648.91,Net Banking,2022-09-17,,Premium Plan
CUST04751,Annual,3523.1,UPI,2024-07-29,,Standard Plan
CUST04752,Monthly,2810.55,Credit Card,2024-11-01,,Standard Plan
CUST04753,Monthly,3900.76,Net Banking,2021-03-29,,Standard Plan
CUST04754,Annual,352.34,Credit Card,2023-05-13,,Basic Plan
CUST04755,Annual,544.99,Net Banking,2021-10-27,,Standard Plan
CUST04756,Quarterly,1563.5,Credit Card,2021-07-20,,Basic Plan
CUST04757,Monthly,1088.1,Net Banking,2023-02-09,2026-02-26,Premium Plan
CUST04758,Monthly,3316.97,Debit Card,2021-08-03,2026-08-12,Standard Plan
CUST04759,Annual,1187.51,Debit Card,2023-06-10,,Standard Plan
CUST04760,Quarterly,4626.24,Auto Pay,2022-06-04,,Basic Plan
CUST04761,Monthly,3553.84,Debit Card,2023-02-28,,Premium Plan
CUST04762,Monthly,3129.9,Debit Card,2023-04-13,2026-04-21,Premium Plan
CUST04763,Monthly,4909.39,Auto Pay,2025-11-04,2026-07-20,Standard Plan
CUST04764,Annual,2633.48,Debit Card,2025-04-01,,Basic Plan
CUST04765,Annual,4152.56,Debit Card,2024-04-19,2026-08-26,Standard Plan
CUST04766,Monthly,1951.51,Auto Pay,2021-04-25,2026-05-10,Basic Plan
CUST04767,Monthly,3316.46,Auto Pay,2025-03-18,2026-04-15,Standard Plan
CUST04768,Monthly,2668.47,Debit Card,2022-11-05,,Standard Plan
CUST04769,Annual,3684.35,Net Banking,2021-12-07,,Standard Plan
CUST04770,Monthly,2941.5,UPI,2025-11-24,,Standard Plan
CUST04771,Monthly,1196.74,Auto Pay,2022-10-13,,Basic Plan
CUST04772,Quarterly,4025.69,Net Banking,2022-09-28,,Standard Plan
CUST04773,Quarterly,2466.95,Debit Card,2022-05-15,2026-05-06,Basic Plan
CUST04774,Annual,426.83,Net Banking,2021-08-02,,Basic Plan
CUST04775,Annual,4337.48,Credit Card,2023-05-28,,Basic Plan
CUST04776,Annual,2839.91,Auto Pay,2023-01-15,,Standard Plan
CUST04777,Monthly,1174.62,Debit Card,2024-12-08,2026-04-30,Standard Plan
CUST04778,Monthly,516.63,Auto Pay,2021-05-07,2026-05-29,Standard Plan
CUST04779,Monthly,1455.88,Debit Card,2024-03-13,,Basic Plan
CUST04780,Monthly,3756.12,Net Banking,2022-12-13,2026-02-11,Standard Plan
CUST04781,Monthly,3070.02,Debit Card,2022-04-04,,Basic Plan
CUST04782,Monthly,3279.96,Credit Card,2025-03-16,2026-06-28,Standard Plan
CUST04783,Monthly,4057.8,Net Banking,2021-09-05,,Basic Plan
CUST04784,Monthly,2088.67,Auto Pay,2023-11-22,,Basic Plan
CUST04785,Annual,993.73,Debit Card,2024-12-07,,Standard Plan
CUST04786,Monthly,4680.14,Debit Card,2025-12-14,,Basic Plan
CUST04787,Annual,4734.41,UPI,2021-02-09,,Basic Plan
CUST04788,Annual,1078.55,UPI,2024-01-02,,Basic Plan
CUST04789,Annual,1010.46,Credit Card,2021-02-05,,Basic Plan
CUST04790,Monthly,2739.14,Debit Card,2022-09-25,2026-02-14,Standard Plan
CUST04791,Quarterly,4924.0,Credit Card,2025-10-18,,Basic Plan
CUST04792,Annual,770.19,Auto Pay,2022-11-14,,Basic Plan
CUST04793,Annual,1828.69,UPI,2025-05-27,,Standard Plan
CUST04794,Monthly,3190.59,Credit Card,2025-07-14,2026-03-20,Standard Plan
CUST04795,Quarterly,1576.06,Auto Pay,2025-08-22,2026-06-18,Premium Plan
CUST04796,Annual,1620.47,Debit Card,2025-12-23,,Basic Plan
CUST04797,Monthly,2508.2,UPI,2023-03-26,2026-02-13,Basic Plan
CUST04798,Quarterly,4810.03,Debit Card,2022-05-28,2026-06-15,Basic Plan
CUST04799,Quarterly,4495.15,Debit Card,2024-08-22,,Basic Plan
CUST04800,Quarterly,1869.39,Debit Card,2023-08-09,,Basic Plan
CUST04801,Annual,4464.03,Auto Pay,2022-11-21,,Standard Plan
CUST04802,Monthly,556.05,Auto Pay,2021-10-21,,Standard Plan
CUST04803,Quarterly,2125.24,UPI,2022-08-12,,Premium Plan
CUST04804,Annual,1872.04,Net Banking,2022-06-24,,Premium Plan
CUST04805,Annual,512.41,Debit Card,2022-08-09,,Standard Plan
CUST04806,Monthly,3543.11,Auto Pay,2022-08-20,,Premium Plan
CUST04807,Monthly,1178.3,UPI,2025-08-06,,Standard Plan
CUST04808,Monthly,4314.19,Net Banking,2023-02-02,,Standard Plan
CUST04809,Monthly,1910.6,Credit Card,2023-08-31,2026-08-29,Basic Plan
CUST04810,Monthly,2330.06,Auto Pay,2024-07-20,,Basic Plan
CUST04811,Quarterly,2444.26,Credit Card,2024-06-19,2026-04-20,Standard Plan
CUST04812,Monthly,561.06,Net Banking,2025-09-08,2026-08-24,Standard Plan
CUST04813,Monthly,1944.83,Net Banking,2023-03-03,2026-02-14,Premium Plan
CUST04814,Monthly,1035.42,Auto Pay,2022-02-08,,Basic Plan
CUST04815,Monthly,542.45,Debit Card,2023-05-25,,Basic Plan
CUST04816,Monthly,4280.52,Credit Card,2023-08-22,2026-08-30,Standard Plan
CUST04817,Annual,1364.26,Debit Card,2023-11-22,2026-04-12,Premium Plan
CUST04818,Monthly,1246.95,Debit Card,2022-12-01,,Premium Plan
CUST04819,Monthly,1757.97,UPI,2025-07-25,,Premium Plan
CUST04820,Monthly,2394.83,UPI,2025-05-07,,Premium Plan
CUST04821,Monthly,1788.52,UPI,2024-03-30,,Basic Plan
CUST04822,Monthly,2962.87,Credit Card,2024-12-21,,Standard Plan
CUST04823,Quarterly,516.46,Net Banking,2021-05-17,2026-08-12,Standard Plan
CUST04824,Annual,3102.43,Auto Pay,2022-03-14,,Basic Plan
CUST04825,Quarterly,511.22,Auto Pay,2022-03-13,2026-02-23,Standard Plan
CUST04826,Monthly,3125.91,Auto Pay,2021-11-24,2026-07-11,Basic Plan
CUST04827,Monthly,1567.24,UPI,2025-03-06,,Basic Plan
CUST04828,Monthly,609.99,Credit Card,2023-07-07,2026-05-14,Premium Plan
CUST04829,Quarterly,489.28,Auto Pay,2025-03-15,,Basic Plan
CUST04830,Annual,1772.21,Debit Card,2025-01-26,,Basic Plan
CUST04831,Annual,3930.72,Credit Card,2023-05-12,2026-05-08,Premium Plan
CUST04832,Quarterly,3741.75,Debit Card,2023-07-02,,Basic Plan
CUST04833,Quarterly,1464.08,Credit Card,2022-05-08,2026-04-22,Basic Plan
CUST04834,Monthly,3345.92,Debit Card,2024-04-01,2026-05-26,Premium Plan
CUST04835,Monthly,3819.85,Auto Pay,2021-10-30,2026-03-11,Standard Plan
CUST04836,Monthly,3095.16,Credit Card,2023-09-17,2026-04-14,Basic Plan
CUST04837,Quarterly,2373.02,Net Banking,2025-01-30,,Standard Plan
CUST04838,Monthly,4610.49,Auto Pay,2024-05-29,,Standard Plan
CUST04839,Quarterly,723.88,Auto Pay,2023-09-25,,Basic Plan
CUST04840,Monthly,3002.99,Auto Pay,2021-06-30,,Standard Plan
CUST04841,Monthly,3749.42,Net Banking,2022-07-24,2026-05-10,Standard Plan
CUST04842,Monthly,3608.22,Debit Card,2024-05-25,2026-07-31,Basic Plan
CUST04843,Quarterly,2508.58,Net Banking,2022-02-11,,Standard Plan
CUST04844,Quarterly,776.06,Debit Card,2022-03-05,,Standard Plan
CUST04845,Monthly,876.32,Debit Card,2024-10-10,2026-04-22,Standard Plan
CUST04846,Monthly,4528.03,Net Banking,2025-12-13,2026-03-11,Premium Plan
CUST04847,Monthly,1454.13,Credit Card,2024-04-06,,Basic Plan
CUST04848,Monthly,2180.28,Auto Pay,2021-10-29,,Premium Plan
CUST04849,Annual,4088.83,Credit Card,2025-08-29,,Standard Plan
CUST04850,Annual,3011.58,UPI,2023-03-12,,Standard Plan
CUST04851,Annual,1250.05,Credit Card,2025-05-28,,Premium Plan
CUST04852,Quarterly,3464.44,Net Banking,2023-09-12,,Standard Plan
CUST04853,Monthly,1763.01,Auto Pay,2023-10-14,2026-01-16,Premium Plan
CUST04854,Quarterly,3361.04,Debit Card,2022-03-07,,Premium Plan
CUST04855,Monthly,3031.8,UPI,2023-04-02,2026-01-06,Standard Plan
CUST04856,Quarterly,1166.24,UPI,2023-09-24,,Standard Plan
CUST04857,Annual,2442.36,Auto Pay,2023-08-30,,Basic Plan
CUST04858,Monthly,1139.93,Credit Card,2025-06-14,2026-04-01,Basic Plan
CUST04859,Annual,747.84,Debit Card,2023-06-14,,Standard Plan
CUST04860,Monthly,3394.99,Net Banking,2025-11-30,,Basic Plan
CUST04861,Monthly,4321.29,UPI,2022-04-02,2026-07-04,Standard Plan
CUST04862,Annual,4915.53,Net Banking,2022-06-15,,Basic Plan
CUST04863,Quarterly,378.54,Auto Pay,2025-06-14,2026-04-22,Standard Plan
CUST04864,Monthly,790.2,Credit Card,2024-11-22,,Standard Plan
CUST04865,Monthly,2994.3,Credit Card,2021-05-03,2026-05-21,Standard Plan
CUST04866,Quarterly,3297.56,Net Banking,2024-06-15,,Basic Plan
CUST04867,Monthly,1129.21,Auto Pay,2025-08-23,,Basic Plan
CUST04868,Quarterly,4293.04,Credit Card,2022-02-15,,Basic Plan
CUST04869,Annual,1405.62,UPI,2022-03-07,,Basic Plan
CUST04870,Monthly,1105.09,Net Banking,2025-07-20,,Basic Plan
CUST04871,Monthly,2898.45,Auto Pay,2023-08-29,,Basic Plan
CUST04872,Annual,301.48,Debit Card,2021-09-14,,Premium Plan
CUST04873,Monthly,596.63,Debit Card,2022-08-20,,Basic Plan
CUST04874,Monthly,3490.31,Credit Card,2024-04-05,,Basic Plan
CUST04875,Monthly,3307.56,UPI,2021-01-05,2026-01-31,Standard Plan
CUST04876,Monthly,2275.36,Credit Card,2025-08-16,,Standard Plan
CUST04877,Monthly,2497.02,Auto Pay,2023-08-05,,Standard Plan
CUST04878,Quarterly,2058.98,UPI,2025-09-08,,Standard Plan
CUST04879,Monthly,2394.73,Debit Card,2023-02-05,,Basic Plan
CUST04880,Monthly,510.99,Credit Card,2024-02-24,,Standard Plan
CUST04881,Annual,575.23,Credit Card,2022-09-07,,Basic Plan
CUST04882,Monthly,3823.23,UPI,2023-01-20,2026-07-20,Basic Plan
CUST04883,Quarterly,681.62,Net Banking,2023-09-30,,Basic Plan
CUST04884,Monthly,3479.72,Net Banking,2024-02-12,,Standard Plan
CUST04885,Annual,2275.24,Credit Card,2021-01-03,2026-01-21,Basic Plan
CUST04886,Annual,4533.83,UPI,2022-08-19,,Basic Plan
CUST04887,Annual,4164.74,Debit Card,2023-12-05,,Standard Plan
CUST04888,Annual,4807.68,Debit Card,2022-11-26,,Basic Plan
CUST04889,Monthly,3393.23,Auto Pay,2022-08-14,2026-03-14,Standard Plan
CUST04890,Monthly,481.12,UPI,2025-02-02,,Basic Plan
CUST04891,Monthly,678.93,Debit Card,2022-04-07,,Basic Plan
CUST04892,Monthly,3138.79,Net Banking,2022-01-19,,Basic Plan
CUST04893,Quarterly,4710.18,UPI,2025-02-20,,Standard Plan
CUST04894,Quarterly,3817.23,Credit Card,2021-08-14,,Premium Plan
CUST04895,Annual,2968.52,Net Banking,2024-10-11,2026-06-28,Standard Plan
CUST04896,Annual,474.09,Debit Card,2025-08-14,,Basic Plan
CUST04897,Annual,4045.52,UPI,2023-06-09,,Basic Plan
CUST04898,Monthly,2059.07,Auto Pay,2023-08-25,2026-01-30,Basic Plan
CUST04899,Monthly,4272.79,Debit Card,2024-02-11,,Basic Plan
CUST04900,Monthly,1748.73,Debit Card,2024-03-25,,Standard Plan
CUST04901,Quarterly,4656.18,Net Banking,2024-09-05,2026-02-04,Basic Plan
CUST04902,Quarterly,3766.65,Credit Card,2021-06-17,,Premium Plan
CUST04903,Annual,3219.16,Debit Card,2025-06-22,,Standard Plan
CUST04904,Monthly,3973.11,Net Banking,2024-04-09,,Standard Plan
CUST04905,Monthly,2896.45,UPI,2021-09-21,,Basic Plan
CUST04906,Monthly,2048.43,UPI,2021-02-11,,Basic Plan
CUST04907,Monthly,549.21,Net Banking,2023-01-24,2026-01-24,Basic Plan
CUST04908,Monthly,3056.94,UPI,2025-07-14,,Premium Plan
CUST04909,Monthly,2209.4,UPI,2022-08-10,2026-04-29,Basic Plan
CUST04910,Quarterly,1632.04,Net Banking,2023-01-13,,Standard Plan
CUST04911,Monthly,564.65,UPI,2022-12-09,2026-06-30,Basic Plan
CUST04912,Annual,4894.48,Debit Card,2023-02-12,,Basic Plan
CUST04913,Quarterly,4630.73,Auto Pay,2024-04-09,,Basic Plan
CUST04914,Annual,3723.5,Auto Pay,2022-10-06,,Premium Plan
CUST04915,Annual,1804.93,Auto Pay,2025-01-01,,Standard Plan
CUST04916,Quarterly,4522.62,UPI,2022-01-07,2026-04-20,Basic Plan
CUST04917,Monthly,980.69,Auto Pay,2021-05-11,,Standard Plan
CUST04918,Quarterly,4974.22,Auto Pay,2021-02-20,,Basic Plan
CUST04919,Annual,1047.38,Debit Card,2025-03-15,,Standard Plan
CUST04920,Monthly,1625.24,Debit Card,2023-01-03,2026-04-19,Standard Plan
CUST04921,Quarterly,477.63,Credit Card,2022-08-10,,Basic Plan
CUST04922,Monthly,831.55,Auto Pay,2021-01-09,2026-06-05,Basic Plan
CUST04923,Annual,4113.32,UPI,2024-02-07,2026-08-08,Standard Plan
CUST04924,Annual,4150.18,UPI,2025-07-17,,Standard Plan
CUST04925,Quarterly,1455.83,Auto Pay,2024-10-31,,Basic Plan
CUST04926,Quarterly,436.68,Credit Card,2025-09-16,,Standard Plan
CUST04927,Quarterly,1419.04,Auto Pay,2024-03-25,,Standard Plan
CUST04928,Quarterly,851.61,UPI,2025-02-20,,Basic Plan
CUST04929,Monthly,3697.84,Net Banking,2021-02-13,,Basic Plan
CUST04930,Monthly,1008.89,Auto Pay,2024-10-04,,Basic Plan
CUST04931,Monthly,1355.91,Net Banking,2022-10-11,,Basic Plan
CUST04932,Monthly,896.9,Net Banking,2021-06-27,,Standard Plan
CUST04933,Monthly,2669.94,Auto Pay,2024-03-16,,Premium Plan
CUST04934,Quarterly,1847.01,Net Banking,2024-07-01,,Standard Plan
CUST04935,Annual,2076.64,Debit Card,2022-01-13,,Basic Plan
CUST04936,Quarterly,4725.27,Auto Pay,2024-09-11,,Basic Plan
CUST04937,Annual,3751.99,Credit Card,2022-09-16,,Basic Plan
CUST04938,Quarterly,3024.74,Credit Card,2022-01-13,2026-04-08,Standard Plan
CUST04939,Monthly,1704.71,Debit Card,2022-07-14,,Premium Plan
CUST04940,Annual,3309.38,UPI,2024-06-12,,Standard Plan
CUST04941,Monthly,790.92,Debit Card,2021-02-16,,Basic Plan
CUST04942,Monthly,4540.57,Debit Card,2024-08-29,2026-03-12,Basic Plan
CUST04943,Monthly,4601.8,Credit Card,2024-09-05,,Standard Plan
CUST04944,Quarterly,4882.67,Credit Card,2021-04-12,,Basic Plan
CUST04945,Monthly,4493.77,Net Banking,2023-12-10,,Standard Plan
CUST04946,Monthly,1857.29,Debit Card,2022-09-28,,Basic Plan
CUST04947,Monthly,4104.08,Net Banking,2023-09-21,,Basic Plan
CUST04948,Monthly,1153.46,Net Banking,2023-09-11,2026-08-14,Basic Plan
CUST04949,Annual,1888.67,Auto Pay,2021-02-23,2026-07-22,Basic Plan
CUST04950,Monthly,1205.42,Net Banking,2024-09-08,,Basic Plan
CUST04951,Annual,2509.26,Credit Card,2024-10-30,,Premium Plan
CUST04952,Monthly,1146.16,Auto Pay,2023-02-18,,Standard Plan
CUST04953,Monthly,1771.74,Debit Card,2023-06-15,,Standard Plan
CUST04954,Annual,4182.18,Net Banking,2022-10-30,,Basic Plan
CUST04955,Quarterly,1015.15,Net Banking,2025-03-06,,Basic Plan
CUST04956,Annual,4867.57,Net Banking,2021-10-10,,Standard Plan
CUST04957,Quarterly,3444.21,Debit Card,2022-05-10,,Premium Plan
CUST04958,Annual,2380.07,Credit Card,2023-11-06,,Standard Plan
CUST04959,Monthly,3519.9,Net Banking,2025-12-29,2026-07-01,Standard Plan
CUST04960,Quarterly,4153.83,Net Banking,2025-02-22,2026-07-07,Standard Plan
CUST04961,Annual,587.75,Auto Pay,2021-01-07,,Standard Plan
CUST04962,Annual,619.96,Debit Card,2023-12-03,,Basic Plan
CUST04963,Monthly,3784.48,Auto Pay,2025-04-23,2026-05-19,Basic Plan
CUST04964,Monthly,2936.81,Debit Card,2021-12-22,2026-07-12,Basic Plan
CUST04965,Monthly,2735.03,Credit Card,2022-11-03,,Standard Plan
CUST04966,Annual,3363.25,Auto Pay,2025-12-18,,Premium Plan
CUST04967,Monthly,3288.95,Credit Card,2021-08-11,,Basic Plan
CUST04968,Quarterly,3043.37,Credit Card,2025-10-21,2026-03-24,Basic Plan
CUST04969,Quarterly,4636.92,Credit Card,2023-04-20,,Standard Plan
CUST04970,Quarterly,779.4,Net Banking,2024-11-22,,Premium Plan
CUST04971,Monthly,775.36,Net Banking,2025-08-06,,Standard Plan
CUST04972,Quarterly,4066.41,Credit Card,2023-07-30,,Standard Plan
CUST04973,Monthly,1780.01,Auto Pay,2025-05-28,,Basic Plan
CUST04974,Monthly,2277.73,Auto Pay,2022-12-15,,Premium Plan
CUST04975,Monthly,3708.36,UPI,2025-03-07,2026-01-11,Basic Plan
CUST04976,Monthly,1127.58,Credit Card,2023-11-03,,Premium Plan
CUST04977,Monthly,4541.6,Net Banking,2023-05-07,,Standard Plan
CUST04978,Monthly,3837.25,Net Banking,2023-04-16,2026-07-07,Premium Plan
CUST04979,Quarterly,347.76,Auto Pay,2024-10-03,,Basic Plan
CUST04980,Quarterly,3631.1,Debit Card,2022-02-03,,Standard Plan
CUST04981,Monthly,1769.06,Auto Pay,2024-02-01,,Basic Plan
CUST04982,Annual,449.29,Debit Card,2025-04-02,,Standard Plan
CUST04983,Monthly,3426.51,Debit Card,2022-01-24,2026-02-20,Premium Plan
CUST04984,Quarterly,4296.17,Credit Card,2022-01-04,,Standard Plan
CUST04985,Quarterly,3930.34,Auto Pay,2024-05-15,,Standard Plan
CUST04986,Quarterly,3755.04,UPI,2025-05-19,,Basic Plan
CUST04987,Quarterly,2330.28,Credit Card,2022-01-19,,Premium Plan
CUST04988,Quarterly,1499.62,Credit Card,2024-10-03,,Standard Plan
CUST04989,Monthly,1548.72,Credit Card,2022-01-09,,Premium Plan
CUST04990,Quarterly,1105.46,Debit Card,2021-03-28,,Standard Plan
CUST04991,Monthly,1900.85,Credit Card,2022-08-09,,Basic Plan
CUST04992,Monthly,3814.19,Net Banking,2023-07-30,,Basic Plan
CUST04993,Annual,1417.54,Auto Pay,2024-10-26,,Premium Plan
CUST04994,Monthly,4167.79,Credit Card,2025-05-02,,Standard Plan
CUST04995,Annual,4255.3,Net Banking,2024-12-27,,Basic Plan
CUST04996,Quarterly,2497.28,Net Banking,2022-09-10,,Standard Plan
CUST04997,Annual,2546.43,Credit Card,2025-08-09,,Basic Plan
CUST04998,Monthly,3765.35,Auto Pay,2023-08-17,,Standard Plan
CUST04999,Monthly,4490.7,UPI,2025-09-07,2026-05-23,Basic Plan
CUST05000,Annual,2805.7,Credit Card,2021-06-19,,Basic Plan
CUST05001,Monthly,501.0,Debit Card,2021-04-11,,Basic Plan
CUST05002,Monthly,2510.22,Credit Card,2025-05-11,,Premium Plan
CUST05003,Annual,4046.84,Auto Pay,2022-11-19,,Standard Plan
CUST05004,Annual,877.63,Debit Card,2021-05-08,,Basic Plan
CUST05005,Annual,1151.54,Net Banking,2025-07-28,,Standard Plan
CUST05006,Monthly,2131.16,Net Banking,2022-04-18,,Standard Plan
CUST05007,Monthly,3088.37,Auto Pay,2021-02-15,,Basic Plan
CUST05008,Annual,1005.44,UPI,2024-05-13,,Basic Plan
CUST05009,Annual,3865.27,UPI,2025-01-17,,Premium Plan
CUST05010,Annual,1229.15,Auto Pay,2024-06-10,,Standard Plan
CUST05011,Monthly,1563.44,Debit Card,2022-08-09,,Standard Plan
CUST05012,Annual,3381.61,Debit Card,2022-03-11,,Standard Plan
CUST05013,Monthly,3868.71,Credit Card,2025-03-22,,Basic Plan
CUST05014,Monthly,3892.0,Credit Card,2023-03-11,,Standard Plan
CUST05015,Annual,4559.27,Credit Card,2021-07-07,,Premium Plan
CUST05016,Quarterly,4202.76,Net Banking,2024-02-17,,Standard Plan
CUST05017,Annual,2326.61,Debit Card,2021-07-17,,Standard Plan
CUST05018,Annual,1657.75,Credit Card,2025-11-10,,Basic Plan
CUST05019,Monthly,3709.45,Auto Pay,2024-12-06,2026-06-05,Standard Plan
CUST05020,Monthly,1528.25,UPI,2025-02-25,2026-02-25,Premium Plan
CUST05021,Monthly,2909.1,Auto Pay,2023-12-27,2026-04-20,Basic Plan
CUST05022,Monthly,3387.96,Debit Card,2024-08-13,2026-03-28,Premium Plan
CUST05023,Quarterly,577.56,Auto Pay,2023-05-29,2026-02-13,Standard Plan
CUST05024,Quarterly,3870.33,Auto Pay,2025-09-26,,Basic Plan
CUST05025,Monthly,3128.32,Debit Card,2023-04-18,2026-07-13,Basic Plan
CUST05026,Monthly,3357.06,Credit Card,2024-04-29,2026-04-16,Basic Plan
CUST05027,Annual,1314.51,UPI,2025-06-03,,Standard Plan
CUST05028,Monthly,3463.6,UPI,2025-02-08,,Premium Plan
CUST05029,Monthly,390.13,Net Banking,2021-06-14,,Premium Plan
CUST05030,Quarterly,4909.45,Credit Card,2022-09-19,,Standard Plan
CUST05031,Monthly,3836.69,Net Banking,2024-10-11,2026-08-03,Premium Plan
CUST05032,Monthly,3825.93,UPI,2024-09-15,,Premium Plan
CUST05033,Monthly,2574.67,Net Banking,2021-02-28,2026-02-19,Standard Plan
CUST05034,Monthly,3992.03,Credit Card,2025-03-03,,Standard Plan
CUST05035,Annual,883.28,UPI,2022-10-26,,Standard Plan
CUST05036,Annual,1133.51,Auto Pay,2024-02-25,,Basic Plan
CUST05037,Annual,1605.63,UPI,2021-04-01,,Standard Plan
CUST05038,Quarterly,1152.91,Net Banking,2025-04-18,2026-06-03,Basic Plan
CUST05039,Monthly,611.26,UPI,2025-06-11,2026-04-14,Standard Plan
CUST05040,Annual,3991.48,Debit Card,2023-09-11,,Premium Plan
CUST05041,Quarterly,3798.65,Auto Pay,2023-04-12,2026-02-28,Basic Plan
CUST05042,Annual,4792.45,UPI,2025-11-12,2026-04-02,Basic Plan
CUST05043,Monthly,2964.89,Net Banking,2024-08-10,2026-03-08,Standard Plan
CUST05044,Monthly,1335.76,Net Banking,2021-01-16,,Standard Plan
CUST05045,Annual,1576.07,Auto Pay,2025-04-20,2026-01-17,Basic Plan
CUST05046,Annual,2457.61,Net Banking,2022-06-16,,Premium Plan
CUST05047,Monthly,1773.2,Net Banking,2024-04-30,,Basic Plan
CUST05048,Monthly,3663.57,Credit Card,2022-10-23,2026-01-13,Premium Plan
CUST05049,Monthly,3344.8,Net Banking,2025-07-03,2026-02-15,Standard Plan
CUST05050,Monthly,3237.29,Auto Pay,2023-12-19,,Basic Plan
CUST05051,Monthly,2237.61,Debit Card,2025-02-28,,Basic Plan
CUST05052,Annual,2304.64,Net Banking,2022-03-29,,Basic Plan
CUST05053,Monthly,3164.7,Debit Card,2021-10-07,2026-08-06,Standard Plan
CUST05054,Monthly,941.81,UPI,2021-02-05,2026-05-01,Basic Plan
CUST05055,Monthly,2218.43,UPI,2021-12-06,2026-02-11,Standard Plan
CUST05056,Annual,1047.31,Net Banking,2021-02-18,,Basic Plan
CUST05057,Monthly,533.29,UPI,2021-07-20,2026-04-01,Basic Plan
CUST05058,Annual,4985.07,Debit Card,2023-04-17,,Standard Plan
CUST05059,Monthly,1564.5,Debit Card,2025-11-28,,Standard Plan
CUST05060,Monthly,482.1,Debit Card,2025-05-27,,Basic Plan
CUST05061,Monthly,1699.0,Net Banking,2021-07-04,2026-04-04,Basic Plan
CUST05062,Monthly,1748.49,Credit Card,2024-02-16,,Basic Plan
CUST05063,Quarterly,2252.9,Auto Pay,2024-05-19,2026-07-26,Standard Plan
CUST05064,Monthly,755.03,Credit Card,2025-01-27,,Basic Plan
CUST05065,Annual,747.46,Credit Card,2025-10-18,,Standard Plan
CUST05066,Annual,750.19,Credit Card,2023-10-26,,Standard Plan
CUST05067,Monthly,2683.14,Credit Card,2021-12-28,,Standard Plan
CUST05068,Monthly,3748.86,Debit Card,2023-05-11,2026-05-18,Standard Plan
CUST05069,Monthly,4856.66,UPI,2022-04-10,2026-05-14,Standard Plan
CUST05070,Annual,1833.79,Credit Card,2024-02-09,,Standard Plan
CUST05071,Monthly,1108.79,Credit Card,2025-06-18,,Basic Plan
CUST05072,Monthly,1860.68,Auto Pay,2022-05-23,2026-06-29,Basic Plan
CUST05073,Quarterly,4456.81,Credit Card,2022-02-08,,Basic Plan
CUST05074,Monthly,1895.5,UPI,2024-08-13,,Basic Plan
CUST05075,Monthly,1088.26,Debit Card,2021-08-18,2026-05-26,Standard Plan
CUST05076,Quarterly,3643.39,UPI,2024-04-17,,Basic Plan
CUST05077,Annual,2563.41,Credit Card,2025-05-16,2026-03-30,Basic Plan
CUST05078,Monthly,622.79,UPI,2021-05-16,,Standard Plan
CUST05079,Annual,4022.7,Net Banking,2021-03-23,,Basic Plan
CUST05080,Quarterly,3783.82,Net Banking,2023-06-15,,Premium Plan
CUST05081,Monthly,1245.42,Credit Card,2022-10-27,2026-08-05,Standard Plan
CUST05082,Quarterly,2016.56,Credit Card,2025-12-23,2026-05-24,Standard Plan
CUST05083,Monthly,3744.33,Debit Card,2021-10-17,2026-07-23,Basic Plan
CUST05084,Monthly,3419.37,Auto Pay,2024-05-11,,Standard Plan
CUST05085,Quarterly,548.28,UPI,2023-01-23,,Basic Plan
CUST05086,Annual,1048.6,Net Banking,2022-04-26,,Premium Plan
CUST05087,Monthly,4617.14,Debit Card,2025-12-26,,Standard Plan
CUST05088,Monthly,4433.48,UPI,2022-06-19,2026-08-01,Basic Plan
CUST05089,Monthly,2225.3,Net Banking,2025-12-31,,Premium Plan
CUST05090,Annual,2509.14,Debit Card,2024-04-04,,Standard Plan
CUST05091,Monthly,1837.32,Credit Card,2023-12-05,,Standard Plan
CUST05092,Monthly,1123.64,Auto Pay,2025-10-10,,Basic Plan
CUST05093,Annual,560.65,UPI,2022-10-02,,Standard Plan
CUST05094,Monthly,4068.56,Credit Card,2021-01-20,,Basic Plan
CUST05095,Annual,3520.42,Net Banking,2024-09-08,,Premium Plan
CUST05096,Monthly,4914.44,UPI,2022-02-08,2026-05-07,Premium Plan
CUST05097,Annual,470.91,UPI,2024-12-11,,Basic Plan
CUST05098,Monthly,836.45,UPI,2022-12-25,,Standard Plan
CUST05099,Monthly,3571.07,Debit Card,2024-06-04,,Basic Plan
CUST05100,Quarterly,4072.25,Credit Card,2021-05-15,2026-03-30,Premium Plan
CUST05101,Monthly,3012.71,Credit Card,2025-03-29,,Standard Plan
CUST05102,Quarterly,2486.3,Debit Card,2024-12-20,,Standard Plan
CUST05103,Annual,1901.6,Net Banking,2023-04-30,,Standard Plan
CUST05104,Annual,3643.31,Net Banking,2025-12-06,,Standard Plan
CUST05105,Monthly,3606.36,Credit Card,2022-02-12,,Standard Plan
CUST05106,Monthly,1854.39,Net Banking,2023-02-25,2026-07-09,Basic Plan
CUST05107,Quarterly,4987.29,Net Banking,2023-08-05,,Standard Plan
CUST05108,Monthly,4006.1,Credit Card,2024-11-27,,Basic Plan
CUST05109,Quarterly,2236.99,UPI,2021-02-02,,Premium Plan
CUST05110,Monthly,1907.01,Debit Card,2025-10-26,,Standard Plan
CUST05111,Monthly,1019.53,Net Banking,2023-12-04,2026-05-20,Basic Plan
CUST05112,Annual,4794.11,UPI,2021-12-25,,Basic Plan
CUST05113,Annual,1541.72,UPI,2022-02-20,,Standard Plan
CUST05114,Annual,4828.56,UPI,2022-02-18,,Standard Plan
CUST05115,Monthly,4733.17,Credit Card,2021-01-12,,Premium Plan
CUST05116,Quarterly,4711.72,Debit Card,2024-01-27,2026-07-01,Standard Plan
CUST05117,Annual,2633.36,Auto Pay,2022-08-22,,Standard Plan
CUST05118,Monthly,638.14,Net Banking,2025-05-04,,Standard Plan
CUST05119,Monthly,1342.77,Debit Card,2023-02-08,,Standard Plan
CUST05120,Annual,1158.43,Credit Card,2022-12-24,2026-04-01,Basic Plan
CUST05121,Monthly,3554.59,Credit Card,2021-01-23,2026-06-10,Premium Plan
CUST05122,Monthly,1734.61,UPI,2021-03-15,2026-07-21,Standard Plan
CUST05123,Quarterly,3796.48,UPI,2023-01-11,,Standard Plan
CUST05124,Monthly,3686.13,Debit Card,2023-05-06,,Basic Plan
CUST05125,Quarterly,304.67,UPI,2024-11-14,,Basic Plan
CUST05126,Monthly,1237.96,Auto Pay,2024-03-03,,Standard Plan
CUST05127,Quarterly,1026.19,UPI,2022-05-24,2026-04-28,Standard Plan
CUST05128,Monthly,2604.07,UPI,2025-11-17,,Basic Plan
CUST05129,Monthly,1033.17,Credit Card,2024-10-30,,Basic Plan
CUST05130,Monthly,4574.66,Credit Card,2024-11-28,,Basic Plan
CUST05131,Monthly,3338.88,Auto Pay,2025-09-24,2026-08-23,Standard Plan
CUST05132,Quarterly,518.42,Net Banking,2023-06-01,2026-05-25,Premium Plan
CUST05133,Monthly,4252.83,Auto Pay,2021-07-11,,Standard Plan
CUST05134,Quarterly,2093.91,Credit Card,2025-01-19,2026-03-02,Standard Plan
CUST05135,Annual,1419.79,Credit Card,2021-01-15,,Standard Plan
CUST05136,Monthly,4396.69,Credit Card,2025-04-04,2026-04-23,Basic Plan
CUST05137,Annual,531.49,Net Banking,2023-05-17,,Basic Plan
CUST05138,Quarterly,415.71,Net Banking,2023-04-13,,Basic Plan
CUST05139,Monthly,4813.42,UPI,2024-05-06,,Standard Plan
CUST05140,Monthly,1040.9,Auto Pay,2022-02-14,,Basic Plan
CUST05141,Annual,2375.25,Auto Pay,2025-11-27,2026-04-04,Basic Plan
CUST05142,Quarterly,1454.14,UPI,2021-12-13,,Basic Plan
CUST05143,Annual,2818.97,Net Banking,2021-02-13,2026-04-11,Standard Plan
CUST05144,Monthly,3726.44,Auto Pay,2021-01-27,2026-05-12,Basic Plan
CUST05145,Monthly,1373.23,Debit Card,2024-06-30,,Basic Plan
CUST05146,Annual,3069.82,Debit Card,2024-02-23,,Standard Plan
CUST05147,Monthly,3249.67,Net Banking,2024-11-18,2026-06-08,Standard Plan
CUST05148,Quarterly,4451.78,UPI,2023-12-03,,Premium Plan
CUST05149,Monthly,1887.64,Auto Pay,2022-03-23,2026-07-20,Standard Plan
CUST05150,Quarterly,982.18,Net Banking,2025-10-03,,Standard Plan
CUST05151,Monthly,4244.17,Credit Card,2024-08-03,2026-07-14,Basic Plan
CUST05152,Quarterly,1981.84,Credit Card,2021-03-04,,Standard Plan
CUST05153,Monthly,2459.29,UPI,2022-03-08,2026-08-10,Basic Plan
CUST05154,Quarterly,3908.69,Debit Card,2021-04-24,,Basic Plan
CUST05155,Annual,1707.3,UPI,2025-08-01,,Basic Plan
CUST05156,Monthly,3717.92,Debit Card,2025-05-25,2026-05-03,Basic Plan
CUST05157,Quarterly,785.16,Auto Pay,2023-08-31,,Standard Plan
CUST05158,Monthly,2158.29,Debit Card,2021-05-19,,Standard Plan
CUST05159,Quarterly,1240.51,Debit Card,2022-01-26,2026-08-29,Standard Plan
CUST05160,Quarterly,3303.07,Credit Card,2024-10-18,,Premium Plan
CUST05161,Quarterly,2610.82,Auto Pay,2025-03-21,,Basic Plan
CUST05162,Quarterly,4871.16,Auto Pay,2023-12-01,,Standard Plan
CUST05163,Monthly,4748.27,Debit Card,2023-07-01,,Basic Plan
CUST05164,Quarterly,1034.88,Net Banking,2021-05-01,2026-05-21,Standard Plan
CUST05165,Annual,3537.2,UPI,2021-08-19,,Standard Plan
CUST05166,Monthly,618.38,Credit Card,2022-10-05,,Standard Plan
CUST05167,Monthly,4993.53,UPI,2025-07-14,,Premium Plan
CUST05168,Monthly,1332.56,Net Banking,2025-09-02,,Standard Plan
CUST05169,Annual,4932.02,Debit Card,2023-05-09,,Standard Plan
CUST05170,Quarterly,3305.14,Credit Card,2025-04-08,,Premium Plan
CUST05171,Annual,3301.15,Auto Pay,2024-06-15,,Standard Plan
CUST05172,Monthly,2543.47,Auto Pay,2021-10-07,,Premium Plan
CUST05173,Monthly,3073.8,UPI,2024-10-08,,Standard Plan
CUST05174,Monthly,1500.4,UPI,2022-01-04,2026-02-25,Premium Plan
CUST05175,Quarterly,2933.08,UPI,2025-01-09,,Standard Plan
CUST05176,Monthly,4267.73,UPI,2021-04-01,,Standard Plan
CUST05177,Monthly,3472.77,UPI,2022-10-18,,Basic Plan
CUST05178,Monthly,2109.03,Auto Pay,2025-04-08,,Standard Plan
CUST05179,Quarterly,2624.56,Net Banking,2025-10-05,2026-04-08,Standard Plan
CUST05180,Monthly,1912.72,UPI,2024-09-28,2026-04-26,Premium Plan
CUST05181,Annual,3008.93,Debit Card,2022-07-02,,Standard Plan
CUST05182,Quarterly,2569.56,Net Banking,2025-08-02,,Standard Plan
CUST05183,Monthly,1674.43,Credit Card,2022-10-15,,Standard Plan
CUST05184,Quarterly,2141.94,Debit Card,2024-05-20,,Standard Plan
CUST05185,Monthly,3588.04,Auto Pay,2025-07-29,,Basic Plan
CUST05186,Annual,1362.32,Auto Pay,2025-01-17,,Standard Plan
CUST05187,Monthly,2441.63,Debit Card,2023-09-18,,Standard Plan
CUST05188,Annual,3257.71,Debit Card,2023-04-08,2026-06-26,Basic Plan
CUST05189,Monthly,1618.5,Debit Card,2021-08-23,,Basic Plan
CUST05190,Monthly,837.65,UPI,2024-01-25,,Basic Plan
CUST05191,Annual,345.41,Auto Pay,2022-10-28,2026-05-24,Standard Plan
CUST05192,Quarterly,1216.91,UPI,2024-05-18,,Standard Plan
CUST05193,Monthly,1647.97,Debit Card,2024-06-06,,Standard Plan
CUST05194,Monthly,4084.45,Auto Pay,2023-12-06,2026-05-21,Premium Plan
CUST05195,Monthly,878.32,Credit Card,2022-03-12,,Standard Plan
CUST05196,Monthly,3764.35,UPI,2021-06-01,,Standard Plan
CUST05197,Monthly,823.4,Debit Card,2022-10-17,,Basic Plan
CUST05198,Quarterly,1612.47,Net Banking,2025-09-09,,Premium Plan
CUST05199,Monthly,1005.7,Auto Pay,2021-12-10,,Basic Plan
CUST05200,Quarterly,3949.02,UPI,2021-07-11,,Standard Plan
CUST05201,Monthly,2238.32,Net Banking,2021-12-22,,Basic Plan
CUST05202,Monthly,3239.33,UPI,2025-11-17,,Standard Plan
CUST05203,Annual,4113.13,UPI,2022-11-06,,Basic Plan
CUST05204,Annual,3937.21,Net Banking,2021-10-15,,Premium Plan
CUST05205,Monthly,1889.2,Auto Pay,2024-04-07,2026-06-27,Premium Plan
CUST05206,Monthly,2635.49,Debit Card,2023-12-03,,Basic Plan
CUST05207,Monthly,652.49,Net Banking,2023-04-07,2026-02-19,Basic Plan
CUST05208,Monthly,2164.13,Net Banking,2024-06-13,,Basic Plan
CUST05209,Monthly,1305.88,Debit Card,2025-11-27,,Basic Plan
CUST05210,Monthly,784.64,UPI,2023-01-26,2026-06-05,Standard Plan
CUST05211,Quarterly,3250.12,Debit Card,2021-07-03,,Standard Plan
CUST05212,Annual,3668.05,Auto Pay,2021-01-06,2026-04-04,Standard Plan
CUST05213,Monthly,2822.42,Net Banking,2023-09-27,,Premium Plan
CUST05214,Monthly,445.24,Net Banking,2021-05-27,,Standard Plan
CUST05215,Annual,4102.0,Auto Pay,2023-02-24,2026-05-17,Standard Plan
CUST05216,Monthly,3496.65,UPI,2023-11-05,2026-07-20,Basic Plan
CUST05217,Monthly,3631.25,UPI,2023-10-01,,Standard Plan
CUST05218,Monthly,3133.55,Net Banking,2024-11-21,2026-07-12,Premium Plan
CUST05219,Monthly,2354.81,Net Banking,2023-08-29,,Basic Plan
CUST05220,Quarterly,1945.73,Net Banking,2025-11-19,,Basic Plan
CUST05221,Monthly,4900.63,Debit Card,2023-09-03,2026-02-14,Standard Plan
CUST05222,Annual,4082.82,Net Banking,2024-03-13,2026-04-04,Standard Plan
CUST05223,Quarterly,4971.08,Net Banking,2025-04-01,,Standard Plan
CUST05224,Monthly,4603.42,Debit Card,2022-08-09,2026-08-28,Basic Plan
CUST05225,Monthly,3636.09,Net Banking,2023-07-18,2026-05-22,Premium Plan
CUST05226,Monthly,1641.78,Net Banking,2025-11-28,,Standard Plan
CUST05227,Annual,2024.4,Net Banking,2022-01-07,,Standard Plan
CUST05228,Monthly,1389.92,Net Banking,2024-01-05,2026-08-03,Basic Plan
CUST05229,Annual,3495.96,UPI,2025-03-26,2026-03-22,Standard Plan
CUST05230,Quarterly,2577.78,UPI,2022-07-11,,Premium Plan
CUST05231,Quarterly,4540.88,Debit Card,2023-08-17,,Standard Plan
CUST05232,Quarterly,3101.48,UPI,2023-10-24,,Standard Plan
CUST05233,Annual,3206.73,Auto Pay,2022-01-09,,Standard Plan
CUST05234,Quarterly,2254.4,Auto Pay,2021-12-10,,Basic Plan
CUST05235,Annual,1925.46,Auto Pay,2024-01-11,,Standard Plan
CUST05236,Annual,1497.74,Net Banking,2025-01-23,,Standard Plan
CUST05237,Annual,4100.99,Debit Card,2023-09-22,,Premium Plan
CUST05238,Monthly,1419.58,Credit Card,2022-06-07,,Basic Plan
CUST05239,Monthly,4120.7,UPI,2024-11-05,,Standard Plan
CUST05240,Monthly,4979.36,Auto Pay,2021-01-28,2026-01-27,Premium Plan
CUST05241,Monthly,2066.76,Net Banking,2023-04-13,2026-03-06,Standard Plan
CUST05242,Annual,4771.92,Auto Pay,2023-12-13,,Basic Plan
CUST05243,Monthly,1598.99,Credit Card,2021-09-13,,Basic Plan
CUST05244,Monthly,665.83,Net Banking,2025-01-07,,Premium Plan
CUST05245,Monthly,3598.55,Credit Card,2023-10-02,,Basic Plan
CUST05246,Monthly,3977.42,UPI,2025-04-21,,Basic Plan
CUST05247,Monthly,4129.58,Credit Card,2025-11-21,,Basic Plan
CUST05248,Monthly,2442.84,Credit Card,2022-04-30,,Basic Plan
CUST05249,Quarterly,2977.03,Auto Pay,2024-12-16,,Premium Plan
CUST05250,Annual,1004.38,Auto Pay,2021-07-15,,Standard Plan
CUST05251,Monthly,4786.03,Auto Pay,2024-02-20,,Premium Plan
CUST05252,Annual,3607.58,Credit Card,2025-10-11,2026-08-30,Basic Plan
CUST05253,Monthly,1048.8,UPI,2022-02-02,,Standard Plan
CUST05254,Monthly,921.05,Net Banking,2025-03-19,,Premium Plan
CUST05255,Monthly,4902.14,Credit Card,2024-08-17,,Basic Plan
CUST05256,Monthly,4971.04,UPI,2025-05-24,2026-06-27,Basic Plan
CUST05257,Monthly,1055.71,UPI,2021-07-07,,Standard Plan
CUST05258,Annual,4594.91,Debit Card,2023-03-05,,Standard Plan
CUST05259,Annual,3137.09,Debit Card,2024-02-21,,Premium Plan
CUST05260,Monthly,3248.92,Net Banking,2024-10-17,,Standard Plan
CUST05261,Annual,1395.99,UPI,2021-01-22,,Basic Plan
CUST05262,Monthly,4968.47,UPI,2022-08-13,,Basic Plan
CUST05263,Quarterly,3029.26,Auto Pay,2021-01-21,,Basic Plan
CUST05264,Quarterly,2212.18,UPI,2023-09-21,,Basic Plan
CUST05265,Monthly,3027.5,UPI,2025-09-25,,Premium Plan
CUST05266,Monthly,1919.81,Debit Card,2024-01-22,,Premium Plan
CUST05267,Monthly,1401.4,UPI,2025-07-04,,Premium Plan
CUST05268,Annual,4546.27,Debit Card,2025-07-28,,Standard Plan
CUST05269,Monthly,4468.13,Auto Pay,2021-05-18,2026-06-13,Standard Plan
CUST05270,Monthly,3210.97,Net Banking,2025-11-03,2026-07-03,Basic Plan
CUST05271,Monthly,3174.26,Credit Card,2023-06-05,2026-06-01,Standard Plan
CUST05272,Annual,1724.68,Credit Card,2024-09-28,2026-02-21,Basic Plan
CUST05273,Annual,1069.79,Debit Card,2025-03-03,,Standard Plan
CUST05274,Monthly,3382.7,Debit Card,2024-11-05,,Premium Plan
CUST05275,Monthly,1396.03,Auto Pay,2025-01-28,,Basic Plan
CUST05276,Annual,3745.38,Auto Pay,2024-07-09,,Standard Plan
CUST05277,Monthly,697.86,Net Banking,2023-08-10,,Standard Plan
CUST05278,Annual,2062.93,Auto Pay,2024-06-17,,Standard Plan
CUST05279,Monthly,4443.21,Auto Pay,2021-01-23,,Basic Plan
CUST05280,Monthly,3238.83,Net Banking,2023-12-08,,Basic Plan
CUST05281,Quarterly,1484.02,Auto Pay,2023-09-03,,Basic Plan
CUST05282,Monthly,1785.15,Credit Card,2025-09-30,2026-03-09,Standard Plan
CUST05283,Annual,4738.44,Debit Card,2023-06-18,,Basic Plan
CUST05284,Monthly,1300.39,Net Banking,2021-05-26,2026-02-24,Standard Plan
CUST05285,Monthly,4816.08,UPI,2022-06-04,,Premium Plan
CUST05286,Annual,1092.67,Auto Pay,2024-01-29,,Basic Plan
CUST05287,Monthly,771.76,Debit Card,2024-10-02,2026-08-29,Standard Plan
CUST05288,Monthly,1163.53,Debit Card,2025-01-22,,Standard Plan
CUST05289,Monthly,4736.84,Net Banking,2025-04-21,2026-06-27,Premium Plan
CUST05290,Annual,3701.14,Debit Card,2025-08-14,2026-02-18,Standard Plan
CUST05291,Monthly,1316.86,Credit Card,2023-09-27,2026-08-01,Standard Plan
CUST05292,Monthly,2090.81,Net Banking,2023-08-22,2026-03-16,Standard Plan
CUST05293,Monthly,1211.01,Debit Card,2024-09-24,,Basic Plan
CUST05294,Quarterly,4084.4,Net Banking,2024-04-25,2026-02-27,Standard Plan
CUST05295,Monthly,3506.04,Credit Card,2024-02-29,2026-05-30,Basic Plan
CUST05296,Annual,2486.28,Auto Pay,2024-07-16,,Basic Plan
CUST05297,Monthly,3920.29,Auto Pay,2024-04-24,,Standard Plan
CUST05298,Annual,1931.04,Credit Card,2024-02-04,,Standard Plan
CUST05299,Monthly,2607.1,Auto Pay,2021-02-23,2026-01-20,Standard Plan
CUST05300,Annual,4263.15,Debit Card,2022-02-03,2026-05-11,Basic Plan
CUST05301,Annual,4351.06,Net Banking,2025-10-29,,Premium Plan
CUST05302,Annual,4120.54,Debit Card,2023-01-13,2026-05-18,Standard Plan
CUST05303,Monthly,847.75,UPI,2022-11-12,,Premium Plan
CUST05304,Monthly,3908.49,Debit Card,2024-07-14,,Standard Plan
CUST05305,Annual,1009.9,Auto Pay,2025-07-27,,Standard Plan
CUST05306,Quarterly,4407.21,Credit Card,2021-12-03,,Basic Plan
CUST05307,Annual,302.04,Auto Pay,2022-12-08,,Basic Plan
CUST05308,Quarterly,4380.92,Credit Card,2024-07-26,,Standard Plan
CUST05309,Quarterly,2136.23,UPI,2025-08-08,,Basic Plan
CUST05310,Quarterly,3735.85,UPI,2021-12-01,,Premium Plan
CUST05311,Annual,2554.2,Auto Pay,2024-11-21,,Basic Plan
CUST05312,Annual,2873.2,Net Banking,2023-04-24,,Standard Plan
CUST05313,Monthly,607.8,UPI,2023-02-24,,Standard Plan
CUST05314,Annual,3059.54,Auto Pay,2022-01-14,,Standard Plan
CUST05315,Monthly,2151.7,Net Banking,2023-12-13,2026-03-22,Basic Plan
CUST05316,Monthly,2949.71,Net Banking,2022-03-04,2026-04-23,Standard Plan
CUST05317,Monthly,3539.82,Credit Card,2023-06-22,,Premium Plan
CUST05318,Quarterly,2557.91,Credit Card,2024-10-02,,Basic Plan
CUST05319,Annual,3198.07,Auto Pay,2023-08-22,,Standard Plan
CUST05320,Monthly,1247.2,UPI,2023-12-08,2026-03-05,Basic Plan
CUST05321,Annual,353.47,Net Banking,2025-03-02,,Standard Plan
CUST05322,Monthly,2941.46,Credit Card,2024-04-10,,Basic Plan
CUST05323,Monthly,793.0,Credit Card,2023-02-01,,Basic Plan
CUST05324,Monthly,2243.45,Credit Card,2021-11-01,,Basic Plan
CUST05325,Quarterly,4791.26,Net Banking,2025-12-27,2026-07-05,Premium Plan
CUST05326,Monthly,4531.15,UPI,2024-09-09,,Standard Plan
CUST05327,Monthly,369.16,Net Banking,2025-01-14,,Basic Plan
CUST05328,Monthly,2796.92,Net Banking,2025-05-21,2026-07-16,Basic Plan
CUST05329,Quarterly,1934.65,Debit Card,2025-11-18,,Premium Plan
CUST05330,Quarterly,4040.87,Net Banking,2022-05-31,,Standard Plan
CUST05331,Annual,3310.31,Credit Card,2023-07-04,,Standard Plan
CUST05332,Monthly,2195.56,Auto Pay,2021-05-08,,Basic Plan
CUST05333,Monthly,3547.21,UPI,2022-08-29,2026-03-14,Basic Plan
CUST05334,Quarterly,2286.09,Auto Pay,2023-05-31,,Standard Plan
CUST05335,Annual,3972.58,UPI,2024-12-22,2026-08-21,Standard Plan
CUST05336,Annual,2758.34,Debit Card,2024-08-01,,Basic Plan
CUST05337,Monthly,1892.15,UPI,2025-10-11,,Standard Plan
CUST05338,Annual,2781.28,Credit Card,2022-01-29,,Premium Plan
CUST05339,Annual,3426.19,UPI,2022-11-29,,Basic Plan
CUST05340,Quarterly,4916.52,Net Banking,2023-01-15,,Premium Plan
CUST05341,Monthly,2395.03,Auto Pay,2024-03-24,2026-03-29,Basic Plan
CUST05342,Quarterly,1667.15,Credit Card,2024-06-17,2026-04-11,Standard Plan
CUST05343,Monthly,1559.49,UPI,2022-06-12,,Basic Plan
CUST05344,Annual,783.08,Credit Card,2025-01-31,,Standard Plan
CUST05345,Monthly,1948.78,Credit Card,2022-04-12,2026-03-14,Basic Plan
CUST05346,Monthly,2002.61,UPI,2021-01-24,2026-04-18,Basic Plan
CUST05347,Monthly,2844.93,Credit Card,2022-02-23,2026-04-21,Standard Plan
CUST05348,Quarterly,1870.83,Net Banking,2024-10-14,,Standard Plan
CUST05349,Monthly,4558.02,Auto Pay,2022-12-22,,Basic Plan
CUST05350,Monthly,1531.02,Auto Pay,2023-03-13,,Standard Plan
CUST05351,Annual,3161.22,Credit Card,2024-12-18,,Standard Plan
CUST05352,Monthly,2303.66,Debit Card,2022-06-08,,Basic Plan
CUST05353,Annual,304.73,Auto Pay,2025-07-29,,Basic Plan
CUST05354,Quarterly,3616.71,Credit Card,2024-10-13,,Premium Plan
CUST05355,Annual,422.9,Net Banking,2025-04-07,2026-05-11,Basic Plan
CUST05356,Quarterly,4518.96,UPI,2022-11-07,,Standard Plan
CUST05357,Annual,303.47,UPI,2022-12-10,,Basic Plan
CUST05358,Monthly,4582.99,Net Banking,2023-04-21,,Standard Plan
CUST05359,Annual,1661.54,Auto Pay,2021-11-08,,Basic Plan
CUST05360,Monthly,403.45,Credit Card,2024-09-02,2026-04-07,Basic Plan
CUST05361,Annual,2771.1,UPI,2024-03-31,,Premium Plan
CUST05362,Quarterly,740.43,Debit Card,2023-08-29,,Basic Plan
CUST05363,Annual,733.9,Credit Card,2021-09-19,,Premium Plan
CUST05364,Quarterly,2593.44,Debit Card,2025-12-13,,Basic Plan
CUST05365,Monthly,3422.53,Credit Card,2025-11-12,,Basic Plan
CUST05366,Monthly,3525.33,UPI,2025-09-10,2026-05-04,Standard Plan
CUST05367,Monthly,498.43,Debit Card,2025-11-22,2026-02-11,Basic Plan
CUST05368,Annual,3722.99,Debit Card,2023-09-23,,Standard Plan
CUST05369,Annual,3550.97,UPI,2024-02-25,2026-08-22,Basic Plan
CUST05370,Annual,2025.38,Debit Card,2022-04-22,,Premium Plan
CUST05371,Monthly,695.54,Debit Card,2021-02-07,,Standard Plan
CUST05372,Monthly,1377.07,Net Banking,2023-12-18,2026-01-19,Basic Plan
CUST05373,Annual,3361.21,Net Banking,2025-01-20,,Basic Plan
CUST05374,Monthly,810.59,Debit Card,2023-09-07,2026-06-04,Basic Plan
CUST05375,Monthly,674.52,Auto Pay,2022-02-06,,Standard Plan
CUST05376,Annual,2117.21,Auto Pay,2022-02-01,,Standard Plan
CUST05377,Monthly,2377.49,UPI,2025-07-21,2026-08-30,Basic Plan
CUST05378,Annual,1596.01,Credit Card,2021-07-05,,Basic Plan
CUST05379,Monthly,4359.52,Debit Card,2021-10-04,,Standard Plan
CUST05380,Quarterly,802.59,Credit Card,2021-04-30,,Basic Plan
CUST05381,Monthly,3294.04,Debit Card,2024-01-11,,Premium Plan
CUST05382,Monthly,2594.64,Credit Card,2024-07-18,,Standard Plan
CUST05383,Annual,2242.96,UPI,2022-01-30,,Basic Plan
CUST05384,Monthly,4176.84,Auto Pay,2024-04-06,2026-04-24,Standard Plan
CUST05385,Annual,1256.66,Net Banking,2022-02-27,,Premium Plan
CUST05386,Monthly,4707.24,UPI,2025-03-14,,Standard Plan
CUST05387,Monthly,829.7,Credit Card,2022-08-21,,Standard Plan
CUST05388,Quarterly,2596.71,UPI,2022-05-27,,Premium Plan
CUST05389,Monthly,933.58,UPI,2023-01-08,2026-06-11,Basic Plan
CUST05390,Annual,3865.91,Credit Card,2025-03-05,2026-07-22,Standard Plan
CUST05391,Quarterly,511.63,Net Banking,2025-05-02,,Standard Plan
CUST05392,Quarterly,2293.69,UPI,2023-04-20,2026-03-11,Standard Plan
CUST05393,Monthly,1798.5,Credit Card,2023-11-08,2026-04-30,Basic Plan
CUST05394,Quarterly,1052.47,Debit Card,2024-09-16,,Standard Plan
CUST05395,Monthly,1034.09,UPI,2025-08-06,,Basic Plan
CUST05396,Monthly,399.73,Credit Card,2021-02-06,,Basic Plan
CUST05397,Annual,4558.31,Debit Card,2025-01-26,,Basic Plan
CUST05398,Quarterly,1004.27,UPI,2023-02-25,,Basic Plan
CUST05399,Annual,3917.04,Debit Card,2022-10-13,,Basic Plan
CUST05400,Monthly,3115.07,Net Banking,2024-06-24,2026-05-19,Standard Plan
CUST05401,Monthly,2800.96,UPI,2022-06-16,,Basic Plan
CUST05402,Monthly,2497.39,UPI,2024-12-05,2026-01-10,Standard Plan
CUST05403,Quarterly,1951.16,UPI,2021-02-07,,Standard Plan
CUST05404,Monthly,1614.95,Credit Card,2022-09-17,,Basic Plan
CUST05405,Annual,2112.05,Auto Pay,2024-05-09,,Basic Plan
CUST05406,Annual,3200.43,Credit Card,2023-09-02,,Basic Plan
CUST05407,Monthly,1585.48,Credit Card,2025-09-11,2026-02-16,Standard Plan
CUST05408,Quarterly,1950.74,Auto Pay,2021-03-02,2026-04-23,Standard Plan
CUST05409,Monthly,4640.84,Debit Card,2025-01-12,,Basic Plan
CUST05410,Monthly,844.59,Credit Card,2023-12-05,2026-08-23,Premium Plan
CUST05411,Monthly,3543.46,UPI,2025-02-06,2026-04-28,Basic Plan
CUST05412,Monthly,1405.26,Net Banking,2025-04-30,,Basic Plan
CUST05413,Monthly,793.44,Auto Pay,2023-09-26,2026-01-12,Standard Plan
CUST05414,Annual,1976.45,Debit Card,2022-10-31,,Standard Plan
CUST05415,Monthly,4262.76,Net Banking,2022-03-20,2026-04-24,Standard Plan
CUST05416,Annual,3110.7,UPI,2021-06-03,,Premium Plan
CUST05417,Monthly,4950.47,Credit Card,2021-08-09,,Basic Plan
CUST05418,Annual,986.03,Credit Card,2023-09-21,,Standard Plan
CUST05419,Quarterly,2213.78,Net Banking,2024-12-26,,Basic Plan
CUST05420,Monthly,4873.15,Debit Card,2024-08-25,2026-06-04,Standard Plan
CUST05421,Monthly,2759.99,Credit Card,2024-11-11,,Basic Plan
CUST05422,Annual,2970.45,Debit Card,2023-10-31,,Basic Plan
CUST05423,Annual,2198.64,UPI,2023-11-17,,Premium Plan
CUST05424,Monthly,3700.16,Net Banking,2024-07-28,,Basic Plan
CUST05425,Monthly,886.54,Net Banking,2025-12-26,,Standard Plan
CUST05426,Quarterly,4667.57,Net Banking,2022-05-31,,Premium Plan
CUST05427,Annual,3936.7,Debit Card,2024-08-15,,Standard Plan
CUST05428,Monthly,3600.63,Credit Card,2025-05-26,,Basic Plan
CUST05429,Annual,4792.38,Net Banking,2023-01-16,,Basic Plan
CUST05430,Monthly,4264.15,Auto Pay,2023-06-28,2026-02-21,Basic Plan
CUST05431,Monthly,3493.43,Credit Card,2025-10-19,,Basic Plan
CUST05432,Monthly,4954.12,Auto Pay,2024-06-22,,Standard Plan
CUST05433,Monthly,4408.31,Auto Pay,2022-05-29,,Premium Plan
CUST05434,Annual,2631.41,Net Banking,2021-01-18,,Standard Plan
CUST05435,Monthly,3177.72,Debit Card,2022-03-28,,Basic Plan
CUST05436,Annual,4128.63,UPI,2023-05-28,,Basic Plan
CUST05437,Monthly,1107.02,Debit Card,2023-04-02,,Standard Plan
CUST05438,Annual,2777.34,Auto Pay,2023-10-18,2026-04-14,Premium Plan
CUST05439,Monthly,1314.15,UPI,2025-12-12,2026-06-28,Basic Plan
CUST05440,Monthly,1740.55,Auto Pay,2023-01-02,,Basic Plan
CUST05441,Monthly,2304.26,UPI,2021-11-11,,Basic Plan
CUST05442,Monthly,1902.81,Net Banking,2021-10-12,2026-08-14,Standard Plan
CUST05443,Annual,3761.64,UPI,2023-09-23,,Basic Plan
CUST05444,Annual,2746.46,UPI,2021-04-12,,Basic Plan
CUST05445,Quarterly,406.86,Debit Card,2021-06-28,2026-07-31,Standard Plan
CUST05446,Quarterly,2670.62,Credit Card,2025-08-31,2026-02-02,Basic Plan
CUST05447,Annual,4626.16,UPI,2024-10-22,,Basic Plan
CUST05448,Monthly,3308.83,Debit Card,2025-10-02,,Basic Plan
CUST05449,Annual,3838.66,UPI,2024-07-02,,Standard Plan
CUST05450,Monthly,3504.8,UPI,2025-01-05,,Standard Plan
CUST05451,Monthly,773.06,Net Banking,2021-02-14,,Standard Plan
CUST05452,Annual,4120.19,Credit Card,2023-11-16,,Premium Plan
CUST05453,Monthly,4657.7,Auto Pay,2025-05-21,2026-01-12,Standard Plan
CUST05454,Monthly,1520.81,Auto Pay,2024-03-31,,Basic Plan
CUST05455,Monthly,710.65,Net Banking,2025-07-30,2026-06-06,Basic Plan
CUST05456,Monthly,3767.78,Auto Pay,2021-03-28,,Standard Plan
CUST05457,Monthly,823.15,Auto Pay,2025-11-14,,Standard Plan
CUST05458,Quarterly,2710.59,Auto Pay,2023-08-01,2026-07-12,Standard Plan
CUST05459,Monthly,2453.81,Debit Card,2022-05-28,,Basic Plan
CUST05460,Monthly,3916.44,Net Banking,2021-03-31,,Basic Plan
CUST05461,Monthly,1049.35,Credit Card,2022-12-26,,Basic Plan
CUST05462,Quarterly,470.12,Auto Pay,2021-10-15,,Basic Plan
CUST05463,Monthly,1944.05,Net Banking,2021-11-10,,Premium Plan
CUST05464,Quarterly,2289.27,Credit Card,2022-08-16,,Premium Plan
CUST05465,Monthly,777.86,Debit Card,2025-03-24,2026-06-12,Standard Plan
CUST05466,Monthly,3987.5,UPI,2023-08-24,,Premium Plan
CUST05467,Annual,4555.77,Debit Card,2024-04-01,2026-04-30,Basic Plan
CUST05468,Quarterly,4363.01,Auto Pay,2022-10-16,2026-08-05,Basic Plan
CUST05469,Annual,1343.7,Auto Pay,2023-11-22,,Basic Plan
CUST05470,Monthly,584.56,Auto Pay,2024-04-28,,Basic Plan
CUST05471,Annual,4205.61,Auto Pay,2024-03-09,,Premium Plan
CUST05472,Annual,3700.86,Auto Pay,2025-10-01,,Basic Plan
CUST05473,Monthly,3305.62,Auto Pay,2024-04-03,,Premium Plan
CUST05474,Quarterly,2908.95,UPI,2024-11-11,,Basic Plan
CUST05475,Monthly,4037.83,Credit Card,2021-09-12,,Standard Plan
CUST05476,Monthly,3753.2,Credit Card,2022-08-17,2026-04-12,Standard Plan
CUST05477,Monthly,4104.33,Net Banking,2024-04-21,2026-03-23,Standard Plan
CUST05478,Monthly,3417.05,UPI,2021-04-28,2026-01-28,Basic Plan
CUST05479,Annual,1568.94,Auto Pay,2021-03-29,,Basic Plan
CUST05480,Monthly,4491.51,UPI,2021-08-21,2026-04-28,Standard Plan
CUST05481,Monthly,3286.4,Debit Card,2023-04-16,,Basic Plan
CUST05482,Monthly,2840.91,Net Banking,2024-06-01,2026-08-14,Standard Plan
CUST05483,Quarterly,2032.78,Auto Pay,2022-02-20,,Basic Plan
CUST05484,Quarterly,4964.32,UPI,2021-02-20,,Basic Plan
CUST05485,Monthly,961.82,Net Banking,2023-03-28,2026-06-25,Basic Plan
CUST05486,Annual,3016.31,Credit Card,2025-02-18,2026-04-16,Standard Plan
CUST05487,Monthly,1851.5,UPI,2022-10-28,,Basic Plan
CUST05488,Monthly,1010.32,UPI,2025-04-04,2026-08-15,Basic Plan
CUST05489,Quarterly,1193.74,Net Banking,2022-09-06,,Basic Plan
CUST05490,Monthly,4915.93,UPI,2022-06-21,2026-07-03,Standard Plan
CUST05491,Monthly,1097.14,UPI,2021-05-03,2026-08-21,Standard Plan
CUST05492,Quarterly,1896.41,Debit Card,2022-10-23,2026-02-21,Standard Plan
CUST05493,Quarterly,4425.7,Debit Card,2025-02-12,,Basic Plan
CUST05494,Monthly,413.36,Auto Pay,2021-08-07,,Premium Plan
CUST05495,Monthly,2215.4,Auto Pay,2022-04-18,2026-06-26,Premium Plan
CUST05496,Monthly,4776.08,Net Banking,2025-09-08,,Standard Plan
CUST05497,Monthly,1639.32,Credit Card,2021-11-05,,Standard Plan
CUST05498,Monthly,679.42,Credit Card,2021-07-15,2026-05-30,Basic Plan
CUST05499,Monthly,784.62,Net Banking,2022-10-22,,Basic Plan
CUST05500,Annual,1153.26,Debit Card,2021-08-23,,Basic Plan
CUST05501,Monthly,2983.12,Net Banking,2023-01-09,,Standard Plan
CUST05502,Quarterly,4147.72,Net Banking,2022-09-25,,Basic Plan
CUST05503,Monthly,1163.37,Credit Card,2025-07-30,2026-06-23,Basic Plan
CUST05504,Monthly,734.06,Debit Card,2021-09-23,2026-03-19,Basic Plan
CUST05505,Quarterly,3979.88,Auto Pay,2022-11-06,2026-07-26,Standard Plan
CUST05506,Monthly,3262.9,Credit Card,2025-06-18,,Basic Plan
CUST05507,Monthly,3329.81,Net Banking,2022-12-30,,Standard Plan
CUST05508,Monthly,4598.2,UPI,2023-09-07,2026-06-02,Standard Plan
CUST05509,Monthly,4432.59,Debit Card,2021-11-25,2026-03-31,Standard Plan
CUST05510,Monthly,1370.33,Debit Card,2025-08-07,,Basic Plan
CUST05511,Annual,469.79,Net Banking,2022-02-08,,Basic Plan
CUST05512,Monthly,3518.85,UPI,2021-05-16,2026-07-10,Basic Plan
CUST05513,Quarterly,1338.25,Debit Card,2022-06-06,,Basic Plan
CUST05514,Annual,371.94,Credit Card,2025-07-20,,Standard Plan
CUST05515,Annual,1659.83,Net Banking,2025-09-11,,Basic Plan
CUST05516,Monthly,4688.58,UPI,2024-12-16,,Standard Plan
CUST05517,Monthly,3471.92,Auto Pay,2024-10-04,,Basic Plan
CUST05518,Quarterly,4692.16,Debit Card,2021-04-19,2026-08-20,Standard Plan
CUST05519,Monthly,1992.9,Net Banking,2024-05-15,,Standard Plan
CUST05520,Quarterly,3857.17,Auto Pay,2025-06-13,,Basic Plan
CUST05521,Annual,2152.44,UPI,2025-06-14,,Standard Plan
CUST05522,Monthly,1801.61,Debit Card,2023-12-11,2026-06-30,Basic Plan
CUST05523,Quarterly,309.08,Credit Card,2023-07-12,2026-02-18,Basic Plan
CUST05524,Annual,403.09,UPI,2024-01-20,2026-01-25,Basic Plan
CUST05525,Monthly,4878.81,Debit Card,2024-05-10,2026-06-17,Basic Plan
CUST05526,Annual,1150.34,Net Banking,2022-08-17,,Basic Plan
CUST05527,Quarterly,4344.01,Auto Pay,2021-05-16,2026-05-13,Standard Plan
CUST05528,Quarterly,2697.65,Net Banking,2023-07-03,,Basic Plan
CUST05529,Annual,4388.48,Auto Pay,2025-01-11,,Standard Plan
CUST05530,Monthly,1532.56,Credit Card,2025-10-19,2026-06-12,Premium Plan
CUST05531,Monthly,669.91,Auto Pay,2021-07-17,,Standard Plan
CUST05532,Monthly,2786.99,Auto Pay,2023-12-07,,Standard Plan
CUST05533,Monthly,4270.04,Net Banking,2023-12-12,,Standard Plan
CUST05534,Monthly,652.45,Debit Card,2024-06-23,,Standard Plan
CUST05535,Quarterly,4713.35,Debit Card,2021-10-30,,Standard Plan
CUST05536,Annual,1462.38,Credit Card,2025-04-18,,Standard Plan
CUST05537,Quarterly,4197.24,Auto Pay,2024-09-10,,Standard Plan
CUST05538,Monthly,4289.86,Debit Card,2022-02-10,,Basic Plan
CUST05539,Monthly,1019.43,Debit Card,2021-12-27,2026-05-29,Basic Plan
CUST05540,Monthly,2178.88,Auto Pay,2024-08-12,,Standard Plan
CUST05541,Annual,2490.89,Auto Pay,2024-07-20,,Standard Plan
CUST05542,Monthly,863.67,Credit Card,2022-02-17,,Standard Plan
CUST05543,Monthly,2517.27,Debit Card,2022-01-04,,Standard Plan
CUST05544,Monthly,847.21,Debit Card,2023-01-16,2026-01-30,Standard Plan
CUST05545,Quarterly,1128.05,Auto Pay,2021-10-01,,Standard Plan
CUST05546,Quarterly,1692.71,Debit Card,2023-07-20,,Standard Plan
CUST05547,Quarterly,671.66,Debit Card,2022-11-06,,Basic Plan
CUST05548,Monthly,3098.31,Auto Pay,2025-06-03,2026-03-27,Basic Plan
CUST05549,Monthly,4015.42,UPI,2024-07-07,2026-02-03,Standard Plan
CUST05550,Monthly,4846.29,UPI,2021-10-15,,Standard Plan
CUST05551,Monthly,1077.9,UPI,2022-07-26,2026-07-02,Standard Plan
CUST05552,Monthly,771.87,Auto Pay,2023-05-01,2026-01-25,Basic Plan
CUST05553,Monthly,1113.77,UPI,2024-07-12,,Basic Plan
CUST05554,Quarterly,4742.65,Debit Card,2021-09-20,,Basic Plan
CUST05555,Monthly,1939.08,Net Banking,2022-06-05,2026-06-19,Basic Plan
CUST05556,Quarterly,3661.37,Net Banking,2023-09-28,,Standard Plan
CUST05557,Monthly,1081.9,Net Banking,2021-01-31,,Standard Plan
CUST05558,Monthly,2020.77,Auto Pay,2021-06-13,,Basic Plan
CUST05559,Annual,3727.77,Debit Card,2025-07-02,2026-07-10,Standard Plan
CUST05560,Monthly,1314.86,Auto Pay,2022-12-10,2026-04-18,Basic Plan
CUST05561,Monthly,1371.89,Debit Card,2022-08-06,2026-03-14,Premium Plan
CUST05562,Monthly,1624.67,Net Banking,2024-06-10,,Basic Plan
CUST05563,Quarterly,3340.14,Credit Card,2025-03-30,,Standard Plan
CUST05564,Monthly,1818.98,UPI,2025-04-14,,Standard Plan
CUST05565,Monthly,752.33,Net Banking,2024-11-04,,Standard Plan
CUST05566,Monthly,3212.03,Net Banking,2024-03-04,2026-06-15,Standard Plan
CUST05567,Monthly,1582.93,Credit Card,2023-01-19,,Standard Plan
CUST05568,Monthly,517.92,Auto Pay,2021-12-01,,Basic Plan
CUST05569,Annual,864.47,Debit Card,2021-11-01,,Premium Plan
CUST05570,Quarterly,1099.41,Debit Card,2024-01-29,,Basic Plan
CUST05571,Monthly,2494.16,Auto Pay,2023-12-14,2026-04-09,Standard Plan
CUST05572,Monthly,569.41,Debit Card,2022-09-22,,Premium Plan
CUST05573,Quarterly,4642.23,Debit Card,2023-03-02,,Standard Plan
CUST05574,Quarterly,2670.02,UPI,2021-06-20,,Basic Plan
CUST05575,Annual,1070.04,Auto Pay,2023-09-03,,Standard Plan
CUST05576,Monthly,4467.76,Debit Card,2022-12-02,,Basic Plan
CUST05577,Monthly,1801.07,Auto Pay,2024-04-17,2026-04-19,Standard Plan
CUST05578,Annual,2850.95,Debit Card,2021-09-05,,Standard Plan
CUST05579,Monthly,3603.51,Debit Card,2023-06-04,,Premium Plan
CUST05580,Monthly,4375.64,Debit Card,2021-10-23,2026-02-01,Basic Plan
CUST05581,Annual,3347.66,Net Banking,2024-12-28,2026-04-07,Basic Plan
CUST05582,Annual,3007.05,Debit Card,2023-06-30,,Standard Plan
CUST05583,Monthly,3006.11,Auto Pay,2024-03-04,,Basic Plan
CUST05584,Monthly,2111.78,UPI,2022-03-28,2026-03-16,Standard Plan
CUST05585,Monthly,2926.0,Credit Card,2024-07-14,,Basic Plan
CUST05586,Quarterly,1081.97,Auto Pay,2023-04-21,2026-01-29,Standard Plan
CUST05587,Annual,1703.5,Auto Pay,2025-12-28,,Basic Plan
CUST05588,Annual,3611.56,Credit Card,2021-12-27,,Standard Plan
CUST05589,Monthly,4791.26,Debit Card,2024-05-06,2026-07-30,Basic Plan
CUST05590,Monthly,3248.48,Auto Pay,2022-11-22,,Basic Plan
CUST05591,Monthly,499.87,Debit Card,2025-04-28,2026-04-01,Basic Plan
CUST05592,Monthly,3856.64,Auto Pay,2022-11-04,,Standard Plan
CUST05593,Annual,3964.46,Auto Pay,2025-10-26,,Basic Plan
CUST05594,Quarterly,1276.89,UPI,2022-05-01,,Premium Plan
CUST05595,Monthly,4716.78,Credit Card,2023-10-18,,Basic Plan
CUST05596,Monthly,4011.64,Debit Card,2025-01-20,2026-02-27,Premium Plan
CUST05597,Monthly,2395.29,Net Banking,2022-09-05,,Basic Plan
CUST05598,Quarterly,4258.33,Credit Card,2022-02-14,,Standard Plan
CUST05599,Quarterly,4352.65,Net Banking,2025-08-19,,Basic Plan
CUST05600,Quarterly,4077.39,Auto Pay,2025-05-10,2026-01-12,Basic Plan
CUST05601,Annual,928.63,Debit Card,2024-05-27,2026-04-16,Basic Plan
CUST05602,Quarterly,2292.04,Net Banking,2025-07-23,,Standard Plan
CUST05603,Annual,3860.14,Credit Card,2023-02-07,,Standard Plan
CUST05604,Monthly,1655.82,UPI,2021-07-18,,Standard Plan
CUST05605,Monthly,2197.77,Net Banking,2024-08-11,,Basic Plan
CUST05606,Monthly,592.83,Net Banking,2025-09-19,,Standard Plan
CUST05607,Monthly,2059.23,Net Banking,2021-06-03,,Basic Plan
CUST05608,Quarterly,4226.08,Net Banking,2022-09-25,,Basic Plan
CUST05609,Quarterly,1241.0,Credit Card,2021-04-11,,Basic Plan
CUST05610,Monthly,1322.55,Net Banking,2025-12-10,,Basic Plan
CUST05611,Annual,3216.26,Debit Card,2022-10-26,2026-07-08,Basic Plan
CUST05612,Monthly,1307.03,Debit Card,2021-09-10,,Basic Plan
CUST05613,Annual,2898.69,Net Banking,2025-04-09,2026-05-21,Basic Plan
CUST05614,Monthly,1186.31,Auto Pay,2024-11-09,,Premium Plan
CUST05615,Quarterly,2864.0,Debit Card,2023-01-25,,Basic Plan
CUST05616,Annual,4726.29,Auto Pay,2024-04-08,,Premium Plan
CUST05617,Monthly,969.67,Debit Card,2022-12-08,,Standard Plan
CUST05618,Monthly,2260.9,UPI,2023-11-29,,Basic Plan
CUST05619,Monthly,3652.89,Debit Card,2022-12-25,,Standard Plan
CUST05620,Monthly,3452.32,Net Banking,2023-09-17,,Standard Plan
CUST05621,Monthly,1311.74,Net Banking,2023-06-20,2026-07-10,Basic Plan
CUST05622,Annual,4667.91,Debit Card,2024-04-16,2026-06-04,Standard Plan
CUST05623,Monthly,4211.11,Credit Card,2024-06-12,2026-01-10,Premium Plan
CUST05624,Monthly,3869.5,Net Banking,2022-05-24,2026-05-15,Basic Plan
CUST05625,Monthly,4464.17,Auto Pay,2025-10-02,,Basic Plan
CUST05626,Annual,1384.65,Credit Card,2025-12-04,2026-05-19,Standard Plan
CUST05627,Monthly,4407.0,UPI,2023-07-14,,Basic Plan
CUST05628,Monthly,4843.67,Debit Card,2023-12-11,,Basic Plan
CUST05629,Annual,901.0,Net Banking,2023-09-23,2026-04-27,Standard Plan
CUST05630,Annual,1725.66,Net Banking,2022-02-05,,Basic Plan
CUST05631,Monthly,3443.7,Auto Pay,2025-07-18,2026-04-14,Premium Plan
CUST05632,Monthly,896.35,Net Banking,2022-12-01,2026-06-08,Standard Plan
CUST05633,Quarterly,2396.6,Auto Pay,2024-04-03,,Basic Plan
CUST05634,Monthly,2104.14,Net Banking,2022-04-09,,Standard Plan
CUST05635,Annual,4698.82,Credit Card,2025-03-09,,Basic Plan
CUST05636,Monthly,1117.46,Auto Pay,2025-01-08,2026-02-10,Basic Plan
CUST05637,Quarterly,3758.76,Net Banking,2025-12-15,,Basic Plan
CUST05638,Annual,3671.13,Net Banking,2023-07-02,,Standard Plan
CUST05639,Quarterly,4810.71,Net Banking,2025-06-11,,Premium Plan
CUST05640,Annual,3955.09,Net Banking,2021-02-14,,Standard Plan
CUST05641,Quarterly,1721.58,Credit Card,2025-02-21,,Basic Plan
CUST05642,Annual,2701.61,Credit Card,2021-12-27,,Standard Plan
CUST05643,Monthly,827.75,Net Banking,2021-01-01,,Standard Plan
CUST05644,Monthly,641.22,Debit Card,2021-05-20,,Standard Plan
CUST05645,Annual,2035.1,Auto Pay,2025-11-20,,Basic Plan
CUST05646,Annual,1366.89,Debit Card,2024-10-01,,Basic Plan
CUST05647,Annual,1703.72,Net Banking,2024-11-18,,Basic Plan
CUST05648,Monthly,2752.44,Auto Pay,2023-08-26,2026-08-05,Standard Plan
CUST05649,Monthly,3325.16,Auto Pay,2022-04-16,2026-06-18,Basic Plan
CUST05650,Annual,4601.51,UPI,2025-01-05,,Basic Plan
CUST05651,Quarterly,1925.38,Auto Pay,2023-12-21,,Standard Plan
CUST05652,Monthly,2126.25,UPI,2025-07-29,2026-07-15,Standard Plan
CUST05653,Annual,3150.07,Net Banking,2022-08-02,,Basic Plan
CUST05654,Monthly,4227.96,Debit Card,2024-03-22,2026-04-06,Basic Plan
CUST05655,Monthly,2120.74,Net Banking,2024-08-25,2026-01-22,Basic Plan
CUST05656,Quarterly,660.16,Credit Card,2023-12-03,,Basic Plan
CUST05657,Annual,1326.79,Net Banking,2021-01-20,,Standard Plan
CUST05658,Monthly,4423.52,UPI,2024-10-25,,Basic Plan
CUST05659,Monthly,4647.24,Credit Card,2022-06-15,2026-07-25,Premium Plan
CUST05660,Quarterly,3259.48,Debit Card,2023-05-25,,Premium Plan
CUST05661,Monthly,657.89,Debit Card,2022-06-25,,Standard Plan
CUST05662,Monthly,4696.78,UPI,2022-05-27,2026-03-15,Basic Plan
CUST05663,Monthly,2772.83,Credit Card,2025-09-09,,Premium Plan
CUST05664,Monthly,879.15,UPI,2024-02-27,,Premium Plan
CUST05665,Annual,730.79,Debit Card,2022-09-13,,Basic Plan
CUST05666,Annual,4637.59,Auto Pay,2023-09-07,,Standard Plan
CUST05667,Annual,466.39,Auto Pay,2025-10-21,,Premium Plan
CUST05668,Monthly,4537.87,Auto Pay,2025-06-30,2026-08-20,Basic Plan
CUST05669,Monthly,3028.06,Net Banking,2021-11-10,,Basic Plan
CUST05670,Monthly,4185.07,Debit Card,2024-10-09,2026-05-07,Basic Plan
CUST05671,Quarterly,3804.43,Credit Card,2021-05-08,,Premium Plan
CUST05672,Monthly,1215.62,Net Banking,2024-02-07,,Basic Plan
CUST05673,Monthly,3378.04,Debit Card,2025-05-31,,Standard Plan
CUST05674,Quarterly,1542.68,Credit Card,2021-06-18,,Standard Plan
CUST05675,Quarterly,3549.06,Net Banking,2024-05-05,,Standard Plan
CUST05676,Annual,1258.52,UPI,2025-03-11,,Basic Plan
CUST05677,Monthly,2817.21,Net Banking,2025-04-03,,Basic Plan
CUST05678,Quarterly,4357.14,Debit Card,2024-11-08,,Basic Plan
CUST05679,Quarterly,2738.15,UPI,2022-08-01,,Standard Plan
CUST05680,Monthly,857.07,UPI,2025-01-10,,Standard Plan
CUST05681,Annual,4584.22,Net Banking,2024-01-07,,Standard Plan
CUST05682,Annual,3886.66,Auto Pay,2025-02-24,,Basic Plan
CUST05683,Monthly,3470.02,Auto Pay,2021-11-04,2026-06-01,Basic Plan
CUST05684,Monthly,3980.71,Debit Card,2022-10-11,2026-08-21,Standard Plan
CUST05685,Monthly,2518.29,UPI,2022-04-12,,Basic Plan
CUST05686,Annual,1424.71,Auto Pay,2022-04-08,2026-04-29,Basic Plan
CUST05687,Quarterly,2984.29,Debit Card,2024-06-18,2026-01-21,Standard Plan
CUST05688,Monthly,2825.13,Net Banking,2021-01-14,,Basic Plan
CUST05689,Monthly,2754.82,Net Banking,2022-05-29,,Basic Plan
CUST05690,Monthly,4284.94,Net Banking,2025-04-13,2026-06-07,Basic Plan
CUST05691,Quarterly,1695.71,Auto Pay,2025-08-31,,Standard Plan
CUST05692,Monthly,4906.02,Net Banking,2025-10-02,,Basic Plan
CUST05693,Annual,4757.56,UPI,2023-06-22,,Basic Plan
CUST05694,Monthly,2755.15,Debit Card,2021-04-07,,Premium Plan
CUST05695,Monthly,3791.68,Net Banking,2021-12-22,2026-06-09,Basic Plan
CUST05696,Quarterly,1827.63,Net Banking,2023-09-22,2026-06-28,Standard Plan
CUST05697,Monthly,2254.35,Credit Card,2025-06-16,,Basic Plan
CUST05698,Quarterly,2733.17,Auto Pay,2023-07-10,,Standard Plan
CUST05699,Monthly,4476.66,UPI,2023-11-03,,Basic Plan
CUST05700,Annual,4459.47,UPI,2022-01-04,,Standard Plan
CUST05701,Monthly,3621.85,Auto Pay,2025-05-09,2026-02-10,Basic Plan
CUST05702,Monthly,922.86,UPI,2024-09-15,2026-02-22,Standard Plan
CUST05703,Monthly,3083.54,Debit Card,2023-10-13,,Premium Plan
CUST05704,Monthly,4360.95,UPI,2025-12-12,2026-05-14,Basic Plan
CUST05705,Annual,3812.04,Credit Card,2025-11-01,,Basic Plan
CUST05706,Monthly,3973.74,Credit Card,2024-09-25,2026-01-19,Basic Plan
CUST05707,Monthly,951.07,UPI,2021-07-06,,Basic Plan
CUST05708,Monthly,682.11,Credit Card,2024-11-13,,Basic Plan
CUST05709,Monthly,4561.45,Net Banking,2025-10-12,,Standard Plan
CUST05710,Annual,3028.18,Net Banking,2024-11-16,,Standard Plan
CUST05711,Quarterly,709.04,Auto Pay,2023-08-12,,Basic Plan
CUST05712,Monthly,2443.06,Debit Card,2021-12-27,,Standard Plan
CUST05713,Monthly,3026.9,Auto Pay,2023-01-31,,Basic Plan
CUST05714,Quarterly,1192.32,Net Banking,2022-02-19,,Basic Plan
CUST05715,Monthly,437.43,Debit Card,2022-01-19,,Standard Plan
CUST05716,Monthly,3320.74,Net Banking,2025-12-13,,Basic Plan
CUST05717,Monthly,3600.11,Debit Card,2025-09-07,2026-03-12,Basic Plan
CUST05718,Annual,3938.53,Credit Card,2024-12-21,,Basic Plan
CUST05719,Monthly,4974.38,UPI,2025-09-26,,Standard Plan
CUST05720,Annual,569.08,Net Banking,2023-04-20,2026-03-21,Basic Plan
CUST05721,Monthly,4844.2,Net Banking,2023-01-08,,Basic Plan
CUST05722,Monthly,4433.07,Debit Card,2025-09-06,2026-03-17,Basic Plan
CUST05723,Monthly,4543.47,Debit Card,2021-01-09,,Standard Plan
CUST05724,Quarterly,2020.44,Net Banking,2025-11-19,,Basic Plan
CUST05725,Monthly,3456.28,UPI,2023-11-14,2026-03-27,Standard Plan
CUST05726,Monthly,1323.52,Auto Pay,2025-06-18,,Standard Plan
CUST05727,Monthly,3813.89,Auto Pay,2021-12-06,,Standard Plan
CUST05728,Monthly,3192.19,Net Banking,2023-10-07,2026-02-10,Standard Plan
CUST05729,Annual,4676.86,UPI,2023-09-27,,Basic Plan
CUST05730,Monthly,655.93,Debit Card,2025-09-17,,Standard Plan
CUST05731,Monthly,1745.93,Net Banking,2021-06-11,,Basic Plan
CUST05732,Annual,3915.69,Auto Pay,2023-06-06,,Premium Plan
CUST05733,Monthly,938.91,UPI,2025-01-23,,Basic Plan
CUST05734,Monthly,1709.86,UPI,2025-03-13,2026-08-09,Standard Plan
CUST05735,Monthly,1996.29,Auto Pay,2021-10-31,,Standard Plan
CUST05736,Monthly,2957.64,Net Banking,2023-04-26,2026-06-26,Standard Plan
CUST05737,Quarterly,2800.78,Auto Pay,2023-06-06,,Standard Plan
CUST05738,Monthly,4543.44,Debit Card,2025-07-10,2026-03-15,Premium Plan
CUST05739,Annual,4626.67,Auto Pay,2021-04-10,2026-04-22,Premium Plan
CUST05740,Annual,3546.21,Debit Card,2024-11-29,,Basic Plan
CUST05741,Monthly,986.36,Auto Pay,2025-07-16,2026-08-16,Standard Plan
CUST05742,Monthly,4572.72,Debit Card,2025-04-09,,Standard Plan
CUST05743,Monthly,4832.97,Debit Card,2024-12-08,,Basic Plan
CUST05744,Monthly,2552.98,Credit Card,2025-02-26,,Standard Plan
CUST05745,Monthly,1898.33,Net Banking,2021-03-27,,Premium Plan
CUST05746,Quarterly,3067.33,UPI,2024-05-06,,Basic Plan
CUST05747,Monthly,2835.7,UPI,2021-10-04,,Basic Plan
CUST05748,Quarterly,3494.12,Debit Card,2021-09-16,,Basic Plan
CUST05749,Monthly,479.21,Credit Card,2021-04-11,2026-07-27,Basic Plan
CUST05750,Annual,576.86,UPI,2023-10-29,,Basic Plan
CUST05751,Monthly,3455.62,Credit Card,2023-12-31,,Basic Plan
CUST05752,Monthly,3080.27,Credit Card,2021-07-05,,Standard Plan
CUST05753,Monthly,2189.02,UPI,2022-07-30,,Basic Plan
CUST05754,Quarterly,1319.73,Net Banking,2023-10-24,,Premium Plan
CUST05755,Monthly,3012.62,Auto Pay,2025-01-16,2026-07-25,Basic Plan
CUST05756,Monthly,3237.33,Net Banking,2024-06-04,,Premium Plan
CUST05757,Monthly,2179.04,Auto Pay,2023-11-17,,Premium Plan
CUST05758,Monthly,1987.61,Net Banking,2022-01-03,,Standard Plan
CUST05759,Monthly,720.06,Net Banking,2022-06-02,,Standard Plan
CUST05760,Annual,3698.92,Credit Card,2023-01-02,,Basic Plan
CUST05761,Annual,3344.53,Debit Card,2024-03-11,,Standard Plan
CUST05762,Quarterly,1522.55,UPI,2023-04-28,,Basic Plan
CUST05763,Monthly,2437.57,Auto Pay,2023-02-12,,Basic Plan
CUST05764,Monthly,4239.47,Credit Card,2025-09-25,,Basic Plan
CUST05765,Quarterly,3503.03,Auto Pay,2023-09-10,,Standard Plan
CUST05766,Monthly,2152.2,Net Banking,2021-12-01,,Basic Plan
CUST05767,Monthly,711.76,Credit Card,2024-02-02,2026-03-31,Standard Plan
CUST05768,Monthly,958.92,Net Banking,2024-10-21,2026-04-30,Basic Plan
CUST05769,Quarterly,4093.11,Debit Card,2021-04-22,,Standard Plan
CUST05770,Monthly,1102.38,Auto Pay,2021-06-20,2026-05-29,Basic Plan
CUST05771,Monthly,3256.02,Net Banking,2022-07-19,2026-01-25,Standard Plan
CUST05772,Monthly,1842.49,Net Banking,2025-02-13,2026-08-09,Basic Plan
CUST05773,Monthly,682.27,Net Banking,2025-11-24,,Basic Plan
CUST05774,Quarterly,4707.89,Credit Card,2022-01-09,2026-05-17,Standard Plan
CUST05775,Monthly,4986.73,Auto Pay,2022-09-22,2026-02-02,Standard Plan
CUST05776,Monthly,3800.7,Debit Card,2021-12-22,,Basic Plan
CUST05777,Annual,857.93,Debit Card,2023-10-29,,Basic Plan
CUST05778,Monthly,3230.58,Auto Pay,2022-02-18,2026-06-05,Premium Plan
CUST05779,Monthly,4758.63,Net Banking,2025-08-25,,Standard Plan
CUST05780,Monthly,4914.72,Auto Pay,2021-08-16,,Basic Plan
CUST05781,Monthly,424.3,Auto Pay,2022-02-19,,Basic Plan
CUST05782,Annual,1000.54,Net Banking,2024-05-23,,Premium Plan
CUST05783,Monthly,3502.99,Debit Card,2025-09-24,,Standard Plan
CUST05784,Annual,3226.54,UPI,2021-03-07,2026-03-25,Standard Plan
CUST05785,Monthly,329.59,Net Banking,2025-07-16,,Basic Plan
CUST05786,Monthly,3132.91,Debit Card,2021-02-10,2026-06-28,Standard Plan
CUST05787,Annual,2167.31,Debit Card,2022-04-19,,Premium Plan
CUST05788,Monthly,337.29,Credit Card,2023-11-17,2026-08-29,Premium Plan
CUST05789,Monthly,3856.83,Debit Card,2024-10-30,,Basic Plan
CUST05790,Monthly,4784.68,Debit Card,2023-05-26,,Basic Plan
CUST05791,Monthly,3958.82,Credit Card,2024-01-07,,Basic Plan
CUST05792,Quarterly,4195.56,Auto Pay,2024-11-04,,Premium Plan
CUST05793,Annual,1996.88,Credit Card,2022-03-26,,Standard Plan
CUST05794,Monthly,1100.82,Debit Card,2023-03-05,,Basic Plan
CUST05795,Monthly,3008.08,Credit Card,2025-03-24,,Standard Plan
CUST05796,Monthly,2245.73,UPI,2021-04-12,,Standard Plan
CUST05797,Monthly,2153.8,Net Banking,2022-04-09,,Basic Plan
CUST05798,Monthly,1829.26,Auto Pay,2022-07-06,,Premium Plan
CUST05799,Annual,2752.46,UPI,2024-09-01,,Standard Plan
CUST05800,Monthly,2380.27,Net Banking,2025-05-26,,Standard Plan
CUST05801,Monthly,1743.23,Net Banking,2025-07-16,2026-02-24,Basic Plan
CUST05802,Monthly,3942.92,Net Banking,2024-11-04,2026-07-29,Standard Plan
CUST05803,Monthly,1444.25,Net Banking,2025-10-17,,Standard Plan
CUST05804,Annual,3375.96,UPI,2022-12-26,,Premium Plan
CUST05805,Annual,1195.76,Credit Card,2025-05-31,,Standard Plan
CUST05806,Annual,4567.94,Auto Pay,2023-06-16,,Standard Plan
CUST05807,Quarterly,1175.54,Auto Pay,2025-12-20,,Basic Plan
CUST05808,Monthly,4835.03,Credit Card,2022-03-30,,Standard Plan
CUST05809,Quarterly,1056.96,Credit Card,2024-04-15,,Basic Plan
CUST05810,Monthly,1096.79,Auto Pay,2025-02-21,2026-05-13,Basic Plan
CUST05811,Quarterly,3237.16,Debit Card,2021-10-29,,Standard Plan
CUST05812,Quarterly,1850.49,Credit Card,2023-11-18,,Premium Plan
CUST05813,Annual,1355.21,Net Banking,2023-09-30,2026-03-07,Basic Plan
CUST05814,Annual,476.53,Credit Card,2024-01-03,,Premium Plan
CUST05815,Monthly,1648.85,Auto Pay,2023-09-02,,Basic Plan
CUST05816,Monthly,2832.32,UPI,2023-07-01,,Standard Plan
CUST05817,Annual,1999.17,Debit Card,2021-05-26,,Standard Plan
CUST05818,Annual,1092.71,UPI,2025-10-18,,Standard Plan
CUST05819,Monthly,3781.36,Net Banking,2024-03-07,,Standard Plan
CUST05820,Annual,1728.16,Auto Pay,2022-02-19,,Standard Plan
CUST05821,Monthly,863.15,UPI,2022-02-03,,Basic Plan
CUST05822,Monthly,3617.34,Debit Card,2021-04-09,,Basic Plan
CUST05823,Monthly,862.48,Net Banking,2025-12-04,2026-07-10,Basic Plan
CUST05824,Monthly,570.06,Credit Card,2022-06-22,2026-02-06,Basic Plan
CUST05825,Quarterly,4926.25,Debit Card,2025-05-23,,Basic Plan
CUST05826,Quarterly,499.39,UPI,2021-04-11,,Standard Plan
CUST05827,Annual,3638.04,Auto Pay,2021-10-07,,Standard Plan
CUST05828,Quarterly,2296.86,Net Banking,2024-05-24,2026-02-07,Standard Plan
CUST05829,Monthly,4996.18,Credit Card,2022-08-07,,Standard Plan
CUST05830,Monthly,2014.19,Net Banking,2022-05-27,,Basic Plan
CUST05831,Quarterly,3495.48,Net Banking,2022-11-05,,Basic Plan
CUST05832,Monthly,2876.57,Credit Card,2023-08-14,2026-03-09,Standard Plan
CUST05833,Monthly,553.13,UPI,2023-04-21,,Basic Plan
CUST05834,Annual,1817.03,Credit Card,2022-06-17,,Standard Plan
CUST05835,Quarterly,2555.11,Auto Pay,2025-01-11,,Premium Plan
CUST05836,Monthly,1588.78,Debit Card,2024-12-07,2026-08-01,Basic Plan
CUST05837,Quarterly,4635.69,UPI,2022-10-11,,Standard Plan
CUST05838,Monthly,4866.5,UPI,2021-05-13,,Standard Plan
CUST05839,Annual,547.08,Auto Pay,2021-03-21,,Standard Plan
CUST05840,Monthly,1396.27,Debit Card,2022-09-19,,Standard Plan
CUST05841,Monthly,2535.33,UPI,2023-07-27,2026-01-22,Basic Plan
CUST05842,Annual,3211.26,Credit Card,2023-05-15,,Standard Plan
CUST05843,Quarterly,4034.45,Net Banking,2024-07-06,,Standard Plan
CUST05844,Monthly,3307.0,Debit Card,2024-12-03,,Standard Plan
CUST05845,Annual,2304.21,UPI,2022-03-09,,Basic Plan
CUST05846,Monthly,3464.0,Debit Card,2023-05-03,,Basic Plan
CUST05847,Annual,2477.5,UPI,2022-05-28,,Basic Plan
CUST05848,Monthly,1976.88,Auto Pay,2023-06-06,,Premium Plan
CUST05849,Monthly,338.33,UPI,2021-02-15,2026-06-22,Standard Plan
CUST05850,Quarterly,4700.67,Auto Pay,2023-03-15,,Basic Plan
CUST05851,Annual,2530.99,Debit Card,2025-01-27,,Basic Plan
CUST05852,Monthly,1842.19,Credit Card,2025-05-18,,Standard Plan
CUST05853,Monthly,562.6,UPI,2025-12-05,2026-01-17,Standard Plan
CUST05854,Monthly,3872.63,Credit Card,2025-05-09,,Basic Plan
CUST05855,Monthly,519.06,Net Banking,2023-01-16,,Premium Plan
CUST05856,Quarterly,1821.18,UPI,2021-06-21,,Basic Plan
CUST05857,Monthly,1494.28,UPI,2024-05-23,,Basic Plan
CUST05858,Monthly,351.3,Debit Card,2021-10-30,2026-04-27,Basic Plan
CUST05859,Annual,1413.24,Auto Pay,2023-10-16,,Standard Plan
CUST05860,Quarterly,3111.96,Debit Card,2022-02-08,,Standard Plan
CUST05861,Monthly,4009.76,UPI,2024-05-29,2026-05-13,Standard Plan
CUST05862,Annual,4438.9,Credit Card,2022-04-18,,Basic Plan
CUST05863,Monthly,3193.1,Debit Card,2022-01-11,,Basic Plan
CUST05864,Monthly,3970.05,Credit Card,2025-06-13,,Basic Plan
CUST05865,Monthly,2272.69,UPI,2021-12-22,,Basic Plan
CUST05866,Monthly,4331.52,UPI,2022-09-27,,Standard Plan
CUST05867,Monthly,347.53,Credit Card,2023-04-03,,Standard Plan
CUST05868,Monthly,4193.25,Credit Card,2024-10-28,2026-05-30,Basic Plan
CUST05869,Quarterly,459.68,Auto Pay,2024-11-29,,Standard Plan
CUST05870,Monthly,1676.58,Credit Card,2025-05-10,,Basic Plan
CUST05871,Monthly,2655.0,Debit Card,2024-10-11,,Basic Plan
CUST05872,Quarterly,2564.52,Credit Card,2023-02-01,,Basic Plan
CUST05873,Quarterly,3135.22,Auto Pay,2021-02-09,2026-07-23,Basic Plan
CUST05874,Annual,4414.38,Net Banking,2024-05-22,,Premium Plan
CUST05875,Monthly,1651.64,Debit Card,2025-10-30,,Standard Plan
CUST05876,Monthly,2544.72,UPI,2025-08-15,,Basic Plan
CUST05877,Quarterly,2377.89,Debit Card,2023-01-12,,Standard Plan
CUST05878,Annual,593.97,Credit Card,2022-09-01,,Standard Plan
CUST05879,Quarterly,2121.09,Auto Pay,2025-10-30,,Basic Plan
CUST05880,Monthly,817.61,Debit Card,2025-08-03,2026-07-25,Basic Plan
CUST05881,Annual,3712.42,Auto Pay,2025-01-31,2026-08-24,Basic Plan
CUST05882,Monthly,3024.23,Auto Pay,2023-05-30,,Basic Plan
CUST05883,Quarterly,3090.51,Credit Card,2021-10-07,,Basic Plan
CUST05884,Quarterly,1363.03,Auto Pay,2021-12-21,,Standard Plan
CUST05885,Monthly,1886.06,Net Banking,2025-08-16,2026-01-14,Premium Plan
CUST05886,Quarterly,1158.69,Auto Pay,2025-01-01,2026-03-27,Standard Plan
CUST05887,Quarterly,619.79,UPI,2022-08-04,,Standard Plan
CUST05888,Monthly,782.74,UPI,2023-11-07,2026-01-13,Basic Plan
CUST05889,Quarterly,2326.1,Credit Card,2025-09-01,,Basic Plan
CUST05890,Monthly,1457.23,UPI,2024-07-07,,Basic Plan
CUST05891,Annual,3430.35,UPI,2022-09-17,,Standard Plan
CUST05892,Monthly,3461.87,UPI,2021-09-16,,Basic Plan
CUST05893,Monthly,2367.67,Debit Card,2023-10-17,2026-05-29,Premium Plan
CUST05894,Monthly,2434.34,UPI,2021-07-19,2026-03-04,Basic Plan
CUST05895,Monthly,2327.65,Net Banking,2024-10-24,2026-07-02,Basic Plan
CUST05896,Monthly,3640.05,Auto Pay,2022-03-10,2026-04-12,Premium Plan
CUST05897,Annual,1658.14,Net Banking,2022-09-25,,Basic Plan
CUST05898,Monthly,4013.43,Auto Pay,2025-11-18,,Standard Plan
CUST05899,Quarterly,362.13,Debit Card,2021-08-22,,Basic Plan
CUST05900,Monthly,1005.01,Auto Pay,2024-09-04,2026-07-09,Basic Plan
CUST05901,Monthly,3520.4,UPI,2025-07-02,,Basic Plan
CUST05902,Monthly,4809.91,Credit Card,2021-08-07,2026-02-08,Basic Plan
CUST05903,Quarterly,2951.38,Net Banking,2023-12-08,,Standard Plan
CUST05904,Monthly,2489.89,Debit Card,2024-08-19,,Basic Plan
CUST05905,Monthly,2801.56,Credit Card,2021-02-19,,Standard Plan
CUST05906,Annual,646.18,Auto Pay,2024-12-07,,Basic Plan
CUST05907,Monthly,4728.51,Debit Card,2024-02-23,2026-01-10,Basic Plan
CUST05908,Quarterly,2123.72,Net Banking,2022-11-13,,Basic Plan
CUST05909,Quarterly,4787.21,UPI,2025-06-03,,Premium Plan
CUST05910,Annual,4045.54,Auto Pay,2022-07-25,2026-04-07,Basic Plan
CUST05911,Monthly,4337.33,Net Banking,2024-05-28,2026-03-02,Standard Plan
CUST05912,Quarterly,3155.39,Auto Pay,2022-08-30,,Standard Plan
CUST05913,Monthly,2121.07,Credit Card,2023-02-06,,Basic Plan
CUST05914,Monthly,4545.76,Auto Pay,2024-09-13,2026-04-07,Standard Plan
CUST05915,Monthly,4983.23,Credit Card,2025-04-07,,Basic Plan
CUST05916,Annual,3253.98,Debit Card,2025-10-25,2026-02-16,Standard Plan
CUST05917,Monthly,2355.22,Net Banking,2021-06-05,2026-07-21,Basic Plan
CUST05918,Annual,3214.3,Auto Pay,2022-06-04,,Basic Plan
CUST05919,Monthly,2043.1,Auto Pay,2021-07-17,,Basic Plan
CUST05920,Quarterly,2462.75,Net Banking,2025-01-31,,Standard Plan
CUST05921,Monthly,1481.08,UPI,2022-01-24,,Basic Plan
CUST05922,Annual,2268.84,Debit Card,2025-12-29,,Standard Plan
CUST05923,Quarterly,3551.53,UPI,2025-11-02,,Premium Plan
CUST05924,Annual,1171.08,UPI,2021-09-15,2026-02-03,Standard Plan
CUST05925,Monthly,4365.66,Net Banking,2023-07-25,,Standard Plan
CUST05926,Annual,3976.97,Auto Pay,2024-11-23,,Standard Plan
CUST05927,Monthly,1054.59,Auto Pay,2023-08-27,2026-02-25,Basic Plan
CUST05928,Quarterly,842.06,Credit Card,2022-06-15,2026-06-01,Standard Plan
CUST05929,Monthly,4703.56,UPI,2023-02-20,,Premium Plan
CUST05930,Monthly,1509.22,Net Banking,2024-10-03,,Basic Plan
CUST05931,Monthly,1365.62,Credit Card,2022-08-01,,Standard Plan
CUST05932,Quarterly,2765.31,Debit Card,2024-09-25,,Basic Plan
CUST05933,Quarterly,4351.12,Auto Pay,2024-08-19,,Standard Plan
CUST05934,Monthly,2601.39,Debit Card,2022-11-25,,Basic Plan
CUST05935,Monthly,1348.48,Credit Card,2023-03-05,,Basic Plan
CUST05936,Monthly,1750.17,Debit Card,2021-02-05,,Basic Plan
CUST05937,Annual,1668.87,Credit Card,2021-10-06,,Standard Plan
CUST05938,Quarterly,1379.53,Credit Card,2024-07-08,2026-02-10,Basic Plan
CUST05939,Monthly,2639.79,Net Banking,2024-12-06,,Basic Plan
CUST05940,Annual,2331.34,Debit Card,2021-12-25,,Standard Plan
CUST05941,Monthly,1191.23,Auto Pay,2023-06-13,,Basic Plan
CUST05942,Monthly,1436.67,UPI,2024-12-20,,Basic Plan
CUST05943,Monthly,4364.66,UPI,2025-02-23,2026-05-24,Basic Plan
CUST05944,Monthly,4096.2,Net Banking,2023-04-02,,Basic Plan
CUST05945,Annual,492.81,Debit Card,2023-08-12,,Basic Plan
CUST05946,Annual,2745.09,Net Banking,2021-04-21,,Basic Plan
CUST05947,Quarterly,4840.15,Debit Card,2025-10-11,,Basic Plan
CUST05948,Monthly,1415.6,Auto Pay,2023-01-21,,Standard Plan
CUST05949,Monthly,2146.05,UPI,2022-01-14,2026-04-19,Basic Plan
CUST05950,Monthly,2198.83,Net Banking,2022-09-23,2026-05-07,Basic Plan
CUST05951,Monthly,1024.14,Debit Card,2022-11-02,,Basic Plan
CUST05952,Annual,1074.23,Debit Card,2023-02-02,,Basic Plan
CUST05953,Monthly,4205.85,Credit Card,2023-05-12,2026-01-29,Standard Plan
CUST05954,Quarterly,2134.75,Auto Pay,2021-01-25,2026-03-31,Basic Plan
CUST05955,Monthly,3179.14,UPI,2024-03-20,,Basic Plan
CUST05956,Monthly,1091.58,Auto Pay,2021-03-19,,Basic Plan
CUST05957,Annual,2244.59,Net Banking,2021-01-19,2026-03-15,Basic Plan
CUST05958,Quarterly,3994.11,Credit Card,2024-12-10,,Standard Plan
CUST05959,Monthly,792.94,Auto Pay,2024-05-18,,Basic Plan
CUST05960,Monthly,4388.61,Auto Pay,2025-05-22,,Standard Plan
CUST05961,Monthly,4140.74,Net Banking,2024-10-24,,Premium Plan
CUST05962,Annual,4047.19,Net Banking,2023-11-03,,Premium Plan
CUST05963,Monthly,4010.17,UPI,2024-06-28,,Standard Plan
CUST05964,Monthly,3116.68,Auto Pay,2022-02-27,2026-05-31,Basic Plan
CUST05965,Annual,1772.52,Credit Card,2022-05-15,,Basic Plan
CUST05966,Monthly,4762.79,UPI,2021-09-20,2026-02-25,Standard Plan
CUST05967,Quarterly,3161.02,Auto Pay,2021-07-09,,Standard Plan
CUST05968,Annual,1930.9,Credit Card,2024-05-25,,Basic Plan
CUST05969,Monthly,2534.44,Credit Card,2022-07-26,,Basic Plan
CUST05970,Monthly,4780.37,Debit Card,2023-02-11,,Basic Plan
CUST05971,Monthly,1761.91,Auto Pay,2022-09-15,2026-03-06,Basic Plan
CUST05972,Monthly,2547.61,Net Banking,2023-06-27,,Premium Plan
CUST05973,Monthly,3797.95,Net Banking,2025-12-29,,Basic Plan
CUST05974,Monthly,1926.29,Auto Pay,2024-02-26,,Standard Plan
CUST05975,Monthly,1173.01,Auto Pay,2021-09-14,2026-07-03,Basic Plan
CUST05976,Annual,2133.02,Auto Pay,2024-07-29,,Premium Plan
CUST05977,Monthly,1015.58,Credit Card,2023-05-04,,Standard Plan
CUST05978,Monthly,3112.58,Auto Pay,2025-04-14,,Premium Plan
CUST05979,Monthly,3673.15,Credit Card,2021-11-19,,Basic Plan
CUST05980,Quarterly,3698.84,Auto Pay,2022-08-07,,Premium Plan
CUST05981,Annual,4419.46,Debit Card,2024-11-30,,Basic Plan
CUST05982,Annual,1572.81,Debit Card,2021-07-09,,Premium Plan
CUST05983,Monthly,3223.93,Debit Card,2025-12-15,,Basic Plan
CUST05984,Annual,806.13,Auto Pay,2022-04-13,,Standard Plan
CUST05985,Annual,762.52,UPI,2024-10-14,,Standard Plan
CUST05986,Annual,4166.3,Net Banking,2021-11-15,2026-02-26,Premium Plan
CUST05987,Monthly,703.56,Debit Card,2024-12-16,,Premium Plan
CUST05988,Annual,1586.14,Credit Card,2022-07-06,,Standard Plan
CUST05989,Quarterly,652.02,Auto Pay,2025-08-08,,Standard Plan
CUST05990,Quarterly,2865.44,UPI,2022-10-20,,Basic Plan
CUST05991,Annual,1087.28,Net Banking,2025-08-01,,Basic Plan
CUST05992,Annual,1573.32,Debit Card,2022-08-21,,Premium Plan
CUST05993,Monthly,4290.62,Auto Pay,2021-11-24,2026-08-19,Basic Plan
CUST05994,Annual,2755.82,UPI,2021-12-04,,Basic Plan
CUST05995,Annual,2445.57,UPI,2022-02-08,,Basic Plan
CUST05996,Annual,2431.03,Auto Pay,2023-02-18,,Basic Plan
CUST05997,Monthly,1986.03,UPI,2021-11-29,,Basic Plan
CUST05998,Monthly,572.21,Credit Card,2023-01-26,,Basic Plan
CUST05999,Monthly,4070.71,Auto Pay,2021-03-27,2026-05-22,Basic Plan
CUST06000,Monthly,2621.9,Auto Pay,2021-06-27,,Basic Plan
CUST06001,Monthly,2966.49,Credit Card,2022-12-12,2026-03-22,Basic Plan
CUST06002,Monthly,4465.42,UPI,2024-08-17,,Standard Plan
CUST06003,Annual,3129.96,UPI,2021-01-30,,Basic Plan
CUST06004,Monthly,4451.78,Net Banking,2024-12-17,,Basic Plan
CUST06005,Monthly,2533.88,Debit Card,2024-07-04,,Premium Plan
CUST06006,Annual,3485.38,Auto Pay,2023-05-21,,Basic Plan
CUST06007,Annual,1900.36,Credit Card,2025-08-21,2026-03-18,Basic Plan
CUST06008,Monthly,4938.64,Net Banking,2021-01-11,2026-05-17,Premium Plan
CUST06009,Annual,1658.87,Net Banking,2021-10-29,,Basic Plan
CUST06010,Monthly,3118.08,Net Banking,2025-06-11,2026-04-28,Standard Plan
CUST06011,Monthly,3283.88,Auto Pay,2024-07-24,,Basic Plan
CUST06012,Monthly,4104.59,Net Banking,2024-03-17,,Standard Plan
CUST06013,Monthly,624.9,Debit Card,2024-06-17,,Basic Plan
CUST06014,Monthly,2745.64,Net Banking,2021-10-16,2026-07-31,Basic Plan
CUST06015,Annual,653.49,Net Banking,2023-06-19,,Standard Plan
CUST06016,Quarterly,4326.01,Net Banking,2022-04-23,2026-02-23,Basic Plan
CUST06017,Quarterly,3487.86,Net Banking,2021-11-06,2026-06-12,Premium Plan
CUST06018,Annual,2374.48,Auto Pay,2021-10-12,,Basic Plan
CUST06019,Monthly,3592.02,Debit Card,2021-04-13,2026-07-17,Premium Plan
CUST06020,Quarterly,2548.38,UPI,2021-06-08,,Standard Plan
CUST06021,Monthly,2620.81,Debit Card,2025-03-14,,Basic Plan
CUST06022,Annual,951.51,Credit Card,2024-05-11,,Basic Plan
CUST06023,Monthly,2390.86,Net Banking,2022-08-29,,Standard Plan
CUST06024,Monthly,338.75,Net Banking,2023-05-13,,Basic Plan
CUST06025,Annual,1266.08,Credit Card,2025-06-28,,Standard Plan
CUST06026,Monthly,660.29,Credit Card,2023-09-03,2026-02-26,Basic Plan
CUST06027,Monthly,1576.31,UPI,2023-11-15,,Premium Plan
CUST06028,Monthly,3372.95,Net Banking,2024-04-21,,Standard Plan
CUST06029,Annual,1981.78,Debit Card,2022-10-29,,Standard Plan
CUST06030,Monthly,1664.55,Auto Pay,2022-07-28,,Basic Plan
CUST06031,Monthly,640.61,Credit Card,2021-09-19,,Basic Plan
CUST06032,Annual,780.02,Credit Card,2023-08-03,,Basic Plan
CUST06033,Annual,2983.35,Auto Pay,2022-07-05,,Standard Plan
CUST06034,Monthly,2740.79,Debit Card,2023-03-03,,Basic Plan
CUST06035,Monthly,4795.35,Auto Pay,2024-01-15,,Premium Plan
CUST06036,Monthly,1373.6,Credit Card,2025-11-07,2026-03-02,Basic Plan
CUST06037,Monthly,914.74,UPI,2024-05-11,2026-02-19,Basic Plan
CUST06038,Annual,4045.57,Credit Card,2023-11-28,,Standard Plan
CUST06039,Monthly,3328.56,Credit Card,2024-03-07,,Standard Plan
CUST06040,Quarterly,2839.36,Debit Card,2023-07-03,,Standard Plan
CUST06041,Annual,1059.77,Debit Card,2024-12-02,,Basic Plan
CUST06042,Annual,1985.76,Debit Card,2023-11-28,,Standard Plan
CUST06043,Monthly,4350.11,Debit Card,2022-07-14,,Standard Plan
CUST06044,Annual,3831.18,Auto Pay,2022-05-04,,Basic Plan
CUST06045,Annual,730.58,Auto Pay,2022-10-28,2026-07-11,Basic Plan
CUST06046,Annual,4416.23,Net Banking,2025-10-23,,Premium Plan
CUST06047,Monthly,3142.84,Debit Card,2021-07-28,2026-04-20,Basic Plan
CUST06048,Quarterly,2753.82,Net Banking,2022-04-21,,Premium Plan
CUST06049,Monthly,3604.39,Debit Card,2022-11-09,2026-03-28,Basic Plan
CUST06050,Monthly,1006.94,Debit Card,2023-11-20,,Standard Plan
CUST06051,Monthly,962.28,Debit Card,2024-06-09,2026-04-15,Basic Plan
CUST06052,Monthly,1834.65,Net Banking,2021-11-19,2026-08-01,Basic Plan
CUST06053,Quarterly,4842.39,UPI,2025-06-11,2026-03-08,Basic Plan
CUST06054,Quarterly,2301.9,Debit Card,2021-07-26,,Premium Plan
CUST06055,Monthly,4655.26,UPI,2021-04-18,2026-05-22,Basic Plan
CUST06056,Quarterly,3761.7,UPI,2021-03-08,2026-01-20,Basic Plan
CUST06057,Monthly,3699.77,Net Banking,2023-08-28,2026-02-20,Standard Plan
CUST06058,Monthly,1029.44,Credit Card,2023-10-05,2026-01-17,Premium Plan
CUST06059,Monthly,1068.92,Net Banking,2024-08-18,,Basic Plan
CUST06060,Monthly,4964.88,Debit Card,2024-08-24,,Basic Plan
CUST06061,Monthly,4713.19,UPI,2023-04-23,,Basic Plan
CUST06062,Annual,1708.01,Debit Card,2021-11-10,,Basic Plan
CUST06063,Monthly,4499.13,UPI,2024-02-26,2026-05-19,Standard Plan
CUST06064,Monthly,3276.69,Net Banking,2023-08-16,,Basic Plan
CUST06065,Monthly,4581.93,Auto Pay,2024-09-25,,Premium Plan
CUST06066,Monthly,319.67,Debit Card,2022-09-28,2026-06-13,Basic Plan
CUST06067,Quarterly,4371.0,Credit Card,2025-12-28,,Standard Plan
CUST06068,Annual,3382.98,UPI,2021-10-01,,Basic Plan
CUST06069,Monthly,827.02,Auto Pay,2023-09-16,,Basic Plan
CUST06070,Annual,1995.74,Debit Card,2024-08-27,2026-07-19,Basic Plan
CUST06071,Monthly,3062.15,UPI,2025-01-30,2026-05-26,Basic Plan
CUST06072,Monthly,4952.31,UPI,2025-02-03,,Standard Plan
CUST06073,Monthly,3585.7,Auto Pay,2024-04-09,,Standard Plan
CUST06074,Annual,1319.03,Credit Card,2023-01-26,,Basic Plan
CUST06075,Quarterly,2863.41,Net Banking,2021-11-11,,Standard Plan
CUST06076,Quarterly,1341.91,Credit Card,2023-06-30,,Basic Plan
CUST06077,Annual,3945.53,Auto Pay,2021-04-01,,Standard Plan
CUST06078,Annual,440.03,Auto Pay,2025-11-27,,Standard Plan
CUST06079,Monthly,1743.4,Net Banking,2022-09-27,,Standard Plan
CUST06080,Annual,4027.66,Debit Card,2024-02-16,,Standard Plan
CUST06081,Monthly,4011.41,Credit Card,2024-06-30,,Standard Plan
CUST06082,Annual,4477.73,Debit Card,2024-12-18,2026-04-15,Standard Plan
CUST06083,Quarterly,1966.39,Net Banking,2024-05-31,,Standard Plan
CUST06084,Annual,3289.61,Net Banking,2025-03-18,,Standard Plan
CUST06085,Monthly,2231.48,Net Banking,2022-07-01,,Standard Plan
CUST06086,Annual,2959.1,Auto Pay,2022-05-31,,Standard Plan
CUST06087,Monthly,2691.93,Net Banking,2025-01-09,2026-08-27,Basic Plan
CUST06088,Quarterly,2176.64,Credit Card,2021-02-16,,Basic Plan
CUST06089,Monthly,3291.11,Debit Card,2022-12-23,2026-03-31,Standard Plan
CUST06090,Quarterly,1689.1,Debit Card,2022-10-26,,Standard Plan
CUST06091,Annual,913.94,Debit Card,2023-07-11,,Standard Plan
CUST06092,Monthly,515.93,UPI,2023-05-23,2026-02-21,Basic Plan
CUST06093,Quarterly,3571.46,Net Banking,2023-03-28,2026-01-12,Basic Plan
CUST06094,Monthly,2357.85,Debit Card,2021-03-02,2026-04-23,Standard Plan
CUST06095,Monthly,2223.75,Credit Card,2023-01-04,,Standard Plan
CUST06096,Annual,1255.99,Net Banking,2021-10-08,,Standard Plan
CUST06097,Monthly,4978.61,Credit Card,2022-12-26,,Basic Plan
CUST06098,Quarterly,1142.02,UPI,2021-10-22,,Standard Plan
CUST06099,Monthly,3103.03,UPI,2025-01-06,,Basic Plan
CUST06100,Monthly,4045.65,UPI,2025-02-01,,Standard Plan
CUST06101,Monthly,1572.56,UPI,2025-11-29,,Basic Plan
CUST06102,Quarterly,2132.3,UPI,2021-07-05,,Basic Plan
CUST06103,Monthly,1620.54,Debit Card,2025-09-25,2026-04-22,Standard Plan
CUST06104,Annual,1295.38,Net Banking,2023-10-05,,Premium Plan
CUST06105,Annual,711.57,Auto Pay,2022-11-13,,Basic Plan
CUST06106,Monthly,4463.61,Net Banking,2025-10-09,,Basic Plan
CUST06107,Annual,3467.0,Credit Card,2023-06-04,2026-07-19,Premium Plan
CUST06108,Annual,1903.18,Debit Card,2022-11-17,,Basic Plan
CUST06109,Monthly,716.04,UPI,2021-11-22,2026-08-19,Standard Plan
CUST06110,Quarterly,713.28,Credit Card,2025-06-29,,Standard Plan
CUST06111,Monthly,4139.81,Credit Card,2023-08-07,,Standard Plan
CUST06112,Quarterly,1008.32,Credit Card,2022-10-23,,Premium Plan
CUST06113,Monthly,2585.79,Debit Card,2024-10-26,,Basic Plan
CUST06114,Annual,3102.55,Credit Card,2022-12-09,,Standard Plan
CUST06115,Monthly,2634.38,Credit Card,2022-11-20,,Basic Plan
CUST06116,Quarterly,3943.58,Net Banking,2025-11-22,2026-05-26,Standard Plan
CUST06117,Monthly,4660.87,Auto Pay,2023-04-20,2026-03-10,Basic Plan
CUST06118,Quarterly,2195.35,UPI,2025-10-06,,Basic Plan
CUST06119,Monthly,3100.61,Auto Pay,2025-09-15,,Premium Plan
CUST06120,Quarterly,3025.73,Auto Pay,2024-10-26,,Standard Plan
CUST06121,Annual,1450.2,Debit Card,2025-08-08,,Premium Plan
CUST06122,Monthly,1254.79,Auto Pay,2023-11-29,,Premium Plan
CUST06123,Quarterly,4071.84,Credit Card,2025-03-19,,Premium Plan
CUST06124,Annual,3507.77,Debit Card,2025-07-29,,Standard Plan
CUST06125,Annual,4125.44,Auto Pay,2023-04-12,,Basic Plan
CUST06126,Monthly,3540.35,UPI,2024-02-10,2026-06-10,Basic Plan
CUST06127,Monthly,2400.32,Credit Card,2023-11-30,,Basic Plan
CUST06128,Monthly,3221.61,Net Banking,2022-06-19,2026-04-07,Premium Plan
CUST06129,Monthly,3196.97,Auto Pay,2023-08-15,,Basic Plan
CUST06130,Monthly,2857.02,Auto Pay,2024-02-29,,Standard Plan
CUST06131,Monthly,3688.38,UPI,2021-12-20,,Standard Plan
CUST06132,Monthly,1688.68,Auto Pay,2024-02-29,2026-08-03,Standard Plan
CUST06133,Monthly,1632.38,Credit Card,2021-05-16,,Basic Plan
CUST06134,Monthly,1160.81,Net Banking,2023-07-29,,Basic Plan
CUST06135,Monthly,4238.34,Credit Card,2021-02-05,,Standard Plan
CUST06136,Monthly,1229.44,UPI,2021-01-06,2026-08-03,Standard Plan
CUST06137,Quarterly,3556.61,UPI,2023-03-21,2026-04-01,Basic Plan
CUST06138,Quarterly,4934.31,UPI,2023-08-17,2026-05-31,Standard Plan
CUST06139,Quarterly,2931.81,Credit Card,2022-09-15,,Standard Plan
CUST06140,Quarterly,4502.14,UPI,2024-01-08,2026-05-05,Basic Plan
CUST06141,Annual,2388.14,Debit Card,2023-11-14,,Standard Plan
CUST06142,Monthly,1289.67,Auto Pay,2021-07-25,,Basic Plan
CUST06143,Monthly,1725.15,Debit Card,2024-01-15,2026-07-14,Standard Plan
CUST06144,Monthly,2434.57,Auto Pay,2024-02-20,2026-07-22,Standard Plan
CUST06145,Monthly,1514.82,Auto Pay,2022-03-19,,Basic Plan
CUST06146,Annual,1336.13,Auto Pay,2021-09-12,2026-01-04,Basic Plan
CUST06147,Monthly,859.5,Net Banking,2023-11-10,,Premium Plan
CUST06148,Monthly,1447.07,Credit Card,2025-01-10,2026-03-31,Standard Plan
CUST06149,Monthly,1730.45,UPI,2022-02-09,,Basic Plan
CUST06150,Annual,4127.35,Debit Card,2021-08-02,,Premium Plan
CUST06151,Annual,736.58,Credit Card,2024-04-10,,Basic Plan
CUST06152,Monthly,4662.26,UPI,2022-04-25,2026-06-26,Standard Plan
CUST06153,Quarterly,918.89,Credit Card,2021-08-06,2026-01-14,Standard Plan
CUST06154,Quarterly,2285.13,Credit Card,2024-01-06,,Basic Plan
CUST06155,Annual,3438.43,Net Banking,2024-04-09,,Basic Plan
CUST06156,Quarterly,428.83,Auto Pay,2022-04-29,,Basic Plan
CUST06157,Annual,4624.14,Auto Pay,2024-03-01,,Standard Plan
CUST06158,Monthly,4842.85,Net Banking,2025-03-19,2026-06-03,Standard Plan
CUST06159,Quarterly,2042.37,UPI,2023-01-23,,Standard Plan
CUST06160,Quarterly,2752.31,Net Banking,2024-03-14,,Standard Plan
CUST06161,Monthly,4468.27,Auto Pay,2021-01-13,,Premium Plan
CUST06162,Annual,989.83,UPI,2025-09-12,,Basic Plan
CUST06163,Annual,3639.04,Net Banking,2024-08-05,,Standard Plan
CUST06164,Monthly,4171.76,Credit Card,2023-08-28,,Standard Plan
CUST06165,Annual,4260.85,UPI,2024-07-01,,Standard Plan
CUST06166,Annual,1928.7,Debit Card,2023-10-27,,Standard Plan
CUST06167,Annual,1372.93,Credit Card,2023-01-01,,Standard Plan
CUST06168,Quarterly,3665.8,Auto Pay,2023-06-28,2026-06-21,Standard Plan
CUST06169,Monthly,3405.73,Auto Pay,2021-10-04,2026-05-14,Basic Plan
CUST06170,Annual,1101.85,Auto Pay,2024-04-29,,Basic Plan
CUST06171,Monthly,1579.87,UPI,2023-05-21,2026-07-28,Standard Plan
CUST06172,Annual,2184.34,Debit Card,2024-01-05,,Premium Plan
CUST06173,Quarterly,4973.31,Net Banking,2025-08-06,,Basic Plan
CUST06174,Annual,3601.75,Credit Card,2021-05-14,2026-05-23,Basic Plan
CUST06175,Monthly,595.98,Credit Card,2024-06-17,2026-04-09,Standard Plan
CUST06176,Monthly,1151.66,Auto Pay,2023-01-26,,Standard Plan
CUST06177,Annual,4162.25,Debit Card,2024-04-09,,Standard Plan
CUST06178,Monthly,2490.5,Auto Pay,2025-08-21,,Standard Plan
CUST06179,Monthly,4140.38,Credit Card,2023-06-02,2026-07-18,Basic Plan
CUST06180,Monthly,3388.1,Credit Card,2023-03-31,2026-05-09,Standard Plan
CUST06181,Quarterly,2767.19,Net Banking,2021-09-21,,Basic Plan
CUST06182,Monthly,3408.12,Debit Card,2024-08-05,,Basic Plan
CUST06183,Monthly,2630.08,Credit Card,2023-10-08,2026-05-17,Premium Plan
CUST06184,Monthly,2125.72,Debit Card,2025-12-11,2026-05-13,Premium Plan
CUST06185,Annual,3973.29,Net Banking,2022-09-17,,Premium Plan
CUST06186,Monthly,1154.52,Debit Card,2021-04-04,,Basic Plan
CUST06187,Monthly,654.48,UPI,2022-10-08,,Standard Plan
CUST06188,Quarterly,4552.19,UPI,2025-08-20,2026-08-17,Basic Plan
CUST06189,Monthly,3758.11,Net Banking,2024-07-05,,Basic Plan
CUST06190,Quarterly,3203.01,UPI,2024-09-29,,Premium Plan
CUST06191,Monthly,4089.6,Auto Pay,2022-03-17,2026-01-20,Premium Plan
CUST06192,Monthly,2597.51,UPI,2022-10-14,2026-05-16,Standard Plan
CUST06193,Monthly,3138.23,Net Banking,2022-08-28,,Standard Plan
CUST06194,Quarterly,1557.3,UPI,2023-10-23,,Standard Plan
CUST06195,Annual,4336.21,UPI,2021-01-15,,Standard Plan
CUST06196,Quarterly,3868.42,Net Banking,2023-05-03,,Basic Plan
CUST06197,Annual,3526.73,Credit Card,2022-10-10,,Premium Plan
CUST06198,Monthly,4083.0,Debit Card,2023-04-02,2026-02-18,Premium Plan
CUST06199,Monthly,2608.12,Credit Card,2021-10-14,2026-08-08,Standard Plan
CUST06200,Monthly,3506.64,Net Banking,2021-05-05,,Basic Plan
CUST06201,Quarterly,4246.19,Credit Card,2021-07-01,2026-02-17,Premium Plan
CUST06202,Monthly,785.8,Auto Pay,2025-03-03,,Premium Plan
CUST06203,Quarterly,3955.24,Auto Pay,2021-07-16,,Basic Plan
CUST06204,Monthly,4172.07,Auto Pay,2022-06-07,,Standard Plan
CUST06205,Annual,3935.78,Credit Card,2022-09-30,,Basic Plan
CUST06206,Monthly,509.31,Credit Card,2021-09-28,2026-02-07,Standard Plan
CUST06207,Annual,557.73,Debit Card,2025-05-11,,Standard Plan
CUST06208,Quarterly,879.61,Net Banking,2023-08-12,2026-04-04,Standard Plan
CUST06209,Monthly,2205.7,UPI,2025-07-25,2026-08-21,Standard Plan
CUST06210,Monthly,2839.21,Net Banking,2023-08-30,2026-01-26,Standard Plan
CUST06211,Monthly,1403.62,Auto Pay,2022-08-18,2026-05-03,Basic Plan
CUST06212,Monthly,3099.26,UPI,2022-05-25,,Basic Plan
CUST06213,Annual,4551.25,UPI,2022-12-23,,Premium Plan
CUST06214,Monthly,1177.64,Debit Card,2024-12-12,2026-02-07,Basic Plan
CUST06215,Monthly,4185.7,Net Banking,2021-03-01,2026-07-02,Basic Plan
CUST06216,Monthly,417.62,Net Banking,2024-01-11,,Premium Plan
CUST06217,Monthly,1401.9,UPI,2024-12-22,2026-03-29,Standard Plan
CUST06218,Quarterly,571.44,Net Banking,2023-05-04,2026-03-05,Standard Plan
CUST06219,Monthly,4399.62,Credit Card,2024-09-07,,Standard Plan
CUST06220,Quarterly,4783.29,Auto Pay,2024-06-16,,Basic Plan
CUST06221,Quarterly,3719.41,Debit Card,2023-10-12,,Basic Plan
CUST06222,Quarterly,4566.76,UPI,2025-05-19,,Premium Plan
CUST06223,Monthly,2490.7,Credit Card,2023-08-04,,Premium Plan
CUST06224,Monthly,3893.13,UPI,2023-12-28,,Premium Plan
CUST06225,Monthly,4464.5,Auto Pay,2025-11-11,2026-05-10,Standard Plan
CUST06226,Monthly,3130.09,Debit Card,2024-05-21,2026-05-22,Premium Plan
CUST06227,Monthly,2958.19,Debit Card,2022-04-25,,Standard Plan
CUST06228,Monthly,4265.51,Debit Card,2022-10-08,,Standard Plan
CUST06229,Annual,2302.09,Net Banking,2025-04-09,,Basic Plan
CUST06230,Quarterly,4777.23,Auto Pay,2024-12-28,,Standard Plan
CUST06231,Quarterly,1715.95,Credit Card,2021-12-19,,Premium Plan
CUST06232,Annual,540.91,Debit Card,2022-04-09,2026-06-30,Basic Plan
CUST06233,Annual,847.07,UPI,2023-02-04,,Standard Plan
CUST06234,Annual,3417.91,UPI,2025-05-29,,Premium Plan
CUST06235,Monthly,3203.15,Credit Card,2025-01-19,2026-05-23,Basic Plan
CUST06236,Quarterly,2777.52,Credit Card,2023-11-08,2026-01-14,Basic Plan
CUST06237,Monthly,4194.15,Auto Pay,2021-11-07,2026-02-14,Standard Plan
CUST06238,Annual,4036.14,Debit Card,2021-04-03,,Premium Plan
CUST06239,Monthly,4364.48,Auto Pay,2024-02-27,2026-07-25,Standard Plan
CUST06240,Quarterly,3647.2,Auto Pay,2025-01-06,2026-02-10,Premium Plan
CUST06241,Annual,4727.51,Debit Card,2024-11-21,,Basic Plan
CUST06242,Monthly,2810.38,Debit Card,2021-06-16,,Basic Plan
CUST06243,Annual,4837.94,Credit Card,2025-06-25,,Standard Plan
CUST06244,Annual,4937.71,Auto Pay,2022-09-11,,Premium Plan
CUST06245,Quarterly,3216.41,Debit Card,2022-08-12,,Premium Plan
CUST06246,Annual,1761.51,Debit Card,2025-03-24,,Basic Plan
CUST06247,Monthly,705.14,Net Banking,2023-08-04,,Basic Plan
CUST06248,Quarterly,1447.32,Auto Pay,2023-11-19,,Standard Plan
CUST06249,Quarterly,1319.37,UPI,2022-10-20,,Basic Plan
CUST06250,Quarterly,1805.8,UPI,2023-09-05,,Standard Plan
CUST06251,Annual,1599.25,Net Banking,2023-06-16,,Standard Plan
CUST06252,Monthly,1308.73,Auto Pay,2025-01-06,2026-02-26,Standard Plan
CUST06253,Monthly,4289.02,Credit Card,2021-09-22,,Basic Plan
CUST06254,Annual,2406.3,Net Banking,2025-07-16,,Premium Plan
CUST06255,Monthly,1375.4,Net Banking,2025-11-02,,Premium Plan
CUST06256,Monthly,2271.83,Debit Card,2023-03-02,,Basic Plan
CUST06257,Monthly,602.29,Auto Pay,2022-07-30,,Basic Plan
CUST06258,Annual,4712.87,Auto Pay,2021-09-01,2026-01-09,Premium Plan
CUST06259,Monthly,2465.06,UPI,2023-11-29,,Basic Plan
CUST06260,Annual,1896.51,Net Banking,2022-06-25,,Basic Plan
CUST06261,Quarterly,675.48,Debit Card,2024-08-08,2026-06-09,Standard Plan
CUST06262,Monthly,4871.1,Debit Card,2022-03-03,2026-03-11,Standard Plan
CUST06263,Monthly,2844.7,Net Banking,2025-03-07,,Standard Plan
CUST06264,Monthly,1316.75,Credit Card,2022-02-07,2026-08-20,Standard Plan
CUST06265,Monthly,2500.55,Credit Card,2021-08-13,,Premium Plan
CUST06266,Annual,1820.76,Auto Pay,2023-06-29,,Premium Plan
CUST06267,Monthly,3484.11,Auto Pay,2025-07-06,,Basic Plan
CUST06268,Monthly,1441.87,Auto Pay,2022-06-06,,Basic Plan
CUST06269,Annual,4126.05,Net Banking,2023-01-13,,Basic Plan
CUST06270,Monthly,4645.72,Credit Card,2021-02-10,,Basic Plan
CUST06271,Monthly,2876.04,Credit Card,2025-11-14,,Premium Plan
CUST06272,Annual,917.67,UPI,2022-12-24,,Premium Plan
CUST06273,Annual,1579.3,Auto Pay,2023-08-20,,Standard Plan
CUST06274,Annual,998.72,Net Banking,2022-07-25,,Basic Plan
CUST06275,Monthly,2070.98,Net Banking,2022-05-15,,Standard Plan
CUST06276,Monthly,1063.12,Credit Card,2021-09-13,,Standard Plan
CUST06277,Monthly,1711.99,Debit Card,2025-01-06,,Standard Plan
CUST06278,Monthly,1900.6,Debit Card,2021-10-09,2026-04-22,Basic Plan
CUST06279,Annual,3784.84,Credit Card,2024-05-20,,Standard Plan
CUST06280,Annual,2438.24,Auto Pay,2024-08-28,2026-03-28,Basic Plan
CUST06281,Quarterly,1352.58,Net Banking,2025-11-09,,Basic Plan
CUST06282,Annual,1361.32,Debit Card,2023-12-22,,Premium Plan
CUST06283,Monthly,1528.7,Credit Card,2024-12-14,,Premium Plan
CUST06284,Monthly,595.55,Debit Card,2025-05-10,,Standard Plan
CUST06285,Monthly,3244.66,Auto Pay,2021-05-28,2026-06-07,Basic Plan
CUST06286,Quarterly,2691.79,Net Banking,2025-09-16,,Standard Plan
CUST06287,Quarterly,2870.25,UPI,2022-07-27,,Basic Plan
CUST06288,Monthly,1844.41,Debit Card,2023-08-30,2026-05-25,Basic Plan
CUST06289,Quarterly,2996.83,Net Banking,2024-11-11,,Standard Plan
CUST06290,Monthly,2135.22,UPI,2024-05-22,,Basic Plan
CUST06291,Monthly,1737.4,Auto Pay,2024-04-11,2026-06-30,Standard Plan
CUST06292,Quarterly,4958.08,Debit Card,2024-08-05,2026-07-25,Standard Plan
CUST06293,Annual,2110.0,UPI,2023-01-09,,Premium Plan
CUST06294,Monthly,2585.97,Net Banking,2023-09-21,2026-03-15,Standard Plan
CUST06295,Monthly,851.15,Net Banking,2024-11-10,,Standard Plan
CUST06296,Annual,4216.71,Credit Card,2025-06-09,,Standard Plan
CUST06297,Monthly,3407.33,Net Banking,2023-04-14,,Basic Plan
CUST06298,Annual,4739.04,Debit Card,2023-05-15,,Premium Plan
CUST06299,Quarterly,3058.95,Auto Pay,2023-01-07,,Basic Plan
CUST06300,Quarterly,2445.2,Credit Card,2021-10-12,,Standard Plan
CUST06301,Quarterly,1899.02,Debit Card,2024-03-30,,Standard Plan
CUST06302,Monthly,478.53,UPI,2024-03-07,2026-08-30,Standard Plan
CUST06303,Monthly,323.79,Credit Card,2021-08-24,2026-02-21,Basic Plan
CUST06304,Monthly,1955.19,Auto Pay,2021-01-20,,Basic Plan
CUST06305,Quarterly,2001.6,Credit Card,2024-07-23,2026-03-21,Standard Plan
CUST06306,Annual,2917.08,Net Banking,2021-04-25,,Standard Plan
CUST06307,Quarterly,306.35,Credit Card,2023-07-19,,Basic Plan
CUST06308,Annual,1835.85,UPI,2021-12-02,,Basic Plan
CUST06309,Monthly,1229.52,UPI,2023-07-17,,Premium Plan
CUST06310,Annual,2709.59,UPI,2023-11-30,,Standard Plan
CUST06311,Monthly,468.69,Net Banking,2025-05-29,,Standard Plan
CUST06312,Quarterly,323.36,Auto Pay,2022-10-03,,Basic Plan
CUST06313,Monthly,2724.87,Credit Card,2021-07-09,,Premium Plan
CUST06314,Monthly,1587.68,UPI,2023-07-20,2026-03-07,Standard Plan
CUST06315,Monthly,4901.45,Debit Card,2025-05-05,2026-08-27,Standard Plan
CUST06316,Annual,505.12,Auto Pay,2025-10-26,,Premium Plan
CUST06317,Monthly,3451.5,Net Banking,2025-12-24,2026-08-26,Standard Plan
CUST06318,Monthly,4685.99,Debit Card,2023-04-28,2026-01-19,Basic Plan
CUST06319,Quarterly,3504.14,Credit Card,2024-11-29,,Standard Plan
CUST06320,Quarterly,3533.16,Net Banking,2023-05-18,2026-02-13,Standard Plan
CUST06321,Annual,2531.49,Credit Card,2023-10-30,2026-05-21,Basic Plan
CUST06322,Monthly,303.39,Debit Card,2023-12-04,2026-03-17,Basic Plan
CUST06323,Monthly,1216.34,Debit Card,2021-12-18,2026-03-06,Standard Plan
CUST06324,Monthly,1048.84,Net Banking,2025-09-24,,Basic Plan
CUST06325,Annual,623.54,Debit Card,2021-12-02,,Standard Plan
CUST06326,Monthly,4712.9,Auto Pay,2023-12-19,,Basic Plan
CUST06327,Monthly,1874.08,Credit Card,2021-04-06,,Standard Plan
CUST06328,Monthly,3934.65,UPI,2025-12-24,,Basic Plan
CUST06329,Quarterly,4054.12,UPI,2022-10-05,,Basic Plan
CUST06330,Monthly,3883.86,Auto Pay,2022-09-30,,Standard Plan
CUST06331,Quarterly,4089.27,Debit Card,2021-09-01,2026-08-17,Basic Plan
CUST06332,Annual,2527.29,Credit Card,2021-10-15,,Premium Plan
CUST06333,Annual,1766.36,UPI,2025-11-04,,Standard Plan
CUST06334,Annual,711.21,Net Banking,2022-02-10,,Standard Plan
CUST06335,Monthly,4288.49,Auto Pay,2025-09-13,,Standard Plan
CUST06336,Quarterly,1953.69,UPI,2021-08-07,,Standard Plan
CUST06337,Quarterly,692.55,Credit Card,2024-02-04,,Basic Plan
CUST06338,Monthly,4855.52,Debit Card,2022-09-11,,Basic Plan
CUST06339,Monthly,1394.56,Auto Pay,2025-10-26,,Basic Plan
CUST06340,Annual,2094.56,Auto Pay,2024-09-18,2026-01-29,Premium Plan
CUST06341,Quarterly,515.91,Debit Card,2021-12-29,,Basic Plan
CUST06342,Monthly,3982.95,Auto Pay,2024-11-23,2026-05-02,Premium Plan
CUST06343,Annual,3959.96,Debit Card,2025-02-23,,Basic Plan
CUST06344,Annual,3443.62,Credit Card,2022-07-28,2026-02-01,Basic Plan
CUST06345,Monthly,822.45,UPI,2022-08-10,2026-07-03,Premium Plan
CUST06346,Annual,899.27,UPI,2025-12-29,,Basic Plan
CUST06347,Annual,1869.84,Net Banking,2022-04-20,,Standard Plan
CUST06348,Monthly,4548.12,UPI,2025-07-01,2026-02-04,Standard Plan
CUST06349,Quarterly,2574.16,Credit Card,2023-12-18,,Standard Plan
CUST06350,Monthly,2903.91,Credit Card,2024-05-15,,Basic Plan
CUST06351,Monthly,1158.4,Debit Card,2025-08-10,2026-06-22,Standard Plan
CUST06352,Annual,3621.86,Credit Card,2021-12-28,,Standard Plan
CUST06353,Monthly,3347.6,Credit Card,2025-05-05,,Standard Plan
CUST06354,Annual,2597.33,Debit Card,2025-11-27,,Standard Plan
CUST06355,Monthly,1307.5,Credit Card,2023-12-09,,Basic Plan
CUST06356,Quarterly,4532.87,UPI,2025-03-26,,Standard Plan
CUST06357,Quarterly,1194.68,Net Banking,2024-01-17,,Basic Plan
CUST06358,Quarterly,4779.45,Auto Pay,2023-05-24,,Basic Plan
CUST06359,Annual,1372.05,UPI,2021-09-27,2026-07-28,Basic Plan
CUST06360,Annual,4776.1,Auto Pay,2025-06-11,,Standard Plan
CUST06361,Annual,4482.16,Debit Card,2021-04-14,,Standard Plan
CUST06362,Monthly,3087.63,Auto Pay,2024-02-10,2026-08-26,Basic Plan
CUST06363,Monthly,3848.97,Debit Card,2022-09-27,,Basic Plan
CUST06364,Annual,1718.39,Net Banking,2023-02-03,2026-08-05,Standard Plan
CUST06365,Monthly,4435.85,Debit Card,2025-06-02,,Standard Plan
CUST06366,Monthly,3476.52,UPI,2025-01-07,,Standard Plan
CUST06367,Quarterly,1585.77,UPI,2023-09-28,,Standard Plan
CUST06368,Monthly,2364.93,Debit Card,2025-04-24,,Standard Plan
CUST06369,Monthly,3811.19,Net Banking,2022-06-17,2026-02-22,Basic Plan
CUST06370,Monthly,4745.54,Net Banking,2021-04-12,,Premium Plan
CUST06371,Annual,646.45,Net Banking,2021-02-14,2026-01-18,Basic Plan
CUST06372,Monthly,1142.07,Auto Pay,2022-10-11,,Standard Plan
CUST06373,Monthly,664.61,Credit Card,2021-08-24,,Basic Plan
CUST06374,Quarterly,3433.8,Debit Card,2022-08-13,2026-06-10,Standard Plan
CUST06375,Monthly,1842.61,UPI,2024-11-18,,Premium Plan
CUST06376,Monthly,934.27,Debit Card,2024-03-15,2026-07-11,Premium Plan
CUST06377,Annual,3783.21,Auto Pay,2021-02-21,,Standard Plan
CUST06378,Annual,4611.19,Debit Card,2021-05-15,,Premium Plan
CUST06379,Monthly,1117.49,Credit Card,2023-03-24,2026-07-31,Basic Plan
CUST06380,Quarterly,1036.18,Debit Card,2025-04-27,2026-07-31,Standard Plan
CUST06381,Annual,1198.47,Net Banking,2022-06-04,2026-01-27,Standard Plan
CUST06382,Monthly,1839.96,Credit Card,2023-10-23,,Premium Plan
CUST06383,Monthly,2969.0,Auto Pay,2021-02-20,2026-01-21,Premium Plan
CUST06384,Quarterly,1701.56,UPI,2023-01-12,,Basic Plan
CUST06385,Monthly,1300.82,Credit Card,2024-07-29,,Basic Plan
CUST06386,Monthly,591.43,Credit Card,2022-02-07,2026-03-07,Basic Plan
CUST06387,Monthly,1156.45,Auto Pay,2023-02-07,,Standard Plan
CUST06388,Monthly,644.0,Credit Card,2025-06-01,,Basic Plan
CUST06389,Monthly,1370.75,Debit Card,2025-10-26,,Premium Plan
CUST06390,Annual,761.55,Credit Card,2022-07-21,,Standard Plan
CUST06391,Annual,1119.79,Debit Card,2021-11-30,,Basic Plan
CUST06392,Monthly,1016.04,Debit Card,2025-02-05,2026-07-12,Basic Plan
CUST06393,Monthly,2903.55,Debit Card,2022-08-31,,Standard Plan
CUST06394,Monthly,2842.08,UPI,2024-11-18,,Basic Plan
CUST06395,Annual,2582.1,Debit Card,2022-09-05,,Premium Plan
CUST06396,Annual,4437.56,Credit Card,2024-04-07,,Basic Plan
CUST06397,Monthly,4171.7,Net Banking,2021-08-15,2026-07-05,Standard Plan
CUST06398,Quarterly,4629.55,Debit Card,2023-09-22,,Basic Plan
CUST06399,Annual,2625.76,Net Banking,2023-02-27,,Standard Plan
CUST06400,Annual,4216.57,Auto Pay,2022-03-26,,Standard Plan
CUST06401,Monthly,3486.5,UPI,2022-02-07,,Basic Plan
CUST06402,Quarterly,3286.84,Debit Card,2023-01-23,2026-08-02,Premium Plan
CUST06403,Annual,3653.17,Auto Pay,2024-02-05,,Premium Plan
CUST06404,Quarterly,2925.72,UPI,2023-04-25,2026-06-03,Standard Plan
CUST06405,Monthly,4025.47,Auto Pay,2024-02-21,,Basic Plan
CUST06406,Annual,2854.54,UPI,2022-09-25,,Basic Plan
CUST06407,Annual,888.72,Credit Card,2021-04-12,,Basic Plan
CUST06408,Monthly,1620.84,Net Banking,2023-01-19,2026-03-09,Basic Plan
CUST06409,Monthly,4702.62,UPI,2021-04-24,,Standard Plan
CUST06410,Quarterly,3429.44,Debit Card,2024-05-14,,Standard Plan
CUST06411,Annual,563.64,Net Banking,2025-11-25,,Basic Plan
CUST06412,Monthly,3063.94,Net Banking,2022-01-22,,Basic Plan
CUST06413,Monthly,2587.13,UPI,2023-12-13,,Basic Plan
CUST06414,Monthly,1072.41,Auto Pay,2024-09-30,,Basic Plan
CUST06415,Annual,4621.77,Debit Card,2024-06-10,,Standard Plan
CUST06416,Monthly,1956.36,UPI,2023-09-26,,Standard Plan
CUST06417,Monthly,3296.78,Credit Card,2023-04-05,,Standard Plan
CUST06418,Monthly,1172.92,Credit Card,2023-11-26,2026-07-16,Standard Plan
CUST06419,Monthly,4692.53,Debit Card,2024-09-11,2026-03-01,Basic Plan
CUST06420,Monthly,3704.41,Auto Pay,2022-10-14,,Basic Plan
CUST06421,Annual,3219.92,Auto Pay,2024-02-20,,Standard Plan
CUST06422,Monthly,2198.32,Debit Card,2025-10-16,,Standard Plan
CUST06423,Annual,2155.12,Debit Card,2024-08-16,,Standard Plan
CUST06424,Monthly,873.52,Debit Card,2025-01-02,2026-08-13,Premium Plan
CUST06425,Quarterly,3659.12,Debit Card,2022-03-24,,Basic Plan
CUST06426,Monthly,1584.39,Credit Card,2025-06-16,,Basic Plan
CUST06427,Monthly,1428.7,UPI,2023-05-15,,Premium Plan
CUST06428,Monthly,1258.48,UPI,2021-09-14,2026-05-26,Premium Plan
CUST06429,Quarterly,301.5,Auto Pay,2025-09-19,2026-03-29,Basic Plan
CUST06430,Quarterly,3672.08,Auto Pay,2023-06-27,,Premium Plan
CUST06431,Monthly,886.3,Auto Pay,2022-02-03,,Standard Plan
CUST06432,Monthly,3203.85,Net Banking,2023-05-05,,Standard Plan
CUST06433,Monthly,3853.8,Credit Card,2023-06-10,2026-07-22,Basic Plan
CUST06434,Monthly,1556.38,Net Banking,2023-10-27,2026-07-13,Standard Plan
CUST06435,Monthly,814.23,Credit Card,2023-05-06,2026-01-08,Basic Plan
CUST06436,Annual,847.28,Net Banking,2022-12-18,,Basic Plan
CUST06437,Annual,3891.11,UPI,2021-10-02,,Standard Plan
CUST06438,Monthly,4386.83,Net Banking,2021-06-30,2026-06-13,Basic Plan
CUST06439,Annual,3375.94,UPI,2024-03-29,,Basic Plan
CUST06440,Monthly,1197.73,UPI,2021-06-25,,Premium Plan
CUST06441,Monthly,453.31,Debit Card,2021-01-02,,Standard Plan
CUST06442,Monthly,3861.47,Credit Card,2024-05-21,,Basic Plan
CUST06443,Quarterly,1014.45,Debit Card,2023-06-22,,Standard Plan
CUST06444,Annual,1412.02,Auto Pay,2022-05-20,,Standard Plan
CUST06445,Monthly,4727.78,Auto Pay,2022-11-03,,Basic Plan
CUST06446,Monthly,450.12,Debit Card,2022-01-29,,Basic Plan
CUST06447,Monthly,2495.87,Credit Card,2023-01-30,2026-07-05,Basic Plan
CUST06448,Quarterly,2151.42,Net Banking,2021-11-25,,Premium Plan
CUST06449,Quarterly,755.21,Auto Pay,2021-06-23,,Basic Plan
CUST06450,Quarterly,4135.92,Net Banking,2023-01-04,,Premium Plan
CUST06451,Monthly,3138.2,UPI,2025-05-21,2026-04-12,Basic Plan
CUST06452,Monthly,2909.42,Net Banking,2023-12-20,2026-03-02,Basic Plan
CUST06453,Monthly,4813.56,Debit Card,2024-09-17,2026-03-22,Basic Plan
CUST06454,Monthly,962.86,Net Banking,2022-01-22,2026-06-03,Standard Plan
CUST06455,Monthly,1865.6,Net Banking,2024-04-07,,Standard Plan
CUST06456,Annual,2470.09,Auto Pay,2022-08-17,2026-07-22,Premium Plan
CUST06457,Monthly,3146.17,Auto Pay,2024-01-24,,Standard Plan
CUST06458,Quarterly,3772.61,UPI,2022-02-03,,Basic Plan
CUST06459,Monthly,1503.08,Net Banking,2022-12-20,,Basic Plan
CUST06460,Annual,517.8,Auto Pay,2023-08-11,,Standard Plan
CUST06461,Monthly,564.54,Auto Pay,2023-03-26,,Basic Plan
CUST06462,Monthly,3261.23,Credit Card,2023-07-20,,Basic Plan
CUST06463,Monthly,2165.99,Net Banking,2025-09-05,2026-02-24,Standard Plan
CUST06464,Annual,1093.5,Credit Card,2024-09-27,,Basic Plan
CUST06465,Monthly,3291.36,UPI,2025-07-31,2026-02-01,Premium Plan
CUST06466,Quarterly,3366.15,Debit Card,2023-02-04,,Basic Plan
CUST06467,Annual,3884.15,Net Banking,2025-10-30,,Basic Plan
CUST06468,Monthly,2217.49,Debit Card,2021-10-28,,Standard Plan
CUST06469,Monthly,1274.73,Credit Card,2023-05-13,,Basic Plan
CUST06470,Monthly,2429.54,Net Banking,2023-11-04,,Premium Plan
CUST06471,Monthly,542.37,Auto Pay,2022-02-23,,Standard Plan
CUST06472,Annual,2059.74,UPI,2022-01-19,,Basic Plan
CUST06473,Annual,1400.09,Auto Pay,2022-08-07,2026-03-15,Standard Plan
CUST06474,Monthly,3198.83,Debit Card,2021-02-24,2026-05-30,Standard Plan
CUST06475,Quarterly,3281.27,UPI,2021-11-04,,Standard Plan
CUST06476,Quarterly,2344.22,UPI,2023-01-04,2026-03-08,Basic Plan
CUST06477,Monthly,1064.16,Auto Pay,2024-12-23,,Standard Plan
CUST06478,Monthly,4165.39,Credit Card,2025-03-28,2026-05-09,Standard Plan
CUST06479,Annual,2402.31,UPI,2021-05-28,,Basic Plan
CUST06480,Monthly,2240.43,Auto Pay,2024-09-21,,Basic Plan
CUST06481,Annual,1431.76,Debit Card,2022-01-25,,Premium Plan
CUST06482,Quarterly,1173.01,Auto Pay,2021-11-04,,Basic Plan
CUST06483,Monthly,738.22,Debit Card,2023-04-21,,Standard Plan
CUST06484,Quarterly,1525.57,Net Banking,2022-08-04,,Standard Plan
CUST06485,Monthly,2033.97,Debit Card,2025-12-08,,Standard Plan
CUST06486,Annual,702.62,Net Banking,2023-03-02,,Basic Plan
CUST06487,Quarterly,3918.51,Credit Card,2021-08-04,,Basic Plan
CUST06488,Monthly,3089.68,UPI,2024-06-03,2026-03-06,Basic Plan
CUST06489,Annual,2291.12,Net Banking,2025-03-06,,Basic Plan
CUST06490,Monthly,2828.15,Net Banking,2021-10-05,2026-02-15,Basic Plan
CUST06491,Monthly,4728.64,UPI,2023-02-16,,Basic Plan
CUST06492,Annual,3595.04,Auto Pay,2025-10-19,2026-03-14,Basic Plan
CUST06493,Annual,3139.32,Credit Card,2023-09-15,,Premium Plan
CUST06494,Annual,3859.09,Credit Card,2023-01-17,,Premium Plan
CUST06495,Monthly,392.81,Credit Card,2024-01-13,2026-08-15,Basic Plan
CUST06496,Annual,2788.33,UPI,2022-03-27,,Basic Plan
CUST06497,Monthly,1192.52,Debit Card,2025-01-10,,Basic Plan
CUST06498,Quarterly,3009.51,Auto Pay,2021-07-24,,Premium Plan
CUST06499,Quarterly,3766.07,Debit Card,2021-10-20,2026-03-02,Premium Plan
CUST06500,Annual,2195.14,Auto Pay,2025-07-19,,Standard Plan
CUST06501,Monthly,1265.14,Credit Card,2023-04-13,2026-06-15,Basic Plan
CUST06502,Monthly,557.15,UPI,2021-02-04,,Premium Plan
CUST06503,Annual,1143.27,Auto Pay,2022-01-22,,Standard Plan
CUST06504,Monthly,1516.65,Credit Card,2024-09-21,,Basic Plan
CUST06505,Monthly,3059.74,UPI,2025-11-18,2026-06-11,Premium Plan
CUST06506,Annual,3744.93,Auto Pay,2025-05-28,,Basic Plan
CUST06507,Monthly,3505.18,Auto Pay,2023-07-21,,Standard Plan
CUST06508,Monthly,1826.87,Net Banking,2024-12-04,2026-01-15,Standard Plan
CUST06509,Monthly,2013.35,Auto Pay,2022-02-02,,Standard Plan
CUST06510,Annual,4356.77,Debit Card,2022-11-22,,Basic Plan
CUST06511,Annual,2144.84,Auto Pay,2023-12-26,,Standard Plan
CUST06512,Annual,3400.75,Debit Card,2025-08-09,,Standard Plan
CUST06513,Quarterly,2038.1,Net Banking,2021-05-31,,Premium Plan
CUST06514,Monthly,4815.48,Net Banking,2023-07-21,2026-06-14,Standard Plan
CUST06515,Monthly,2610.6,UPI,2024-03-04,,Basic Plan
CUST06516,Annual,3105.1,UPI,2022-12-31,,Standard Plan
CUST06517,Monthly,3038.97,Credit Card,2024-10-11,2026-04-09,Basic Plan
CUST06518,Annual,4269.88,Net Banking,2023-07-15,,Premium Plan
CUST06519,Annual,848.64,Net Banking,2021-08-04,,Basic Plan
CUST06520,Annual,4831.85,Net Banking,2025-01-19,,Premium Plan
CUST06521,Annual,1370.69,Net Banking,2021-06-26,,Premium Plan
CUST06522,Annual,1666.76,Auto Pay,2021-07-25,,Standard Plan
CUST06523,Quarterly,3002.36,UPI,2024-01-09,,Standard Plan
CUST06524,Annual,856.07,UPI,2025-03-05,,Standard Plan
CUST06525,Annual,3398.52,Credit Card,2023-07-14,,Standard Plan
CUST06526,Annual,3196.06,Net Banking,2022-09-21,,Basic Plan
CUST06527,Annual,2527.39,Net Banking,2023-06-22,,Basic Plan
CUST06528,Quarterly,3196.39,Auto Pay,2022-05-07,,Standard Plan
CUST06529,Monthly,513.43,Debit Card,2023-07-23,2026-02-09,Basic Plan
CUST06530,Quarterly,4273.38,UPI,2023-08-24,,Premium Plan
CUST06531,Monthly,3482.66,Debit Card,2021-03-10,2026-06-02,Standard Plan
CUST06532,Annual,3704.77,Auto Pay,2022-01-15,,Premium Plan
CUST06533,Quarterly,1019.95,Credit Card,2023-04-02,,Basic Plan
CUST06534,Monthly,1939.42,Credit Card,2021-12-07,,Standard Plan
CUST06535,Annual,2136.62,Net Banking,2024-02-05,,Basic Plan
CUST06536,Annual,3253.8,Debit Card,2023-03-16,,Basic Plan
CUST06537,Annual,784.22,Debit Card,2024-06-09,,Basic Plan
CUST06538,Quarterly,3651.35,Debit Card,2023-06-20,,Standard Plan
CUST06539,Monthly,2164.95,UPI,2024-01-08,,Standard Plan
CUST06540,Monthly,1216.66,Auto Pay,2025-01-07,,Standard Plan
CUST06541,Monthly,2457.61,Auto Pay,2023-07-14,,Standard Plan
CUST06542,Monthly,362.41,UPI,2025-07-05,,Premium Plan
CUST06543,Quarterly,635.76,Auto Pay,2025-09-08,,Basic Plan
CUST06544,Monthly,2881.94,Credit Card,2023-11-28,,Basic Plan
CUST06545,Monthly,1114.1,Debit Card,2023-10-13,,Premium Plan
CUST06546,Monthly,2583.06,UPI,2023-05-26,,Basic Plan
CUST06547,Monthly,2041.34,Net Banking,2024-12-27,,Standard Plan
CUST06548,Monthly,3849.7,Credit Card,2025-04-30,,Premium Plan
CUST06549,Annual,4782.21,UPI,2021-06-29,,Basic Plan
CUST06550,Annual,3379.05,Credit Card,2025-09-09,,Standard Plan
CUST06551,Annual,4466.88,UPI,2022-06-04,,Basic Plan
CUST06552,Monthly,4419.82,Debit Card,2023-04-16,,Standard Plan
CUST06553,Annual,1311.14,Credit Card,2025-09-29,,Basic Plan
CUST06554,Monthly,3383.19,Debit Card,2022-11-03,,Basic Plan
CUST06555,Monthly,3210.35,Debit Card,2023-11-09,,Premium Plan
CUST06556,Monthly,1426.19,Credit Card,2024-03-22,2026-03-11,Basic Plan
CUST06557,Monthly,1408.46,Credit Card,2024-05-27,2026-07-09,Basic Plan
CUST06558,Monthly,2867.07,Credit Card,2021-08-08,,Standard Plan
CUST06559,Monthly,2706.58,Auto Pay,2022-10-07,,Standard Plan
CUST06560,Quarterly,4541.18,Credit Card,2023-10-11,2026-08-19,Basic Plan
CUST06561,Monthly,4672.14,UPI,2022-08-26,2026-06-21,Standard Plan
CUST06562,Annual,2390.63,Debit Card,2024-08-17,,Basic Plan
CUST06563,Monthly,2748.02,Credit Card,2022-02-23,,Premium Plan
CUST06564,Monthly,2613.14,Auto Pay,2021-07-27,,Basic Plan
CUST06565,Quarterly,2192.48,Net Banking,2021-12-31,,Standard Plan
CUST06566,Monthly,2370.6,Auto Pay,2023-06-28,,Standard Plan
CUST06567,Quarterly,4235.25,Debit Card,2023-01-14,2026-03-17,Basic Plan
CUST06568,Annual,3699.53,Auto Pay,2022-10-12,,Basic Plan
CUST06569,Monthly,3917.4,Credit Card,2025-06-22,,Standard Plan
CUST06570,Annual,3008.17,UPI,2023-08-13,,Basic Plan
CUST06571,Monthly,2873.7,Debit Card,2021-12-21,2026-08-18,Premium Plan
CUST06572,Quarterly,2429.12,Net Banking,2025-01-04,,Standard Plan
CUST06573,Monthly,1536.05,UPI,2021-10-01,,Premium Plan
CUST06574,Quarterly,1556.38,UPI,2022-05-18,2026-05-06,Standard Plan
CUST06575,Quarterly,4007.01,Credit Card,2025-08-15,,Standard Plan
CUST06576,Annual,3660.71,Credit Card,2023-06-26,,Standard Plan
CUST06577,Monthly,4427.79,Net Banking,2023-06-04,,Basic Plan
CUST06578,Annual,3693.48,Net Banking,2024-08-05,,Basic Plan
CUST06579,Monthly,1703.22,Net Banking,2025-05-15,,Standard Plan
CUST06580,Annual,1364.6,Net Banking,2025-01-08,,Standard Plan
CUST06581,Annual,1644.25,Auto Pay,2021-03-02,2026-03-22,Standard Plan
CUST06582,Monthly,1088.28,Credit Card,2025-10-13,2026-05-30,Standard Plan
CUST06583,Monthly,3099.26,UPI,2023-04-06,,Basic Plan
CUST06584,Monthly,2015.36,Auto Pay,2021-10-10,2026-03-04,Standard Plan
CUST06585,Monthly,4182.29,Auto Pay,2025-01-07,,Basic Plan
CUST06586,Annual,616.78,Net Banking,2023-12-19,,Basic Plan
CUST06587,Monthly,2439.61,Debit Card,2023-03-16,2026-06-23,Standard Plan
CUST06588,Quarterly,4602.94,Net Banking,2021-09-22,,Basic Plan
CUST06589,Monthly,1917.98,Net Banking,2024-02-05,,Basic Plan
CUST06590,Monthly,1314.63,Credit Card,2025-04-28,,Premium Plan
CUST06591,Annual,2733.53,Net Banking,2023-10-11,,Premium Plan
CUST06592,Annual,1227.07,Auto Pay,2024-02-14,2026-07-23,Standard Plan
CUST06593,Monthly,3534.57,UPI,2022-06-09,,Standard Plan
CUST06594,Annual,4673.69,Net Banking,2025-10-19,,Basic Plan
CUST06595,Quarterly,3320.43,Debit Card,2025-06-11,,Premium Plan
CUST06596,Monthly,511.68,Debit Card,2025-10-17,,Basic Plan
CUST06597,Quarterly,2063.47,Auto Pay,2024-09-30,,Standard Plan
CUST06598,Monthly,938.36,Auto Pay,2022-07-18,,Basic Plan
CUST06599,Annual,3023.95,Credit Card,2022-08-22,,Basic Plan
CUST06600,Annual,337.98,UPI,2023-02-15,,Basic Plan
CUST06601,Annual,2560.8,Auto Pay,2025-05-02,,Basic Plan
CUST06602,Quarterly,1916.65,UPI,2024-05-21,,Basic Plan
CUST06603,Monthly,1945.88,Auto Pay,2021-10-29,,Standard Plan
CUST06604,Annual,3037.39,Auto Pay,2022-02-22,,Standard Plan
CUST06605,Annual,1428.87,Net Banking,2025-10-18,,Standard Plan
CUST06606,Monthly,4132.49,Auto Pay,2021-12-12,2026-04-08,Basic Plan
CUST06607,Quarterly,2319.39,UPI,2025-02-17,,Basic Plan
CUST06608,Monthly,2485.39,Net Banking,2025-06-07,,Basic Plan
CUST06609,Monthly,3999.81,UPI,2023-07-01,2026-01-17,Basic Plan
CUST06610,Quarterly,1386.52,Debit Card,2021-07-08,,Basic Plan
CUST06611,Monthly,628.67,UPI,2022-06-05,2026-01-17,Standard Plan
CUST06612,Annual,3989.93,Auto Pay,2021-07-14,,Basic Plan
CUST06613,Monthly,1604.46,Debit Card,2024-09-19,2026-08-22,Premium Plan
CUST06614,Monthly,2182.81,Net Banking,2022-07-07,,Standard Plan
CUST06615,Monthly,4062.38,UPI,2023-12-16,,Standard Plan
CUST06616,Annual,4421.93,Auto Pay,2022-01-14,,Standard Plan
CUST06617,Annual,1821.17,Debit Card,2022-10-09,,Premium Plan
CUST06618,Annual,4778.06,Auto Pay,2022-02-13,,Basic Plan
CUST06619,Monthly,2619.22,Debit Card,2025-01-28,2026-04-20,Basic Plan
CUST06620,Monthly,4399.28,Net Banking,2023-11-11,,Basic Plan
CUST06621,Monthly,4837.9,Auto Pay,2025-09-24,2026-06-03,Standard Plan
CUST06622,Monthly,1252.34,Credit Card,2021-10-15,,Basic Plan
CUST06623,Monthly,4238.44,UPI,2022-04-23,,Standard Plan
CUST06624,Monthly,2180.69,Credit Card,2025-08-18,,Standard Plan
CUST06625,Monthly,3435.45,Auto Pay,2025-08-28,,Premium Plan
CUST06626,Monthly,3719.66,UPI,2025-07-08,2026-04-23,Basic Plan
CUST06627,Monthly,1574.34,Credit Card,2023-12-28,,Standard Plan
CUST06628,Monthly,957.44,Auto Pay,2023-05-27,2026-06-13,Basic Plan
CUST06629,Annual,3010.14,Net Banking,2022-12-12,,Premium Plan
CUST06630,Quarterly,4918.89,Debit Card,2025-08-23,2026-06-11,Premium Plan
CUST06631,Monthly,1146.54,Credit Card,2025-09-12,,Basic Plan
CUST06632,Monthly,1133.98,Credit Card,2023-07-14,,Standard Plan
CUST06633,Quarterly,1311.55,Credit Card,2023-08-24,,Premium Plan
CUST06634,Monthly,2380.96,Net Banking,2023-08-10,,Basic Plan
CUST06635,Monthly,2874.7,Auto Pay,2021-03-06,2026-05-22,Standard Plan
CUST06636,Annual,2854.75,Net Banking,2025-04-17,,Premium Plan
CUST06637,Quarterly,3305.2,UPI,2022-04-28,2026-03-14,Standard Plan
CUST06638,Annual,1264.5,Debit Card,2021-08-06,,Standard Plan
CUST06639,Monthly,1702.28,Auto Pay,2023-08-14,2026-04-19,Basic Plan
CUST06640,Quarterly,1212.6,Net Banking,2022-09-05,,Standard Plan
CUST06641,Monthly,3001.2,Credit Card,2024-10-09,,Premium Plan
CUST06642,Monthly,339.55,UPI,2024-08-03,,Premium Plan
CUST06643,Monthly,4699.58,UPI,2024-08-21,,Basic Plan
CUST06644,Quarterly,3826.13,Net Banking,2022-12-26,,Standard Plan
CUST06645,Annual,1516.72,Debit Card,2025-07-07,,Basic Plan
CUST06646,Monthly,306.13,UPI,2025-12-26,2026-08-14,Premium Plan
CUST06647,Monthly,2661.31,Net Banking,2024-10-09,,Basic Plan
CUST06648,Annual,2876.75,Net Banking,2022-11-14,,Basic Plan
CUST06649,Annual,316.33,Net Banking,2023-10-30,2026-06-18,Basic Plan
CUST06650,Monthly,3300.05,Net Banking,2022-10-27,,Standard Plan
CUST06651,Monthly,2056.43,Net Banking,2022-05-08,,Basic Plan
CUST06652,Monthly,855.62,Auto Pay,2022-11-30,,Basic Plan
CUST06653,Annual,1894.92,Credit Card,2022-08-30,2026-04-07,Premium Plan
CUST06654,Monthly,2007.48,Net Banking,2021-02-05,2026-05-24,Basic Plan
CUST06655,Annual,2369.29,Net Banking,2025-03-02,,Basic Plan
CUST06656,Monthly,4140.82,Debit Card,2021-09-20,,Standard Plan
CUST06657,Monthly,2004.28,Debit Card,2025-09-11,,Basic Plan
CUST06658,Monthly,856.98,UPI,2021-12-22,2026-03-26,Basic Plan
CUST06659,Monthly,4641.39,UPI,2023-08-01,,Standard Plan
CUST06660,Monthly,1700.93,UPI,2022-03-14,,Basic Plan
CUST06661,Monthly,2309.73,Auto Pay,2022-08-06,,Standard Plan
CUST06662,Annual,1492.23,UPI,2022-04-20,,Standard Plan
CUST06663,Quarterly,2248.76,Debit Card,2023-06-19,,Basic Plan
CUST06664,Quarterly,3432.24,UPI,2025-05-28,,Standard Plan
CUST06665,Monthly,4240.58,UPI,2021-12-18,,Basic Plan
CUST06666,Quarterly,1986.56,Auto Pay,2023-07-12,,Basic Plan
CUST06667,Monthly,2259.95,Credit Card,2022-11-24,,Standard Plan
CUST06668,Quarterly,1234.53,Net Banking,2022-06-22,,Basic Plan
CUST06669,Annual,1477.72,Auto Pay,2025-03-04,,Premium Plan
CUST06670,Monthly,3355.82,Net Banking,2025-10-07,2026-06-12,Premium Plan
CUST06671,Quarterly,4497.33,Auto Pay,2021-07-03,,Basic Plan
CUST06672,Annual,1110.41,UPI,2025-05-09,2026-08-07,Basic Plan
CUST06673,Monthly,2095.56,Net Banking,2024-08-11,,Premium Plan
CUST06674,Monthly,4116.56,Net Banking,2025-06-04,,Basic Plan
CUST06675,Quarterly,2957.31,UPI,2021-06-05,,Basic Plan
CUST06676,Monthly,3223.64,Net Banking,2025-12-27,2026-01-22,Basic Plan
CUST06677,Annual,809.87,UPI,2025-09-06,2026-01-14,Basic Plan
CUST06678,Annual,3410.02,Credit Card,2022-09-06,,Basic Plan
CUST06679,Monthly,4598.99,Net Banking,2025-01-08,,Standard Plan
CUST06680,Annual,2464.33,Auto Pay,2023-11-19,,Basic Plan
CUST06681,Monthly,4826.06,UPI,2022-08-19,2026-03-22,Basic Plan
CUST06682,Annual,542.03,Credit Card,2022-04-10,,Basic Plan
CUST06683,Monthly,1542.52,Debit Card,2024-05-18,,Basic Plan
CUST06684,Monthly,4558.22,UPI,2021-11-27,2026-01-17,Basic Plan
CUST06685,Monthly,1668.91,Auto Pay,2025-07-16,,Basic Plan
CUST06686,Annual,4635.36,Auto Pay,2022-03-12,,Standard Plan
CUST06687,Monthly,3113.85,Net Banking,2023-03-03,,Basic Plan
CUST06688,Monthly,4345.23,UPI,2021-03-13,2026-01-19,Standard Plan
CUST06689,Monthly,2559.88,UPI,2024-09-22,2026-04-26,Standard Plan
CUST06690,Monthly,1911.54,Credit Card,2022-06-07,,Basic Plan
CUST06691,Annual,2875.38,Credit Card,2024-07-28,,Standard Plan
CUST06692,Monthly,3097.31,Auto Pay,2025-09-05,,Standard Plan
CUST06693,Quarterly,3134.57,Net Banking,2025-03-03,,Basic Plan
CUST06694,Quarterly,3729.37,Debit Card,2024-04-20,2026-04-05,Basic Plan
CUST06695,Monthly,1384.56,UPI,2021-03-04,2026-02-09,Basic Plan
CUST06696,Quarterly,2917.6,Net Banking,2023-10-17,,Standard Plan
CUST06697,Monthly,2238.39,Net Banking,2023-05-12,,Basic Plan
CUST06698,Monthly,3846.45,Credit Card,2025-10-04,2026-02-14,Standard Plan
CUST06699,Annual,3205.91,Debit Card,2025-12-26,,Standard Plan
CUST06700,Annual,2226.02,Credit Card,2023-01-30,2026-06-14,Basic Plan
CUST06701,Monthly,3331.29,Debit Card,2022-03-09,,Standard Plan
CUST06702,Quarterly,4375.03,UPI,2023-09-24,,Basic Plan
CUST06703,Monthly,1993.17,Auto Pay,2023-12-06,,Standard Plan
CUST06704,Monthly,1864.09,Net Banking,2024-12-19,,Standard Plan
CUST06705,Monthly,4667.97,Debit Card,2021-08-03,2026-02-26,Basic Plan
CUST06706,Annual,866.4,Net Banking,2022-05-24,,Basic Plan
CUST06707,Annual,2972.37,Auto Pay,2025-01-09,,Basic Plan
CUST06708,Monthly,2772.61,Auto Pay,2025-09-04,,Basic Plan
CUST06709,Monthly,1707.43,Credit Card,2025-07-16,2026-04-12,Basic Plan
CUST06710,Monthly,1973.54,UPI,2021-04-08,,Standard Plan
CUST06711,Monthly,3714.62,Net Banking,2022-10-17,,Basic Plan
CUST06712,Quarterly,3169.57,UPI,2025-11-01,2026-08-11,Premium Plan
CUST06713,Annual,3787.99,Net Banking,2021-11-25,,Standard Plan
CUST06714,Monthly,1858.93,Auto Pay,2021-09-25,,Basic Plan
CUST06715,Monthly,1241.73,UPI,2023-08-01,2026-04-30,Standard Plan
CUST06716,Monthly,2750.72,UPI,2022-08-18,2026-01-29,Standard Plan
CUST06717,Quarterly,4571.96,UPI,2022-08-24,2026-07-15,Basic Plan
CUST06718,Annual,3043.46,Auto Pay,2025-07-27,,Standard Plan
CUST06719,Monthly,4849.54,Debit Card,2023-10-01,,Standard Plan
CUST06720,Monthly,3182.48,Credit Card,2024-06-05,2026-07-30,Standard Plan
CUST06721,Monthly,1178.43,Credit Card,2023-04-27,,Standard Plan
CUST06722,Quarterly,3973.85,UPI,2023-07-22,,Standard Plan
CUST06723,Quarterly,3755.2,Credit Card,2023-03-07,,Standard Plan
CUST06724,Quarterly,4414.33,Debit Card,2025-09-09,,Basic Plan
CUST06725,Annual,4805.87,Credit Card,2024-12-09,,Basic Plan
CUST06726,Annual,4476.71,Debit Card,2021-03-10,,Standard Plan
CUST06727,Monthly,573.13,Credit Card,2024-01-31,,Standard Plan
CUST06728,Monthly,2328.33,Net Banking,2024-05-25,,Basic Plan
CUST06729,Quarterly,4314.9,Auto Pay,2024-10-30,,Basic Plan
CUST06730,Quarterly,2951.06,Auto Pay,2024-05-10,,Basic Plan
CUST06731,Quarterly,663.62,Credit Card,2023-07-22,,Basic Plan
CUST06732,Monthly,1533.18,Debit Card,2023-01-22,2026-07-04,Standard Plan
CUST06733,Annual,2898.48,Net Banking,2025-09-07,,Basic Plan
CUST06734,Monthly,3555.14,Credit Card,2024-11-01,,Basic Plan
CUST06735,Monthly,1072.21,Debit Card,2022-09-23,2026-02-05,Basic Plan
CUST06736,Monthly,2070.82,UPI,2023-09-03,,Standard Plan
CUST06737,Monthly,893.33,Debit Card,2025-01-01,,Basic Plan
CUST06738,Annual,3686.37,Auto Pay,2021-09-25,,Basic Plan
CUST06739,Monthly,3259.75,Debit Card,2025-02-07,2026-04-07,Basic Plan
CUST06740,Annual,3038.49,Credit Card,2023-06-17,,Basic Plan
CUST06741,Annual,4459.18,Net Banking,2023-07-12,,Basic Plan
CUST06742,Annual,2259.24,Credit Card,2025-11-12,,Basic Plan
CUST06743,Annual,4656.54,UPI,2022-02-20,,Standard Plan
CUST06744,Annual,3979.07,Debit Card,2021-02-09,2026-03-05,Standard Plan
CUST06745,Monthly,2572.38,Credit Card,2022-12-13,,Standard Plan
CUST06746,Monthly,3701.71,Net Banking,2025-07-14,2026-01-30,Standard Plan
CUST06747,Quarterly,4419.76,UPI,2021-08-14,,Standard Plan
CUST06748,Quarterly,1656.5,Credit Card,2025-04-06,,Standard Plan
CUST06749,Annual,917.69,Credit Card,2023-07-18,,Standard Plan
CUST06750,Quarterly,642.0,UPI,2025-12-25,2026-05-11,Basic Plan
CUST06751,Quarterly,853.94,Debit Card,2022-10-11,,Standard Plan
CUST06752,Monthly,3139.87,Debit Card,2021-07-25,,Standard Plan
CUST06753,Monthly,3491.37,Debit Card,2021-01-21,2026-06-18,Basic Plan
CUST06754,Monthly,4645.05,Credit Card,2021-06-17,,Standard Plan
CUST06755,Monthly,3299.23,Net Banking,2025-03-28,,Basic Plan
CUST06756,Monthly,4844.65,Debit Card,2022-05-05,2026-03-21,Standard Plan
CUST06757,Monthly,4407.69,Credit Card,2023-03-22,2026-08-22,Basic Plan
CUST06758,Monthly,695.52,Net Banking,2024-07-07,,Basic Plan
CUST06759,Quarterly,3168.84,UPI,2025-12-31,,Basic Plan
CUST06760,Monthly,1370.75,UPI,2025-06-05,2026-07-10,Basic Plan
CUST06761,Annual,3382.47,Net Banking,2024-04-01,2026-01-18,Standard Plan
CUST06762,Monthly,3505.8,Debit Card,2024-10-08,,Basic Plan
CUST06763,Monthly,4270.75,Credit Card,2024-03-22,,Basic Plan
CUST06764,Annual,1744.21,UPI,2022-01-18,,Basic Plan
CUST06765,Monthly,4047.78,Debit Card,2021-11-22,2026-06-11,Basic Plan
CUST06766,Quarterly,3759.55,Debit Card,2023-01-19,2026-01-05,Standard Plan
CUST06767,Monthly,785.44,Net Banking,2023-01-22,2026-08-19,Basic Plan
CUST06768,Monthly,1068.31,Auto Pay,2023-01-28,2026-01-11,Premium Plan
CUST06769,Annual,1226.63,UPI,2022-11-17,,Basic Plan
CUST06770,Quarterly,4863.76,Auto Pay,2022-07-20,,Standard Plan
CUST06771,Monthly,3641.84,UPI,2022-10-06,,Standard Plan
CUST06772,Quarterly,3383.99,Debit Card,2024-02-18,,Standard Plan
CUST06773,Monthly,3772.29,Debit Card,2023-09-06,2026-06-29,Standard Plan
CUST06774,Monthly,1780.85,Debit Card,2021-05-25,,Standard Plan
CUST06775,Monthly,3120.51,UPI,2021-10-06,2026-02-10,Basic Plan
CUST06776,Annual,1182.81,UPI,2025-08-12,,Standard Plan
CUST06777,Quarterly,2353.62,Auto Pay,2023-10-22,,Standard Plan
CUST06778,Monthly,4579.57,Credit Card,2022-09-22,2026-03-06,Premium Plan
CUST06779,Quarterly,3338.85,Auto Pay,2022-02-28,2026-03-01,Standard Plan
CUST06780,Monthly,3516.71,UPI,2021-02-10,2026-01-29,Standard Plan
CUST06781,Monthly,3356.52,Auto Pay,2024-10-28,,Basic Plan
CUST06782,Annual,4152.61,Net Banking,2023-03-03,,Premium Plan
CUST06783,Monthly,2631.49,Auto Pay,2021-03-06,2026-03-26,Premium Plan
CUST06784,Annual,759.61,Net Banking,2023-07-25,,Basic Plan
CUST06785,Monthly,4393.1,Credit Card,2021-01-05,,Basic Plan
CUST06786,Annual,2651.14,Credit Card,2022-08-17,,Standard Plan
CUST06787,Quarterly,1262.85,Auto Pay,2024-08-14,,Standard Plan
CUST06788,Quarterly,2886.87,Net Banking,2023-09-02,,Standard Plan
CUST06789,Monthly,3872.68,Auto Pay,2021-11-11,2026-08-17,Premium Plan
CUST06790,Monthly,2240.55,UPI,2022-03-27,2026-08-30,Standard Plan
CUST06791,Monthly,1552.93,UPI,2023-03-20,2026-08-13,Basic Plan
CUST06792,Monthly,2530.27,UPI,2025-07-29,,Standard Plan
CUST06793,Monthly,3330.92,Auto Pay,2025-02-02,,Basic Plan
CUST06794,Monthly,1970.85,UPI,2021-06-16,,Standard Plan
CUST06795,Monthly,1902.34,Auto Pay,2021-12-21,2026-06-28,Premium Plan
CUST06796,Annual,4904.27,Debit Card,2021-04-14,,Basic Plan
CUST06797,Monthly,2029.07,UPI,2023-08-17,,Standard Plan
CUST06798,Monthly,387.25,Net Banking,2024-06-20,,Basic Plan
CUST06799,Monthly,2395.89,UPI,2023-07-13,2026-01-18,Premium Plan
CUST06800,Monthly,4133.86,Credit Card,2022-10-29,2026-08-15,Premium Plan
CUST06801,Monthly,4938.34,Net Banking,2022-09-13,2026-01-07,Premium Plan
CUST06802,Monthly,997.08,Debit Card,2025-10-09,2026-01-29,Basic Plan
CUST06803,Annual,4170.83,UPI,2022-03-31,,Premium Plan
CUST06804,Annual,4050.39,UPI,2025-05-25,2026-08-23,Standard Plan
CUST06805,Monthly,2579.68,Auto Pay,2025-10-28,,Premium Plan
CUST06806,Quarterly,3684.6,Net Banking,2024-09-22,,Standard Plan
CUST06807,Monthly,1423.31,UPI,2023-11-21,,Standard Plan
CUST06808,Annual,1357.49,Net Banking,2025-07-20,,Standard Plan
CUST06809,Annual,2396.01,Net Banking,2025-09-30,2026-01-26,Basic Plan
CUST06810,Annual,1310.83,UPI,2024-03-08,,Basic Plan
CUST06811,Monthly,4232.24,Credit Card,2021-02-05,,Standard Plan
CUST06812,Monthly,3473.84,Credit Card,2024-04-11,,Standard Plan
CUST06813,Monthly,3296.25,Credit Card,2024-05-31,,Basic Plan
CUST06814,Monthly,2856.49,UPI,2022-07-08,,Standard Plan
CUST06815,Quarterly,3847.27,Credit Card,2021-03-22,,Standard Plan
CUST06816,Monthly,1625.87,Credit Card,2023-03-10,2026-08-28,Standard Plan
CUST06817,Annual,3252.36,Debit Card,2023-06-26,2026-01-04,Standard Plan
CUST06818,Monthly,4098.15,Credit Card,2025-06-22,,Standard Plan
CUST06819,Monthly,4066.63,Credit Card,2024-02-15,,Premium Plan
CUST06820,Monthly,2436.56,Auto Pay,2023-01-29,2026-01-23,Premium Plan
CUST06821,Monthly,1380.88,Credit Card,2024-10-04,,Basic Plan
CUST06822,Quarterly,1889.64,Auto Pay,2021-11-10,2026-02-17,Basic Plan
CUST06823,Quarterly,3783.38,Credit Card,2021-07-27,,Basic Plan
CUST06824,Monthly,2407.56,Credit Card,2021-05-29,,Basic Plan
CUST06825,Monthly,2739.87,Net Banking,2025-05-21,,Basic Plan
CUST06826,Monthly,4455.91,Net Banking,2023-07-17,,Basic Plan
CUST06827,Quarterly,4694.35,UPI,2023-02-05,,Basic Plan
CUST06828,Monthly,322.42,UPI,2021-05-02,2026-03-18,Basic Plan
CUST06829,Monthly,3961.78,Debit Card,2025-02-09,,Premium Plan
CUST06830,Quarterly,1304.96,Debit Card,2023-12-08,,Premium Plan
CUST06831,Monthly,593.49,Debit Card,2023-08-30,2026-05-19,Standard Plan
CUST06832,Quarterly,2927.94,Debit Card,2024-12-20,2026-07-16,Basic Plan
CUST06833,Monthly,1165.38,Auto Pay,2022-03-23,,Premium Plan
CUST06834,Annual,2066.8,UPI,2024-03-14,,Standard Plan
CUST06835,Quarterly,4711.95,Net Banking,2025-10-13,,Standard Plan
CUST06836,Monthly,2624.78,Auto Pay,2023-02-22,,Standard Plan
CUST06837,Monthly,2687.15,Debit Card,2025-09-08,,Basic Plan
CUST06838,Monthly,2592.1,Auto Pay,2025-08-16,,Basic Plan
CUST06839,Monthly,379.32,Debit Card,2024-02-27,,Basic Plan
CUST06840,Monthly,587.31,Credit Card,2024-09-21,,Standard Plan
CUST06841,Monthly,2113.38,Debit Card,2023-08-16,,Standard Plan
CUST06842,Annual,4210.17,Net Banking,2023-01-19,,Basic Plan
CUST06843,Monthly,976.27,Net Banking,2024-08-07,,Standard Plan
CUST06844,Monthly,4780.22,Net Banking,2021-04-12,,Standard Plan
CUST06845,Monthly,3629.93,Credit Card,2023-12-12,2026-06-12,Basic Plan
CUST06846,Quarterly,3998.26,Debit Card,2022-10-02,,Standard Plan
CUST06847,Annual,710.23,UPI,2022-07-03,,Standard Plan
CUST06848,Quarterly,3798.47,UPI,2025-08-29,2026-07-21,Basic Plan
CUST06849,Monthly,3233.49,Debit Card,2023-12-26,,Basic Plan
CUST06850,Annual,1043.67,Auto Pay,2025-06-16,,Standard Plan
CUST06851,Monthly,1676.72,Debit Card,2021-10-05,2026-02-09,Standard Plan
CUST06852,Quarterly,3094.46,UPI,2021-04-24,,Basic Plan
CUST06853,Monthly,1077.04,UPI,2025-05-19,,Basic Plan
CUST06854,Monthly,4673.54,Net Banking,2025-10-08,2026-08-08,Basic Plan
CUST06855,Monthly,3170.94,Net Banking,2021-11-20,,Standard Plan
CUST06856,Annual,3376.95,Debit Card,2023-10-01,,Basic Plan
CUST06857,Annual,1243.08,Credit Card,2022-06-12,,Standard Plan
CUST06858,Monthly,3413.78,UPI,2022-12-24,,Basic Plan
CUST06859,Quarterly,1022.75,UPI,2025-05-11,,Basic Plan
CUST06860,Annual,3740.32,Net Banking,2023-06-01,,Standard Plan
CUST06861,Annual,2468.03,Net Banking,2024-11-18,,Basic Plan
CUST06862,Annual,4928.61,Net Banking,2024-08-31,,Basic Plan
CUST06863,Monthly,2178.4,Debit Card,2025-10-02,,Premium Plan
CUST06864,Annual,3581.83,Debit Card,2024-06-24,,Standard Plan
CUST06865,Monthly,1812.87,Auto Pay,2025-01-22,,Basic Plan
CUST06866,Monthly,3074.53,UPI,2022-02-17,,Basic Plan
CUST06867,Quarterly,882.93,UPI,2023-03-03,,Standard Plan
CUST06868,Monthly,4950.18,Debit Card,2021-01-24,,Standard Plan
CUST06869,Quarterly,2992.98,Debit Card,2023-02-16,,Premium Plan
CUST06870,Monthly,1443.73,Credit Card,2023-09-02,2026-02-10,Standard Plan
CUST06871,Monthly,566.91,Auto Pay,2021-07-22,,Basic Plan
CUST06872,Annual,2487.02,UPI,2022-04-16,,Basic Plan
CUST06873,Monthly,4228.45,Debit Card,2025-05-28,2026-03-08,Premium Plan
CUST06874,Annual,2500.42,Auto Pay,2021-03-27,2026-08-01,Premium Plan
CUST06875,Annual,575.76,Net Banking,2021-12-08,,Standard Plan
CUST06876,Quarterly,540.24,Debit Card,2021-01-19,,Standard Plan
CUST06877,Monthly,1586.65,UPI,2024-10-25,2026-07-22,Standard Plan
CUST06878,Monthly,1070.15,Credit Card,2025-01-07,2026-04-14,Basic Plan
CUST06879,Quarterly,3279.14,Credit Card,2021-02-23,2026-02-10,Standard Plan
CUST06880,Quarterly,301.81,UPI,2024-03-30,,Premium Plan
CUST06881,Monthly,3494.75,Debit Card,2021-05-12,,Basic Plan
CUST06882,Annual,1128.41,Auto Pay,2021-07-08,2026-03-10,Basic Plan
CUST06883,Annual,2306.56,UPI,2023-07-30,,Basic Plan
CUST06884,Monthly,1672.08,Net Banking,2022-05-02,2026-02-07,Standard Plan
CUST06885,Monthly,3460.77,Auto Pay,2024-06-11,2026-06-02,Premium Plan
CUST06886,Quarterly,4001.24,Credit Card,2024-01-02,,Standard Plan
CUST06887,Monthly,3479.89,Debit Card,2024-03-10,2026-01-15,Basic Plan
CUST06888,Monthly,4731.25,Auto Pay,2021-07-07,,Basic Plan
CUST06889,Monthly,1854.52,Credit Card,2025-03-19,2026-08-23,Standard Plan
CUST06890,Annual,1364.54,Auto Pay,2023-08-11,,Basic Plan
CUST06891,Monthly,2845.53,Debit Card,2023-01-10,,Standard Plan
CUST06892,Quarterly,3369.55,UPI,2024-10-06,,Basic Plan
CUST06893,Monthly,3171.1,Debit Card,2022-07-31,,Standard Plan
CUST06894,Quarterly,2413.83,Net Banking,2021-01-27,2026-06-18,Basic Plan
CUST06895,Annual,1499.9,Debit Card,2024-08-23,,Standard Plan
CUST06896,Quarterly,2136.87,Credit Card,2022-08-01,,Basic Plan
CUST06897,Annual,602.39,Credit Card,2021-05-21,2026-07-27,Basic Plan
CUST06898,Monthly,2004.5,Debit Card,2024-05-12,2026-06-21,Standard Plan
CUST06899,Monthly,3120.23,Net Banking,2022-03-12,,Standard Plan
CUST06900,Monthly,2492.74,Debit Card,2022-10-28,,Basic Plan
CUST06901,Quarterly,3832.89,Credit Card,2023-10-22,2026-07-17,Basic Plan
CUST06902,Monthly,3716.19,Net Banking,2024-11-10,2026-01-31,Basic Plan
CUST06903,Annual,3918.5,Debit Card,2022-12-25,,Standard Plan
CUST06904,Annual,1750.43,Credit Card,2021-05-02,,Premium Plan
CUST06905,Monthly,3106.61,Net Banking,2021-11-03,,Premium Plan
CUST06906,Quarterly,630.19,UPI,2022-12-18,,Premium Plan
CUST06907,Quarterly,3318.01,Net Banking,2025-07-13,,Standard Plan
CUST06908,Monthly,325.34,Auto Pay,2023-02-09,,Standard Plan
CUST06909,Monthly,1388.33,Debit Card,2025-10-24,,Basic Plan
CUST06910,Quarterly,3821.72,UPI,2022-09-06,,Premium Plan
CUST06911,Annual,4882.29,Debit Card,2022-11-24,,Basic Plan
CUST06912,Annual,3419.17,Debit Card,2023-01-13,,Basic Plan
CUST06913,Monthly,1496.19,Credit Card,2021-01-28,2026-03-25,Basic Plan
CUST06914,Quarterly,3642.91,Net Banking,2023-07-26,,Standard Plan
CUST06915,Monthly,2820.78,Auto Pay,2025-03-25,,Premium Plan
CUST06916,Annual,2290.44,Auto Pay,2024-07-03,,Basic Plan
CUST06917,Monthly,785.09,Net Banking,2025-06-03,2026-02-27,Premium Plan
CUST06918,Monthly,1884.94,Net Banking,2023-03-18,,Basic Plan
CUST06919,Annual,1282.48,Credit Card,2021-01-13,,Standard Plan
CUST06920,Monthly,4750.85,Debit Card,2021-04-29,2026-05-25,Standard Plan
CUST06921,Monthly,1066.04,UPI,2024-08-09,,Basic Plan
CUST06922,Annual,1630.68,Debit Card,2025-07-22,,Basic Plan
CUST06923,Monthly,1908.27,Auto Pay,2023-06-20,,Standard Plan
CUST06924,Monthly,1840.39,Credit Card,2021-06-27,2026-01-25,Standard Plan
CUST06925,Annual,1509.91,Credit Card,2022-06-10,,Basic Plan
CUST06926,Quarterly,1920.56,Net Banking,2022-03-26,2026-05-16,Standard Plan
CUST06927,Monthly,2695.13,Credit Card,2024-02-26,,Standard Plan
CUST06928,Annual,3260.53,Auto Pay,2021-03-12,2026-02-17,Basic Plan
CUST06929,Monthly,2499.74,Debit Card,2023-09-22,,Basic Plan
CUST06930,Quarterly,3080.07,Auto Pay,2021-04-17,,Standard Plan
CUST06931,Monthly,4210.93,Credit Card,2024-09-13,2026-05-15,Standard Plan
CUST06932,Monthly,3697.99,Net Banking,2022-03-17,2026-07-27,Basic Plan
CUST06933,Quarterly,1895.36,Debit Card,2024-03-20,,Basic Plan
CUST06934,Monthly,3159.35,UPI,2025-06-16,,Premium Plan
CUST06935,Monthly,4267.57,Credit Card,2025-06-06,,Basic Plan
CUST06936,Annual,1629.27,UPI,2022-06-09,,Standard Plan
CUST06937,Quarterly,2172.16,Auto Pay,2022-11-20,,Basic Plan
CUST06938,Monthly,4513.55,Net Banking,2024-06-11,,Basic Plan
CUST06939,Annual,814.68,Debit Card,2023-12-05,,Standard Plan
CUST06940,Monthly,2941.66,UPI,2025-02-11,2026-01-06,Premium Plan
CUST06941,Annual,4430.06,Debit Card,2023-09-06,2026-08-28,Standard Plan
CUST06942,Monthly,4250.87,UPI,2022-05-23,,Basic Plan
CUST06943,Monthly,1219.16,UPI,2023-06-20,2026-06-09,Basic Plan
CUST06944,Monthly,3967.47,Net Banking,2021-08-04,,Basic Plan
CUST06945,Annual,4197.12,Auto Pay,2022-06-13,,Standard Plan
CUST06946,Monthly,3679.19,Auto Pay,2024-11-10,2026-04-25,Standard Plan
CUST06947,Quarterly,2042.34,Auto Pay,2025-02-13,,Premium Plan
CUST06948,Monthly,473.57,Debit Card,2021-10-05,2026-07-04,Standard Plan
CUST06949,Monthly,2237.51,Net Banking,2024-03-30,,Standard Plan
CUST06950,Annual,1494.2,Net Banking,2021-03-13,,Standard Plan
CUST06951,Annual,1263.96,UPI,2024-10-10,,Basic Plan
CUST06952,Annual,1773.88,Net Banking,2024-12-12,,Basic Plan
CUST06953,Annual,888.96,Credit Card,2025-11-27,,Premium Plan
CUST06954,Annual,4334.06,Debit Card,2024-11-11,2026-07-31,Basic Plan
CUST06955,Annual,3692.78,UPI,2021-02-04,,Basic Plan
CUST06956,Monthly,2241.94,Auto Pay,2023-11-18,,Standard Plan
CUST06957,Quarterly,864.19,Auto Pay,2024-12-19,,Basic Plan
CUST06958,Monthly,1220.83,UPI,2021-03-17,,Premium Plan
CUST06959,Annual,2613.42,Credit Card,2024-09-30,,Basic Plan
CUST06960,Quarterly,4617.23,Net Banking,2021-11-06,2026-03-16,Standard Plan
CUST06961,Annual,4916.17,Credit Card,2023-01-26,,Standard Plan
CUST06962,Annual,4847.27,UPI,2023-02-08,2026-05-16,Standard Plan
CUST06963,Monthly,4283.95,UPI,2022-04-02,,Basic Plan
CUST06964,Quarterly,492.1,Net Banking,2024-11-19,,Basic Plan
CUST06965,Monthly,4864.42,Auto Pay,2024-11-09,,Premium Plan
CUST06966,Annual,2665.19,UPI,2023-01-27,,Basic Plan
CUST06967,Monthly,419.42,UPI,2022-05-10,,Standard Plan
CUST06968,Quarterly,3769.05,Debit Card,2024-09-02,,Premium Plan
CUST06969,Monthly,3587.65,Auto Pay,2025-09-13,,Standard Plan
CUST06970,Monthly,3548.81,Credit Card,2024-04-09,,Standard Plan
CUST06971,Monthly,2138.8,UPI,2021-12-04,,Standard Plan
CUST06972,Monthly,2929.11,Net Banking,2024-08-12,,Basic Plan
CUST06973,Monthly,761.89,Credit Card,2021-08-14,,Basic Plan
CUST06974,Annual,4968.17,Net Banking,2023-07-31,,Premium Plan
CUST06975,Annual,3644.8,Credit Card,2025-08-25,,Standard Plan
CUST06976,Monthly,4016.48,UPI,2021-09-24,,Basic Plan
CUST06977,Quarterly,1795.14,Debit Card,2023-07-19,2026-03-09,Basic Plan
CUST06978,Monthly,718.91,Net Banking,2022-09-17,2026-08-08,Basic Plan
CUST06979,Annual,3552.67,Auto Pay,2022-02-03,,Basic Plan
CUST06980,Monthly,4517.99,Auto Pay,2021-11-22,2026-05-13,Premium Plan
CUST06981,Quarterly,2580.44,Debit Card,2025-06-27,,Premium Plan
CUST06982,Monthly,1116.05,Credit Card,2023-04-14,,Standard Plan
CUST06983,Monthly,3171.78,Credit Card,2022-05-03,2026-06-14,Premium Plan
CUST06984,Annual,3627.74,Debit Card,2023-04-23,,Standard Plan
CUST06985,Annual,3512.05,UPI,2023-11-21,,Standard Plan
CUST06986,Monthly,4374.53,Auto Pay,2022-07-17,2026-07-04,Premium Plan
CUST06987,Annual,940.97,Credit Card,2025-01-10,,Standard Plan
CUST06988,Monthly,1337.68,Debit Card,2025-11-11,,Basic Plan
CUST06989,Annual,3338.58,Net Banking,2022-06-06,,Standard Plan
CUST06990,Annual,1700.68,Auto Pay,2025-11-15,,Standard Plan
CUST06991,Monthly,3828.17,UPI,2024-01-06,,Basic Plan
CUST06992,Monthly,2072.36,Auto Pay,2022-01-16,,Basic Plan
CUST06993,Annual,2469.2,Debit Card,2022-04-10,,Standard Plan
CUST06994,Annual,2315.12,Debit Card,2021-05-18,,Standard Plan
CUST06995,Quarterly,1723.91,Credit Card,2022-12-30,2026-07-15,Basic Plan
CUST06996,Monthly,2861.58,UPI,2021-09-03,,Basic Plan
CUST06997,Monthly,4032.36,Credit Card,2025-05-28,,Premium Plan
CUST06998,Monthly,1872.91,UPI,2022-04-28,,Standard Plan
CUST06999,Monthly,4364.64,Debit Card,2025-04-04,,Standard Plan
CUST07000,Quarterly,1438.5,Auto Pay,2023-06-04,2026-07-15,Basic Plan
CUST07001,Annual,2570.97,Debit Card,2025-05-27,,Basic Plan
CUST07002,Quarterly,1566.2,Credit Card,2023-01-10,,Basic Plan
CUST07003,Monthly,3232.44,Net Banking,2025-02-26,,Standard Plan
CUST07004,Annual,3010.04,Auto Pay,2022-06-06,,Basic Plan
CUST07005,Annual,4527.55,Debit Card,2025-11-27,2026-04-25,Standard Plan
CUST07006,Monthly,767.65,Net Banking,2024-01-21,2026-06-29,Basic Plan
CUST07007,Monthly,365.41,Credit Card,2024-06-03,2026-04-25,Basic Plan
CUST07008,Quarterly,2924.68,Credit Card,2024-06-24,,Standard Plan
CUST07009,Annual,4858.83,Net Banking,2021-09-18,2026-08-02,Basic Plan
CUST07010,Quarterly,4920.32,Net Banking,2024-03-24,,Standard Plan
CUST07011,Monthly,2923.6,Net Banking,2025-11-24,,Standard Plan
CUST07012,Monthly,2792.5,Credit Card,2023-01-21,2026-06-12,Standard Plan
CUST07013,Monthly,2698.48,Debit Card,2024-12-24,,Standard Plan
CUST07014,Monthly,2468.53,Auto Pay,2023-10-21,,Standard Plan
CUST07015,Monthly,4604.51,Debit Card,2021-07-17,2026-04-14,Premium Plan
CUST07016,Monthly,2459.01,Debit Card,2023-07-31,,Standard Plan
CUST07017,Quarterly,3182.56,Auto Pay,2022-03-06,,Premium Plan
CUST07018,Quarterly,3702.79,Debit Card,2024-01-18,,Basic Plan
CUST07019,Monthly,2651.77,Net Banking,2023-12-20,,Standard Plan
CUST07020,Monthly,4890.04,Credit Card,2023-04-24,,Premium Plan
CUST07021,Annual,4486.66,Net Banking,2023-06-30,,Basic Plan
CUST07022,Monthly,1661.11,Auto Pay,2024-07-23,,Basic Plan
CUST07023,Monthly,3758.84,UPI,2021-01-23,2026-05-11,Premium Plan
CUST07024,Monthly,4666.53,UPI,2023-06-24,,Standard Plan
CUST07025,Monthly,2576.64,UPI,2024-02-17,,Basic Plan
CUST07026,Monthly,3292.37,Credit Card,2023-03-10,,Premium Plan
CUST07027,Annual,4808.56,Net Banking,2021-11-11,,Standard Plan
CUST07028,Annual,1379.07,Credit Card,2025-09-28,,Standard Plan
CUST07029,Monthly,2588.68,Credit Card,2025-03-12,,Basic Plan
CUST07030,Monthly,3124.72,Auto Pay,2023-12-25,,Standard Plan
CUST07031,Annual,4781.15,Net Banking,2024-04-05,2026-01-14,Standard Plan
CUST07032,Quarterly,2633.96,Debit Card,2024-07-13,2026-01-24,Basic Plan
CUST07033,Monthly,4681.84,Credit Card,2021-01-23,2026-08-01,Basic Plan
CUST07034,Quarterly,1941.91,UPI,2023-11-17,2026-05-31,Basic Plan
CUST07035,Monthly,367.06,UPI,2021-07-02,,Basic Plan
CUST07036,Monthly,1011.31,Credit Card,2021-07-13,2026-03-20,Basic Plan
CUST07037,Quarterly,4466.74,Auto Pay,2025-02-27,2026-07-10,Standard Plan
CUST07038,Monthly,2140.3,Auto Pay,2023-04-17,,Standard Plan
CUST07039,Monthly,2518.81,Auto Pay,2024-07-30,,Basic Plan
CUST07040,Annual,619.6,UPI,2022-03-05,,Standard Plan
CUST07041,Annual,2727.76,Debit Card,2024-08-27,,Standard Plan
CUST07042,Annual,4590.86,Auto Pay,2023-01-24,,Standard Plan
CUST07043,Monthly,3734.23,Auto Pay,2023-04-24,2026-08-22,Basic Plan
CUST07044,Monthly,753.73,Auto Pay,2022-07-27,2026-08-10,Standard Plan
CUST07045,Monthly,3290.11,Net Banking,2024-12-11,2026-04-10,Basic Plan
CUST07046,Monthly,804.38,UPI,2021-09-10,,Basic Plan
CUST07047,Monthly,2907.23,Auto Pay,2021-12-11,,Basic Plan
CUST07048,Monthly,2759.77,Net Banking,2022-01-27,2026-05-17,Standard Plan
CUST07049,Quarterly,2948.19,UPI,2025-08-06,,Basic Plan
CUST07050,Monthly,1311.68,Credit Card,2025-03-30,,Premium Plan
CUST07051,Quarterly,4890.06,UPI,2025-08-11,2026-04-07,Premium Plan
CUST07052,Monthly,3946.81,Auto Pay,2021-02-14,,Basic Plan
CUST07053,Quarterly,1747.63,Auto Pay,2024-02-01,,Standard Plan
CUST07054,Quarterly,1278.44,Debit Card,2025-11-27,,Basic Plan
CUST07055,Monthly,1466.9,Net Banking,2024-07-22,,Premium Plan
CUST07056,Monthly,3782.1,Debit Card,2023-03-14,,Standard Plan
CUST07057,Monthly,3544.57,Auto Pay,2023-12-10,,Basic Plan
CUST07058,Monthly,860.38,UPI,2024-03-06,2026-05-12,Basic Plan
CUST07059,Quarterly,4980.24,Net Banking,2023-03-19,2026-03-23,Standard Plan
CUST07060,Monthly,1573.42,UPI,2022-12-02,2026-06-04,Standard Plan
CUST07061,Monthly,728.78,Credit Card,2024-10-22,,Premium Plan
CUST07062,Quarterly,1453.04,Credit Card,2022-02-02,2026-01-20,Basic Plan
CUST07063,Monthly,4007.49,Net Banking,2024-05-25,,Basic Plan
CUST07064,Quarterly,811.41,Debit Card,2021-10-01,2026-06-20,Basic Plan
CUST07065,Monthly,792.59,Net Banking,2023-07-24,,Basic Plan
CUST07066,Monthly,916.6,Credit Card,2024-03-06,,Basic Plan
CUST07067,Quarterly,4591.24,Debit Card,2025-12-18,2026-01-15,Standard Plan
CUST07068,Annual,4573.4,Auto Pay,2024-08-05,,Standard Plan
CUST07069,Quarterly,2463.97,Credit Card,2025-05-03,,Basic Plan
CUST07070,Annual,868.65,Credit Card,2022-07-02,,Basic Plan
CUST07071,Quarterly,4721.43,Net Banking,2022-01-10,,Standard Plan
CUST07072,Monthly,2935.62,Debit Card,2021-09-08,,Basic Plan
CUST07073,Monthly,4013.4,Debit Card,2021-02-15,2026-06-27,Basic Plan
CUST07074,Monthly,3608.93,UPI,2021-02-09,,Standard Plan
CUST07075,Quarterly,3535.5,Auto Pay,2023-01-01,,Standard Plan
CUST07076,Annual,1921.62,Credit Card,2025-11-12,,Standard Plan
CUST07077,Monthly,901.31,Credit Card,2025-02-28,2026-08-18,Premium Plan
CUST07078,Monthly,3295.14,Credit Card,2024-01-19,2026-05-31,Basic Plan
CUST07079,Monthly,744.11,Auto Pay,2025-09-21,2026-04-06,Standard Plan
CUST07080,Quarterly,1973.06,Auto Pay,2021-04-02,2026-02-26,Standard Plan
CUST07081,Monthly,2996.64,Auto Pay,2021-12-26,2026-01-20,Standard Plan
CUST07082,Quarterly,4914.74,Auto Pay,2025-06-03,,Standard Plan
CUST07083,Annual,4959.22,Net Banking,2022-12-01,,Premium Plan
CUST07084,Monthly,3345.48,UPI,2021-08-15,,Basic Plan
CUST07085,Monthly,4411.13,Net Banking,2024-10-07,2026-08-29,Basic Plan
CUST07086,Monthly,3984.95,Credit Card,2021-06-22,2026-06-17,Basic Plan
CUST07087,Quarterly,3897.17,UPI,2025-07-23,,Basic Plan
CUST07088,Monthly,790.44,Credit Card,2024-01-11,,Premium Plan
CUST07089,Annual,4954.43,UPI,2022-08-26,,Basic Plan
CUST07090,Quarterly,4810.14,Net Banking,2023-02-02,,Basic Plan
CUST07091,Quarterly,1507.84,Debit Card,2024-10-22,,Standard Plan
CUST07092,Monthly,3107.13,UPI,2023-08-08,,Basic Plan
CUST07093,Annual,3524.1,Credit Card,2023-09-17,,Standard Plan
CUST07094,Monthly,2041.35,Debit Card,2023-12-16,,Basic Plan
CUST07095,Monthly,2080.11,Auto Pay,2022-05-16,2026-03-08,Basic Plan
CUST07096,Annual,4863.11,UPI,2021-12-03,,Basic Plan
CUST07097,Monthly,1591.43,Net Banking,2025-04-05,,Basic Plan
CUST07098,Annual,4422.3,Debit Card,2025-09-16,,Standard Plan
CUST07099,Monthly,3812.86,UPI,2024-09-16,,Basic Plan
CUST07100,Quarterly,2752.06,Debit Card,2024-01-26,,Premium Plan
CUST07101,Monthly,1912.74,Auto Pay,2024-10-18,,Basic Plan
CUST07102,Monthly,818.77,Auto Pay,2023-04-14,,Basic Plan
CUST07103,Annual,2210.63,Net Banking,2021-09-13,,Standard Plan
CUST07104,Monthly,1811.06,Auto Pay,2023-06-30,,Basic Plan
CUST07105,Annual,3972.85,Auto Pay,2025-06-03,,Standard Plan
CUST07106,Monthly,4595.37,Net Banking,2023-03-03,,Basic Plan
CUST07107,Quarterly,2896.47,Debit Card,2021-10-22,2026-05-26,Basic Plan
CUST07108,Quarterly,4756.82,Debit Card,2021-01-14,,Premium Plan
CUST07109,Monthly,1266.69,UPI,2025-08-01,,Standard Plan
CUST07110,Monthly,2468.77,UPI,2022-12-11,,Standard Plan
CUST07111,Annual,4074.53,UPI,2023-12-27,,Basic Plan
CUST07112,Monthly,4077.04,Net Banking,2025-01-17,,Basic Plan
CUST07113,Monthly,3919.75,Debit Card,2021-02-10,2026-03-26,Standard Plan
CUST07114,Monthly,1744.1,Auto Pay,2023-02-12,,Standard Plan
CUST07115,Monthly,3783.41,Net Banking,2021-01-04,2026-04-29,Premium Plan
CUST07116,Annual,471.43,Credit Card,2021-08-22,,Premium Plan
CUST07117,Monthly,475.9,UPI,2022-10-15,,Premium Plan
CUST07118,Quarterly,2597.42,Debit Card,2025-12-03,,Basic Plan
CUST07119,Monthly,4822.2,Net Banking,2025-04-20,,Basic Plan
CUST07120,Monthly,307.76,Auto Pay,2023-04-26,,Basic Plan
CUST07121,Monthly,2402.46,Debit Card,2025-07-27,,Premium Plan
CUST07122,Monthly,312.24,Debit Card,2024-08-05,2026-02-13,Basic Plan
CUST07123,Monthly,3284.73,Net Banking,2022-05-04,,Basic Plan
CUST07124,Annual,2347.1,Auto Pay,2025-10-24,,Basic Plan
CUST07125,Quarterly,1164.59,Credit Card,2025-02-01,,Basic Plan
CUST07126,Quarterly,1616.58,Auto Pay,2022-05-13,,Standard Plan
CUST07127,Quarterly,2416.48,Net Banking,2022-05-14,,Standard Plan
CUST07128,Monthly,4271.59,Credit Card,2023-07-22,,Basic Plan
CUST07129,Monthly,4127.49,Auto Pay,2023-04-25,2026-06-09,Premium Plan
CUST07130,Quarterly,4798.29,Auto Pay,2024-10-15,2026-03-18,Basic Plan
CUST07131,Monthly,798.12,Net Banking,2022-02-23,,Standard Plan
CUST07132,Monthly,1973.06,UPI,2022-03-18,2026-08-23,Premium Plan
CUST07133,Quarterly,3375.25,Net Banking,2024-12-30,,Basic Plan
CUST07134,Monthly,3502.29,UPI,2022-01-11,,Premium Plan
CUST07135,Monthly,3460.24,UPI,2023-04-17,,Standard Plan
CUST07136,Quarterly,2685.91,Auto Pay,2025-03-15,,Standard Plan
CUST07137,Annual,357.2,UPI,2021-12-25,,Standard Plan
CUST07138,Quarterly,4785.74,Net Banking,2022-04-11,,Premium Plan
CUST07139,Monthly,1555.41,Debit Card,2021-06-28,,Standard Plan
CUST07140,Monthly,1241.5,Auto Pay,2023-07-11,,Basic Plan
CUST07141,Monthly,3840.08,Credit Card,2022-03-06,,Standard Plan
CUST07142,Monthly,1187.99,Debit Card,2025-03-21,,Premium Plan
CUST07143,Quarterly,4277.08,Credit Card,2024-02-15,,Basic Plan
CUST07144,Monthly,583.89,Debit Card,2025-09-04,,Basic Plan
CUST07145,Monthly,1105.89,Auto Pay,2024-04-22,,Basic Plan
CUST07146,Monthly,2480.84,Debit Card,2022-11-25,2026-02-04,Standard Plan
CUST07147,Monthly,1740.45,Credit Card,2021-10-20,,Premium Plan
CUST07148,Monthly,1832.61,Debit Card,2022-09-09,,Standard Plan
CUST07149,Quarterly,3921.99,Net Banking,2022-05-22,2026-01-30,Standard Plan
CUST07150,Monthly,3550.87,Net Banking,2025-01-14,,Standard Plan
CUST07151,Annual,1590.83,Auto Pay,2021-10-29,2026-03-16,Standard Plan
CUST07152,Monthly,4371.11,Auto Pay,2025-11-02,2026-04-06,Premium Plan
CUST07153,Monthly,4022.82,Credit Card,2024-01-22,,Standard Plan
CUST07154,Monthly,1437.89,UPI,2022-02-27,2026-07-02,Basic Plan
CUST07155,Quarterly,938.49,Net Banking,2021-01-08,2026-05-06,Basic Plan
CUST07156,Monthly,2049.25,Credit Card,2021-05-09,,Basic Plan
CUST07157,Monthly,3101.48,Debit Card,2024-07-09,,Standard Plan
CUST07158,Monthly,3324.72,Credit Card,2022-03-22,,Standard Plan
CUST07159,Monthly,4278.21,Net Banking,2022-01-20,2026-04-09,Basic Plan
CUST07160,Quarterly,2241.39,UPI,2021-12-25,,Basic Plan
CUST07161,Quarterly,2784.94,Auto Pay,2024-12-12,,Basic Plan
CUST07162,Annual,1261.39,Net Banking,2023-12-14,,Standard Plan
CUST07163,Quarterly,2217.98,Net Banking,2024-09-20,,Basic Plan
CUST07164,Monthly,3404.17,UPI,2022-08-23,2026-06-09,Basic Plan
CUST07165,Monthly,4397.17,UPI,2022-07-19,,Premium Plan
CUST07166,Annual,1309.17,Credit Card,2022-08-13,,Basic Plan
CUST07167,Quarterly,1147.22,Credit Card,2022-01-07,,Standard Plan
CUST07168,Monthly,3890.55,Net Banking,2025-07-05,2026-02-27,Basic Plan
CUST07169,Monthly,3134.14,Credit Card,2023-10-01,2026-01-09,Basic Plan
CUST07170,Monthly,4329.05,Auto Pay,2021-11-30,2026-08-15,Standard Plan
CUST07171,Quarterly,2800.58,Auto Pay,2023-12-13,,Standard Plan
CUST07172,Monthly,2508.03,Debit Card,2022-08-26,,Premium Plan
CUST07173,Annual,716.52,Debit Card,2021-07-22,,Basic Plan
CUST07174,Monthly,4278.53,Credit Card,2025-10-20,,Basic Plan
CUST07175,Monthly,4032.75,Net Banking,2021-12-27,2026-03-19,Basic Plan
CUST07176,Monthly,4483.83,Net Banking,2021-09-19,,Basic Plan
CUST07177,Monthly,2785.46,Credit Card,2021-05-26,2026-07-22,Standard Plan
CUST07178,Monthly,900.32,Auto Pay,2025-01-28,,Basic Plan
CUST07179,Monthly,2570.84,Debit Card,2022-08-04,,Premium Plan
CUST07180,Annual,2979.21,Debit Card,2022-03-05,2026-06-02,Standard Plan
CUST07181,Quarterly,3234.88,Credit Card,2022-11-29,,Standard Plan
CUST07182,Quarterly,3362.97,Net Banking,2025-01-04,2026-08-20,Basic Plan
CUST07183,Monthly,3933.16,Debit Card,2022-09-29,,Standard Plan
CUST07184,Monthly,4355.8,Debit Card,2024-08-17,2026-07-04,Basic Plan
CUST07185,Quarterly,1479.26,UPI,2023-02-09,2026-04-18,Basic Plan
CUST07186,Annual,1965.38,Debit Card,2023-04-02,,Standard Plan
CUST07187,Quarterly,2319.62,Debit Card,2023-06-10,,Standard Plan
CUST07188,Quarterly,3769.32,Net Banking,2024-06-06,,Standard Plan
CUST07189,Annual,468.11,Net Banking,2025-10-31,,Premium Plan
CUST07190,Monthly,2157.19,Credit Card,2023-12-30,,Basic Plan
CUST07191,Monthly,338.24,Debit Card,2023-09-29,2026-06-25,Standard Plan
CUST07192,Quarterly,1426.71,Credit Card,2025-06-08,,Basic Plan
CUST07193,Monthly,1376.8,Debit Card,2023-11-03,2026-06-17,Basic Plan
CUST07194,Annual,566.38,Debit Card,2023-09-30,,Standard Plan
CUST07195,Quarterly,1288.91,Debit Card,2023-06-28,,Standard Plan
CUST07196,Annual,4621.93,Credit Card,2025-04-21,,Basic Plan
CUST07197,Annual,4478.32,Credit Card,2022-10-11,,Standard Plan
CUST07198,Annual,3437.09,Debit Card,2025-03-03,,Standard Plan
CUST07199,Monthly,3264.38,Debit Card,2023-01-26,,Basic Plan
CUST07200,Annual,2983.26,UPI,2023-07-05,,Standard Plan
CUST07201,Monthly,3191.58,Debit Card,2022-01-26,,Premium Plan
CUST07202,Monthly,3830.69,UPI,2023-01-07,2026-06-03,Basic Plan
CUST07203,Monthly,2769.83,Net Banking,2024-10-14,,Standard Plan
CUST07204,Quarterly,1283.48,Debit Card,2023-03-29,,Premium Plan
CUST07205,Annual,1149.57,UPI,2023-07-23,,Standard Plan
CUST07206,Monthly,1433.68,UPI,2021-07-29,,Standard Plan
CUST07207,Annual,3157.71,Net Banking,2021-09-16,,Basic Plan
CUST07208,Monthly,635.79,Net Banking,2021-06-26,,Standard Plan
CUST07209,Monthly,369.8,Debit Card,2021-03-28,,Standard Plan
CUST07210,Quarterly,4675.53,Auto Pay,2025-04-21,,Standard Plan
CUST07211,Monthly,3052.55,Credit Card,2022-12-20,,Basic Plan
CUST07212,Monthly,651.6,Credit Card,2025-07-14,2026-08-07,Standard Plan
CUST07213,Monthly,3922.32,Auto Pay,2021-10-01,2026-03-20,Premium Plan
CUST07214,Monthly,1856.85,Debit Card,2023-06-28,2026-03-13,Basic Plan
CUST07215,Monthly,3644.56,Auto Pay,2023-01-25,,Standard Plan
CUST07216,Quarterly,1565.47,Auto Pay,2022-11-15,,Basic Plan
CUST07217,Monthly,4372.86,UPI,2021-01-07,,Basic Plan
CUST07218,Monthly,2140.56,Net Banking,2022-07-08,,Basic Plan
CUST07219,Monthly,2668.65,Net Banking,2023-04-21,,Basic Plan
CUST07220,Annual,2998.33,Credit Card,2022-06-30,,Standard Plan
CUST07221,Monthly,4146.59,UPI,2024-09-29,2026-07-26,Standard Plan
CUST07222,Quarterly,1622.28,Auto Pay,2024-05-08,,Premium Plan
CUST07223,Monthly,3204.3,Auto Pay,2022-01-11,,Standard Plan
CUST07224,Quarterly,1225.57,Credit Card,2025-07-28,,Premium Plan
CUST07225,Quarterly,3448.26,UPI,2025-03-01,,Standard Plan
CUST07226,Monthly,1798.63,Net Banking,2021-08-02,2026-06-11,Standard Plan
CUST07227,Quarterly,1252.21,Debit Card,2025-09-15,,Basic Plan
CUST07228,Quarterly,1491.9,Auto Pay,2025-02-06,,Standard Plan
CUST07229,Monthly,502.39,Net Banking,2021-08-11,2026-07-05,Premium Plan
CUST07230,Annual,2347.97,Debit Card,2024-08-17,,Basic Plan
CUST07231,Quarterly,3249.45,Net Banking,2022-05-15,2026-05-09,Basic Plan
CUST07232,Monthly,1403.34,UPI,2024-09-13,2026-05-26,Basic Plan
CUST07233,Monthly,3972.99,Credit Card,2024-01-20,,Premium Plan
CUST07234,Monthly,4121.68,Auto Pay,2024-12-14,2026-08-15,Standard Plan
CUST07235,Monthly,2851.47,Debit Card,2025-08-30,2026-02-03,Basic Plan
CUST07236,Monthly,3276.05,Auto Pay,2021-08-04,2026-04-17,Basic Plan
CUST07237,Monthly,499.71,Debit Card,2024-09-01,,Basic Plan
CUST07238,Monthly,3039.36,Net Banking,2021-03-25,,Basic Plan
CUST07239,Quarterly,3906.86,Auto Pay,2022-08-08,,Basic Plan
CUST07240,Monthly,321.32,Debit Card,2025-07-06,2026-08-13,Basic Plan
CUST07241,Monthly,1178.33,UPI,2023-03-11,,Basic Plan
CUST07242,Monthly,4275.54,Credit Card,2023-06-16,,Basic Plan
CUST07243,Monthly,1051.23,Debit Card,2021-10-29,2026-05-26,Standard Plan
CUST07244,Monthly,2787.43,Debit Card,2022-10-31,,Premium Plan
CUST07245,Annual,2623.55,Debit Card,2022-09-07,,Standard Plan
CUST07246,Monthly,4508.53,Auto Pay,2024-12-09,2026-05-27,Standard Plan
CUST07247,Monthly,4799.26,Auto Pay,2021-02-20,,Standard Plan
CUST07248,Monthly,3494.71,Credit Card,2023-01-23,2026-05-02,Standard Plan
CUST07249,Quarterly,2227.59,Auto Pay,2024-06-07,,Standard Plan
CUST07250,Quarterly,3926.12,UPI,2025-12-25,,Basic Plan
CUST07251,Annual,3055.85,Auto Pay,2022-10-23,,Standard Plan
CUST07252,Annual,4013.14,UPI,2022-07-22,2026-06-26,Standard Plan
CUST07253,Annual,4033.4,Debit Card,2024-10-12,,Basic Plan
CUST07254,Annual,1096.36,Net Banking,2023-12-08,,Premium Plan
CUST07255,Monthly,4505.35,Net Banking,2025-12-04,2026-01-11,Basic Plan
CUST07256,Quarterly,583.83,Net Banking,2025-11-03,,Standard Plan
CUST07257,Monthly,1864.4,Debit Card,2025-09-09,,Basic Plan
CUST07258,Annual,3898.34,UPI,2021-09-27,,Premium Plan
CUST07259,Monthly,3266.13,Net Banking,2023-01-20,,Premium Plan
CUST07260,Quarterly,508.2,Credit Card,2022-05-18,,Premium Plan
CUST07261,Monthly,2655.38,Credit Card,2024-02-22,,Premium Plan
CUST07262,Quarterly,3716.64,Net Banking,2021-01-28,,Basic Plan
CUST07263,Monthly,2541.57,Net Banking,2025-07-04,2026-06-18,Premium Plan
CUST07264,Monthly,3150.68,Net Banking,2022-01-09,,Standard Plan
CUST07265,Annual,4408.38,UPI,2023-07-06,,Standard Plan
CUST07266,Annual,1381.96,Auto Pay,2024-11-09,,Basic Plan
CUST07267,Monthly,3762.34,Net Banking,2022-01-13,2026-02-08,Basic Plan
CUST07268,Monthly,3174.06,UPI,2023-04-29,2026-08-02,Premium Plan
CUST07269,Monthly,4807.7,Credit Card,2022-06-18,2026-04-06,Premium Plan
CUST07270,Annual,4897.08,Debit Card,2024-07-22,,Premium Plan
CUST07271,Monthly,1098.02,Auto Pay,2023-01-17,,Standard Plan
CUST07272,Annual,2663.25,UPI,2021-05-23,,Standard Plan
CUST07273,Quarterly,3513.68,Auto Pay,2023-08-16,,Standard Plan
CUST07274,Quarterly,2884.76,Auto Pay,2022-02-06,2026-03-02,Basic Plan
CUST07275,Monthly,3493.07,Credit Card,2025-07-02,2026-04-01,Premium Plan
CUST07276,Quarterly,3403.55,Net Banking,2023-04-27,,Standard Plan
CUST07277,Monthly,2669.74,Net Banking,2025-02-06,2026-05-31,Basic Plan
CUST07278,Monthly,3767.6,Net Banking,2022-11-27,2026-02-13,Standard Plan
CUST07279,Annual,3868.92,Debit Card,2021-06-15,,Standard Plan
CUST07280,Annual,1176.52,UPI,2025-05-19,,Standard Plan
CUST07281,Quarterly,1392.51,Credit Card,2025-09-10,,Premium Plan
CUST07282,Annual,2467.14,Debit Card,2021-06-08,,Premium Plan
CUST07283,Annual,3647.84,Debit Card,2025-04-28,,Basic Plan
CUST07284,Quarterly,3154.15,Credit Card,2025-12-07,,Standard Plan
CUST07285,Annual,1427.06,Credit Card,2025-04-07,,Standard Plan
CUST07286,Monthly,4667.17,Debit Card,2025-01-06,,Standard Plan
CUST07287,Quarterly,2409.49,Net Banking,2025-07-25,,Standard Plan
CUST07288,Quarterly,3668.35,Credit Card,2022-01-28,,Standard Plan
CUST07289,Quarterly,926.47,Credit Card,2024-03-21,,Basic Plan
CUST07290,Monthly,4067.71,Debit Card,2023-02-17,,Basic Plan
CUST07291,Annual,2836.1,Auto Pay,2022-07-10,,Premium Plan
CUST07292,Monthly,1568.08,Credit Card,2021-06-05,,Basic Plan
CUST07293,Quarterly,4318.23,Debit Card,2025-07-02,,Premium Plan
CUST07294,Annual,482.53,Auto Pay,2025-10-30,,Standard Plan
CUST07295,Quarterly,1632.59,Credit Card,2023-03-31,,Basic Plan
CUST07296,Quarterly,4184.25,Credit Card,2025-07-17,2026-01-27,Basic Plan
CUST07297,Monthly,4926.32,Auto Pay,2022-10-29,,Standard Plan
CUST07298,Quarterly,2797.48,Net Banking,2025-01-30,,Basic Plan
CUST07299,Annual,706.19,Auto Pay,2021-02-25,,Basic Plan
CUST07300,Annual,4392.67,Debit Card,2024-02-16,,Premium Plan
CUST07301,Monthly,1410.03,Auto Pay,2023-02-21,2026-01-31,Basic Plan
CUST07302,Quarterly,3659.93,Net Banking,2021-01-20,,Standard Plan
CUST07303,Monthly,421.15,Auto Pay,2024-07-27,,Basic Plan
CUST07304,Quarterly,2414.53,Net Banking,2021-10-01,2026-07-05,Standard Plan
CUST07305,Annual,1359.35,Net Banking,2021-02-21,,Basic Plan
CUST07306,Annual,2977.85,Auto Pay,2025-03-26,2026-02-27,Basic Plan
CUST07307,Annual,1129.08,Auto Pay,2023-03-04,,Basic Plan
CUST07308,Quarterly,3824.43,Debit Card,2021-12-14,,Standard Plan
CUST07309,Annual,4670.53,Net Banking,2022-07-05,,Standard Plan
CUST07310,Monthly,2942.41,Auto Pay,2024-05-10,,Premium Plan
CUST07311,Monthly,2589.23,Net Banking,2021-12-16,,Premium Plan
CUST07312,Monthly,2504.48,Debit Card,2024-09-09,,Standard Plan
CUST07313,Monthly,3710.2,Credit Card,2022-06-10,2026-03-07,Premium Plan
CUST07314,Monthly,3119.85,Credit Card,2023-12-16,2026-03-04,Standard Plan
CUST07315,Quarterly,3785.61,Credit Card,2022-11-02,,Basic Plan
CUST07316,Monthly,1813.8,Debit Card,2021-10-05,2026-05-22,Basic Plan
CUST07317,Monthly,2281.0,Auto Pay,2023-06-05,,Premium Plan
CUST07318,Monthly,3199.05,Auto Pay,2024-11-24,,Basic Plan
CUST07319,Monthly,4397.35,Net Banking,2025-10-12,,Basic Plan
CUST07320,Monthly,361.67,Auto Pay,2023-07-02,2026-06-07,Premium Plan
CUST07321,Monthly,3416.57,Credit Card,2021-02-01,,Basic Plan
CUST07322,Monthly,2896.08,UPI,2023-03-29,,Premium Plan
CUST07323,Quarterly,2891.05,Net Banking,2025-05-30,,Basic Plan
CUST07324,Annual,1985.81,Debit Card,2024-12-21,,Basic Plan
CUST07325,Monthly,3170.65,Debit Card,2023-07-12,,Basic Plan
CUST07326,Monthly,1331.97,Credit Card,2025-09-13,2026-06-29,Standard Plan
CUST07327,Annual,1514.23,Net Banking,2025-03-16,,Standard Plan
CUST07328,Annual,4272.13,Debit Card,2025-04-07,,Standard Plan
CUST07329,Annual,2825.96,Auto Pay,2021-05-31,,Basic Plan
CUST07330,Monthly,1018.45,Net Banking,2023-06-27,,Standard Plan
CUST07331,Monthly,4269.69,UPI,2023-03-07,2026-08-04,Premium Plan
CUST07332,Monthly,2019.6,Auto Pay,2025-03-19,2026-03-31,Basic Plan
CUST07333,Annual,3483.13,Net Banking,2023-04-29,,Standard Plan
CUST07334,Monthly,3431.95,Credit Card,2022-03-07,,Basic Plan
CUST07335,Quarterly,3250.89,Net Banking,2022-10-22,,Standard Plan
CUST07336,Quarterly,1941.98,Debit Card,2022-09-12,,Standard Plan
CUST07337,Annual,3979.93,Auto Pay,2024-03-05,2026-08-10,Premium Plan
CUST07338,Annual,3007.49,Credit Card,2023-09-11,,Premium Plan
CUST07339,Annual,3968.44,UPI,2023-11-08,2026-01-25,Basic Plan
CUST07340,Annual,2607.51,Debit Card,2022-05-31,,Standard Plan
CUST07341,Monthly,4681.73,Auto Pay,2023-01-19,,Premium Plan
CUST07342,Quarterly,2106.06,Net Banking,2025-11-24,2026-05-14,Standard Plan
CUST07343,Monthly,4859.66,UPI,2024-12-05,,Standard Plan
CUST07344,Monthly,539.65,Credit Card,2024-08-27,2026-08-19,Standard Plan
CUST07345,Monthly,795.98,Credit Card,2023-03-18,,Premium Plan
CUST07346,Monthly,3774.72,Debit Card,2023-01-06,2026-08-29,Standard Plan
CUST07347,Quarterly,958.79,Credit Card,2024-10-15,,Premium Plan
CUST07348,Monthly,4009.69,UPI,2024-02-14,,Standard Plan
CUST07349,Quarterly,2809.03,Credit Card,2021-03-22,2026-05-28,Premium Plan
CUST07350,Quarterly,1649.99,Credit Card,2022-07-07,,Basic Plan
CUST07351,Monthly,1377.11,Net Banking,2024-03-24,,Basic Plan
CUST07352,Quarterly,1273.42,Debit Card,2021-11-19,,Basic Plan
CUST07353,Monthly,1436.45,Credit Card,2023-05-13,2026-08-14,Standard Plan
CUST07354,Monthly,3853.04,Auto Pay,2022-06-02,,Basic Plan
CUST07355,Monthly,4220.3,Auto Pay,2022-11-01,2026-08-18,Standard Plan
CUST07356,Monthly,2311.1,UPI,2021-12-30,,Standard Plan
CUST07357,Annual,516.45,Debit Card,2022-03-06,,Standard Plan
CUST07358,Annual,724.68,UPI,2023-10-18,,Standard Plan
CUST07359,Monthly,1681.94,UPI,2021-12-14,,Basic Plan
CUST07360,Monthly,4876.11,Debit Card,2024-01-27,,Standard Plan
CUST07361,Monthly,420.42,UPI,2024-07-15,,Premium Plan
CUST07362,Quarterly,2649.1,UPI,2025-08-30,,Standard Plan
CUST07363,Quarterly,3560.47,Credit Card,2021-04-17,,Standard Plan
CUST07364,Monthly,515.37,Auto Pay,2021-01-23,,Standard Plan
CUST07365,Monthly,688.65,Net Banking,2023-07-04,,Basic Plan
CUST07366,Monthly,4352.1,UPI,2024-05-31,2026-04-15,Standard Plan
CUST07367,Monthly,1911.21,UPI,2023-07-25,,Standard Plan
CUST07368,Monthly,4669.29,Credit Card,2025-08-26,,Standard Plan
CUST07369,Annual,1671.48,Auto Pay,2021-06-06,,Basic Plan
CUST07370,Quarterly,2336.75,Net Banking,2021-02-01,,Standard Plan
CUST07371,Monthly,722.89,Credit Card,2025-05-24,,Standard Plan
CUST07372,Annual,1188.54,UPI,2022-12-08,,Premium Plan
CUST07373,Monthly,358.63,Auto Pay,2024-10-24,,Basic Plan
CUST07374,Annual,4937.17,UPI,2021-06-10,,Standard Plan
CUST07375,Monthly,490.74,Credit Card,2025-01-28,,Basic Plan
CUST07376,Annual,3852.1,Debit Card,2021-09-15,2026-06-30,Basic Plan
CUST07377,Monthly,634.45,Credit Card,2021-06-08,,Premium Plan
CUST07378,Annual,1869.42,UPI,2025-07-31,,Basic Plan
CUST07379,Quarterly,1739.31,UPI,2023-01-26,,Basic Plan
CUST07380,Monthly,2320.65,UPI,2025-01-07,2026-04-21,Premium Plan
CUST07381,Monthly,4861.92,Credit Card,2023-06-04,,Basic Plan
CUST07382,Monthly,3443.25,Net Banking,2024-01-02,,Standard Plan
CUST07383,Annual,4396.25,Net Banking,2024-08-30,,Basic Plan
CUST07384,Annual,3183.16,Debit Card,2024-07-30,,Basic Plan
CUST07385,Monthly,4928.8,Net Banking,2021-05-24,,Standard Plan
CUST07386,Quarterly,4860.28,UPI,2022-01-26,,Premium Plan
CUST07387,Annual,4664.17,Net Banking,2021-08-22,,Standard Plan
CUST07388,Monthly,1728.46,Debit Card,2023-03-18,,Basic Plan
CUST07389,Annual,2817.15,Auto Pay,2025-10-18,,Basic Plan
CUST07390,Monthly,3869.6,UPI,2023-02-22,,Premium Plan
CUST07391,Quarterly,2367.05,Debit Card,2022-10-11,,Premium Plan
CUST07392,Quarterly,3511.99,Debit Card,2024-02-15,,Standard Plan
CUST07393,Monthly,1047.18,Auto Pay,2021-07-27,2026-02-06,Standard Plan
CUST07394,Monthly,3261.66,Credit Card,2024-08-23,,Standard Plan
CUST07395,Monthly,1992.13,Net Banking,2024-10-20,2026-07-11,Basic Plan
CUST07396,Monthly,4693.47,Auto Pay,2023-08-28,,Basic Plan
CUST07397,Annual,2907.16,Net Banking,2022-10-24,,Premium Plan
CUST07398,Annual,3682.64,Net Banking,2021-03-08,,Premium Plan
CUST07399,Quarterly,4486.22,Net Banking,2021-02-21,,Standard Plan
CUST07400,Monthly,2816.25,Net Banking,2022-04-22,,Premium Plan
CUST07401,Monthly,3499.85,Auto Pay,2025-03-23,,Basic Plan
CUST07402,Monthly,1241.35,Auto Pay,2025-11-09,,Basic Plan
CUST07403,Annual,2505.71,Credit Card,2024-12-19,,Basic Plan
CUST07404,Annual,2220.19,Credit Card,2023-10-07,,Premium Plan
CUST07405,Monthly,1991.55,Credit Card,2022-09-14,,Basic Plan
CUST07406,Quarterly,811.81,UPI,2022-09-13,2026-03-30,Basic Plan
CUST07407,Monthly,4723.43,UPI,2021-05-03,,Premium Plan
CUST07408,Annual,4595.23,Auto Pay,2024-01-22,,Premium Plan
CUST07409,Monthly,1855.78,UPI,2022-11-13,2026-07-06,Basic Plan
CUST07410,Monthly,2199.75,UPI,2021-11-17,2026-05-31,Standard Plan
CUST07411,Monthly,4765.42,Debit Card,2024-02-07,2026-08-23,Premium Plan
CUST07412,Monthly,1516.08,Debit Card,2025-12-22,,Basic Plan
CUST07413,Quarterly,2249.64,Auto Pay,2024-06-22,,Standard Plan
CUST07414,Monthly,533.17,Auto Pay,2022-01-31,,Basic Plan
CUST07415,Monthly,3784.7,UPI,2025-11-04,,Standard Plan
CUST07416,Quarterly,2227.37,Credit Card,2022-08-29,,Basic Plan
CUST07417,Annual,4581.56,Debit Card,2023-11-04,2026-05-25,Basic Plan
CUST07418,Annual,4571.49,UPI,2022-03-25,2026-05-30,Standard Plan
CUST07419,Monthly,692.12,Credit Card,2021-07-25,,Basic Plan
CUST07420,Monthly,2917.34,Debit Card,2022-04-24,,Standard Plan
CUST07421,Annual,3750.25,Net Banking,2021-06-28,,Basic Plan
CUST07422,Quarterly,1754.58,Auto Pay,2025-05-24,,Basic Plan
CUST07423,Monthly,4686.54,Debit Card,2024-11-14,,Basic Plan
CUST07424,Monthly,2776.95,UPI,2025-09-01,,Premium Plan
CUST07425,Annual,2348.14,Net Banking,2022-06-26,2026-03-03,Basic Plan
CUST07426,Quarterly,3039.64,Auto Pay,2023-02-01,,Standard Plan
CUST07427,Annual,4162.95,Credit Card,2022-04-25,2026-02-14,Basic Plan
CUST07428,Monthly,1839.86,Auto Pay,2025-11-28,,Premium Plan
CUST07429,Monthly,1473.89,Credit Card,2023-09-04,2026-07-05,Basic Plan
CUST07430,Annual,3803.25,Net Banking,2022-09-07,,Premium Plan
CUST07431,Monthly,2669.87,Net Banking,2021-09-14,,Standard Plan
CUST07432,Annual,4701.73,Credit Card,2021-06-14,,Standard Plan
CUST07433,Annual,3551.43,Credit Card,2021-08-24,,Basic Plan
CUST07434,Monthly,2691.04,Net Banking,2022-05-22,,Standard Plan
CUST07435,Quarterly,3912.24,UPI,2021-04-07,,Basic Plan
CUST07436,Quarterly,2010.78,Debit Card,2021-06-22,,Standard Plan
CUST07437,Monthly,1729.77,Net Banking,2024-05-15,,Basic Plan
CUST07438,Monthly,1512.53,Net Banking,2022-09-10,,Basic Plan
CUST07439,Monthly,3769.34,Debit Card,2021-01-08,,Standard Plan
CUST07440,Monthly,2672.7,Net Banking,2025-10-22,,Standard Plan
CUST07441,Monthly,1639.24,Credit Card,2022-08-15,,Basic Plan
CUST07442,Annual,3316.26,UPI,2022-08-31,,Basic Plan
CUST07443,Annual,4396.9,Auto Pay,2023-12-30,,Basic Plan
CUST07444,Annual,389.35,Debit Card,2025-11-16,,Basic Plan
CUST07445,Quarterly,921.79,UPI,2022-04-14,,Standard Plan
CUST07446,Monthly,569.69,Debit Card,2025-04-12,,Standard Plan
CUST07447,Monthly,751.34,Net Banking,2024-08-04,2026-08-27,Standard Plan
CUST07448,Quarterly,4498.03,Debit Card,2025-01-09,,Basic Plan
CUST07449,Annual,956.71,Net Banking,2021-11-26,,Premium Plan
CUST07450,Annual,2936.42,Net Banking,2022-02-12,,Basic Plan
CUST07451,Monthly,4436.72,Auto Pay,2023-07-04,,Premium Plan
CUST07452,Annual,2934.1,Debit Card,2021-07-30,,Standard Plan
CUST07453,Quarterly,4370.41,Auto Pay,2025-08-04,,Basic Plan
CUST07454,Monthly,4441.57,UPI,2024-04-28,,Premium Plan
CUST07455,Monthly,1117.13,Credit Card,2025-05-12,2026-06-16,Basic Plan
CUST07456,Monthly,4791.47,Auto Pay,2022-07-10,,Basic Plan
CUST07457,Quarterly,2819.15,Credit Card,2022-03-06,,Basic Plan
CUST07458,Monthly,1532.37,Auto Pay,2025-03-12,2026-02-11,Basic Plan
CUST07459,Monthly,3988.2,Auto Pay,2024-10-12,2026-05-30,Basic Plan
CUST07460,Annual,637.05,Net Banking,2022-04-16,,Premium Plan
CUST07461,Monthly,1719.45,Debit Card,2022-06-11,2026-05-21,Standard Plan
CUST07462,Monthly,3883.06,Debit Card,2021-10-23,2026-05-18,Basic Plan
CUST07463,Annual,4953.02,Net Banking,2021-11-14,,Standard Plan
CUST07464,Monthly,1985.3,UPI,2023-10-10,,Standard Plan
CUST07465,Monthly,4533.48,Credit Card,2021-12-02,,Premium Plan
CUST07466,Annual,1089.57,Net Banking,2023-05-29,,Standard Plan
CUST07467,Monthly,2618.51,Auto Pay,2022-06-12,2026-03-19,Standard Plan
CUST07468,Quarterly,4910.89,UPI,2025-07-15,,Basic Plan
CUST07469,Annual,3475.03,Auto Pay,2025-04-22,2026-01-06,Premium Plan
CUST07470,Annual,4834.76,Auto Pay,2025-09-10,,Standard Plan
CUST07471,Annual,3956.21,Credit Card,2021-07-08,,Premium Plan
CUST07472,Monthly,675.6,Debit Card,2025-05-14,,Basic Plan
CUST07473,Quarterly,1766.22,UPI,2022-12-26,,Basic Plan
CUST07474,Monthly,1237.57,UPI,2024-12-01,,Premium Plan
CUST07475,Monthly,874.03,Auto Pay,2021-08-19,,Standard Plan
CUST07476,Quarterly,4881.91,Auto Pay,2022-01-28,,Standard Plan
CUST07477,Quarterly,2291.0,Net Banking,2025-05-13,,Standard Plan
CUST07478,Monthly,1522.53,Credit Card,2024-02-05,,Premium Plan
CUST07479,Annual,454.58,UPI,2024-10-08,,Standard Plan
CUST07480,Monthly,3720.46,UPI,2024-10-28,,Standard Plan
CUST07481,Quarterly,1340.13,Net Banking,2025-01-20,2026-01-17,Standard Plan
CUST07482,Quarterly,1848.56,Credit Card,2025-07-05,,Basic Plan
CUST07483,Monthly,935.14,Credit Card,2021-02-22,2026-04-22,Basic Plan
CUST07484,Annual,2203.68,Net Banking,2021-01-03,,Basic Plan
CUST07485,Annual,663.19,Auto Pay,2025-08-27,,Premium Plan
CUST07486,Annual,2087.27,UPI,2021-10-30,,Standard Plan
CUST07487,Quarterly,4636.08,Debit Card,2022-11-05,,Premium Plan
CUST07488,Annual,882.4,Debit Card,2023-11-21,,Basic Plan
CUST07489,Annual,4946.5,Auto Pay,2025-02-01,,Standard Plan
CUST07490,Quarterly,3612.4,Credit Card,2024-07-09,,Basic Plan
CUST07491,Monthly,1151.04,UPI,2023-10-10,,Standard Plan
CUST07492,Quarterly,3748.14,Net Banking,2021-06-17,,Basic Plan
CUST07493,Monthly,1472.4,Auto Pay,2021-04-02,,Basic Plan
CUST07494,Annual,1921.56,UPI,2021-09-02,,Basic Plan
CUST07495,Annual,1933.47,Credit Card,2023-01-14,,Standard Plan
CUST07496,Monthly,2124.79,Debit Card,2022-12-24,,Basic Plan
CUST07497,Monthly,4748.01,Auto Pay,2024-02-11,,Basic Plan
CUST07498,Annual,774.75,Debit Card,2024-04-28,,Standard Plan
CUST07499,Monthly,1062.09,Credit Card,2022-01-29,,Basic Plan
CUST07500,Monthly,4679.91,Credit Card,2025-03-14,2026-01-30,Basic Plan
CUST07501,Quarterly,2384.67,Debit Card,2024-02-12,,Premium Plan
CUST07502,Monthly,3375.51,Credit Card,2022-05-19,,Basic Plan
CUST07503,Quarterly,4006.79,Auto Pay,2023-06-24,,Standard Plan
CUST07504,Annual,1252.57,Net Banking,2022-03-31,,Standard Plan
CUST07505,Quarterly,4606.19,Debit Card,2025-11-30,,Premium Plan
CUST07506,Monthly,1617.19,UPI,2024-09-08,,Standard Plan
CUST07507,Monthly,3389.02,Debit Card,2023-05-25,,Basic Plan
CUST07508,Monthly,1803.03,UPI,2023-08-23,,Standard Plan
CUST07509,Monthly,4833.53,UPI,2025-06-14,2026-08-15,Basic Plan
CUST07510,Monthly,2697.06,UPI,2024-08-19,,Standard Plan
CUST07511,Annual,1035.59,Credit Card,2025-02-03,,Standard Plan
CUST07512,Monthly,3354.5,Auto Pay,2021-11-26,,Basic Plan
CUST07513,Quarterly,3159.89,Debit Card,2024-07-08,,Standard Plan
CUST07514,Monthly,594.19,Net Banking,2022-08-31,,Standard Plan
CUST07515,Quarterly,678.89,Credit Card,2021-08-06,,Standard Plan
CUST07516,Monthly,4484.99,Net Banking,2023-11-02,,Standard Plan
CUST07517,Monthly,3592.92,Debit Card,2022-03-08,,Premium Plan
CUST07518,Quarterly,4238.12,Auto Pay,2024-05-19,2026-01-26,Standard Plan
CUST07519,Monthly,4479.17,Credit Card,2021-05-21,2026-02-13,Standard Plan
CUST07520,Quarterly,1005.0,Net Banking,2023-03-01,,Standard Plan
CUST07521,Quarterly,400.21,UPI,2025-12-26,2026-06-18,Standard Plan
CUST07522,Monthly,2499.34,Net Banking,2024-06-24,,Premium Plan
CUST07523,Quarterly,2124.1,UPI,2022-02-22,,Standard Plan
CUST07524,Annual,3689.04,Net Banking,2025-11-07,2026-05-30,Standard Plan
CUST07525,Monthly,2853.98,Credit Card,2021-12-19,2026-06-02,Standard Plan
CUST07526,Monthly,354.95,Net Banking,2025-02-01,,Premium Plan
CUST07527,Quarterly,2283.62,Debit Card,2024-07-02,2026-05-29,Standard Plan
CUST07528,Monthly,1019.19,Debit Card,2021-11-10,2026-02-11,Basic Plan
CUST07529,Monthly,930.01,Auto Pay,2022-09-22,2026-02-04,Basic Plan
CUST07530,Annual,1958.46,Auto Pay,2025-06-04,,Standard Plan
CUST07531,Quarterly,4203.88,Auto Pay,2022-03-09,2026-01-17,Standard Plan
CUST07532,Monthly,2556.93,UPI,2023-04-26,,Standard Plan
CUST07533,Annual,3892.51,Debit Card,2025-12-17,,Standard Plan
CUST07534,Monthly,3808.13,Debit Card,2022-10-06,,Premium Plan
CUST07535,Annual,2364.17,Debit Card,2021-02-17,,Basic Plan
CUST07536,Monthly,1762.16,UPI,2022-02-12,,Basic Plan
CUST07537,Monthly,4871.13,Auto Pay,2024-09-24,,Standard Plan
CUST07538,Quarterly,2424.62,Credit Card,2023-08-29,,Basic Plan
CUST07539,Monthly,3615.3,UPI,2022-11-23,,Basic Plan
CUST07540,Monthly,4000.99,Debit Card,2025-09-13,,Basic Plan
CUST07541,Monthly,1787.78,Net Banking,2021-12-31,,Standard Plan
CUST07542,Monthly,3469.74,Net Banking,2024-08-19,2026-08-21,Standard Plan
CUST07543,Monthly,3990.25,Debit Card,2022-09-20,,Standard Plan
CUST07544,Monthly,739.47,Net Banking,2021-02-19,2026-08-05,Standard Plan
CUST07545,Quarterly,4836.59,Auto Pay,2023-04-03,,Standard Plan
CUST07546,Monthly,747.66,Net Banking,2025-05-28,2026-07-03,Premium Plan
CUST07547,Monthly,4965.97,Credit Card,2021-11-24,2026-08-27,Basic Plan
CUST07548,Monthly,2332.6,Credit Card,2024-07-04,,Standard Plan
CUST07549,Annual,1887.77,Debit Card,2025-02-18,2026-08-25,Premium Plan
CUST07550,Monthly,2705.71,Net Banking,2025-03-10,2026-05-13,Standard Plan
CUST07551,Monthly,4463.07,Debit Card,2022-10-23,,Basic Plan
CUST07552,Monthly,2914.17,Credit Card,2021-01-13,2026-01-18,Basic Plan
CUST07553,Monthly,4345.06,Credit Card,2023-04-23,,Standard Plan
CUST07554,Monthly,1646.6,Debit Card,2022-07-23,2026-02-14,Basic Plan
CUST07555,Monthly,1297.75,UPI,2024-06-20,,Standard Plan
CUST07556,Monthly,1403.23,Auto Pay,2023-06-18,2026-01-26,Basic Plan
CUST07557,Annual,3984.08,Auto Pay,2021-11-12,,Standard Plan
CUST07558,Annual,2650.5,Auto Pay,2023-06-24,,Standard Plan
CUST07559,Monthly,1525.1,Debit Card,2023-01-07,2026-04-22,Basic Plan
CUST07560,Monthly,428.31,UPI,2025-06-02,,Basic Plan
CUST07561,Annual,1864.68,Auto Pay,2024-01-24,,Basic Plan
CUST07562,Quarterly,3934.43,Credit Card,2024-03-24,,Standard Plan
CUST07563,Quarterly,2650.04,Credit Card,2023-10-20,,Standard Plan
CUST07564,Annual,848.41,Debit Card,2021-06-06,,Premium Plan
CUST07565,Monthly,2759.74,UPI,2025-05-05,,Standard Plan
CUST07566,Annual,1037.45,Credit Card,2021-12-29,,Premium Plan
CUST07567,Monthly,3235.44,Auto Pay,2025-08-04,,Basic Plan
CUST07568,Monthly,2435.9,Auto Pay,2021-07-24,,Premium Plan
CUST07569,Monthly,1790.56,Credit Card,2024-06-21,,Standard Plan
CUST07570,Quarterly,1294.52,Credit Card,2021-11-24,,Basic Plan
CUST07571,Monthly,3576.24,Debit Card,2024-02-08,2026-01-28,Basic Plan
CUST07572,Quarterly,1426.48,UPI,2021-09-14,,Standard Plan
CUST07573,Monthly,4512.87,Credit Card,2022-01-05,2026-02-26,Standard Plan
CUST07574,Monthly,2323.17,UPI,2024-07-18,2026-08-05,Premium Plan
CUST07575,Monthly,664.04,UPI,2023-02-16,2026-05-29,Premium Plan
CUST07576,Quarterly,3061.75,Credit Card,2021-08-29,,Basic Plan
CUST07577,Monthly,3959.89,Auto Pay,2024-11-28,,Basic Plan
CUST07578,Annual,4047.4,Auto Pay,2023-03-31,2026-01-17,Standard Plan
CUST07579,Monthly,1092.04,UPI,2022-12-18,,Premium Plan
CUST07580,Monthly,3962.03,Auto Pay,2024-05-04,2026-01-05,Premium Plan
CUST07581,Monthly,1338.54,UPI,2025-10-31,,Basic Plan
CUST07582,Monthly,1749.12,Auto Pay,2021-10-04,,Basic Plan
CUST07583,Annual,2419.33,Auto Pay,2025-07-30,,Basic Plan
CUST07584,Monthly,4844.9,Net Banking,2025-04-07,,Basic Plan
CUST07585,Monthly,2596.38,Credit Card,2025-04-29,,Standard Plan
CUST07586,Annual,4455.33,Credit Card,2025-10-13,,Standard Plan
CUST07587,Annual,3899.61,Auto Pay,2022-03-17,2026-05-20,Basic Plan
CUST07588,Monthly,4282.4,Auto Pay,2024-04-19,,Basic Plan
CUST07589,Monthly,559.88,Auto Pay,2025-10-21,,Basic Plan
CUST07590,Annual,2641.1,UPI,2024-10-02,,Standard Plan
CUST07591,Monthly,3012.52,Net Banking,2021-12-26,,Basic Plan
CUST07592,Annual,1108.6,Credit Card,2023-03-13,,Basic Plan
CUST07593,Annual,4654.18,Credit Card,2024-02-22,2026-04-29,Basic Plan
CUST07594,Quarterly,481.9,UPI,2024-03-30,,Basic Plan
CUST07595,Annual,1626.3,Debit Card,2021-08-15,,Premium Plan
CUST07596,Monthly,4200.22,Credit Card,2022-03-23,2026-05-30,Standard Plan
CUST07597,Monthly,2562.44,Auto Pay,2024-11-19,,Standard Plan
CUST07598,Monthly,3028.59,Net Banking,2024-06-18,,Basic Plan
CUST07599,Monthly,1385.2,UPI,2025-10-03,,Basic Plan
CUST07600,Monthly,3949.45,Net Banking,2021-01-20,2026-02-12,Standard Plan
CUST07601,Monthly,4662.3,UPI,2022-03-01,,Basic Plan
CUST07602,Monthly,1938.3,Debit Card,2023-07-02,2026-08-24,Premium Plan
CUST07603,Quarterly,4736.81,Net Banking,2025-11-11,,Premium Plan
CUST07604,Monthly,4222.26,Debit Card,2024-08-16,,Standard Plan
CUST07605,Monthly,3089.51,Credit Card,2023-10-30,2026-03-02,Basic Plan
CUST07606,Monthly,971.57,Auto Pay,2025-06-06,,Premium Plan
CUST07607,Quarterly,3136.54,Debit Card,2023-03-18,,Basic Plan
CUST07608,Annual,1717.25,Auto Pay,2025-08-19,,Standard Plan
CUST07609,Monthly,2417.17,UPI,2025-03-22,,Basic Plan
CUST07610,Monthly,2674.45,Auto Pay,2021-02-04,,Standard Plan
CUST07611,Monthly,2915.7,Auto Pay,2024-05-28,,Basic Plan
CUST07612,Monthly,2477.75,Auto Pay,2024-02-22,,Standard Plan
CUST07613,Monthly,2295.04,Debit Card,2023-10-21,2026-07-30,Basic Plan
CUST07614,Monthly,1606.16,Auto Pay,2025-09-11,,Standard Plan
CUST07615,Monthly,1178.47,Credit Card,2024-04-16,,Basic Plan
CUST07616,Monthly,3522.47,Credit Card,2022-09-02,2026-06-03,Basic Plan
CUST07617,Monthly,4348.83,Debit Card,2023-11-03,,Basic Plan
CUST07618,Monthly,1529.08,Credit Card,2025-10-27,2026-01-26,Premium Plan
CUST07619,Quarterly,3929.0,Debit Card,2025-11-17,,Standard Plan
CUST07620,Quarterly,1667.11,Net Banking,2025-03-03,2026-05-25,Basic Plan
CUST07621,Monthly,2255.19,Net Banking,2023-01-07,,Basic Plan
CUST07622,Quarterly,4949.71,Debit Card,2025-02-26,,Basic Plan
CUST07623,Quarterly,3664.86,Net Banking,2023-08-28,,Premium Plan
CUST07624,Monthly,4162.2,Net Banking,2024-04-23,2026-01-30,Premium Plan
CUST07625,Annual,1574.58,Debit Card,2021-03-17,,Basic Plan
CUST07626,Annual,3311.84,Debit Card,2025-12-21,,Standard Plan
CUST07627,Annual,3032.47,Debit Card,2023-02-20,,Standard Plan
CUST07628,Annual,4393.57,UPI,2024-01-28,,Standard Plan
CUST07629,Monthly,4104.68,Credit Card,2021-12-27,2026-07-01,Standard Plan
CUST07630,Monthly,4984.73,Debit Card,2023-07-15,2026-02-01,Premium Plan
CUST07631,Quarterly,2220.12,Credit Card,2023-05-09,,Basic Plan
CUST07632,Quarterly,538.31,UPI,2021-07-19,,Basic Plan
CUST07633,Monthly,3882.13,UPI,2024-08-11,,Basic Plan
CUST07634,Quarterly,4190.63,Debit Card,2022-07-13,,Standard Plan
CUST07635,Monthly,3267.71,UPI,2025-01-06,,Basic Plan
CUST07636,Monthly,981.33,Debit Card,2021-12-19,,Standard Plan
CUST07637,Quarterly,1369.39,Auto Pay,2022-01-13,,Premium Plan
CUST07638,Quarterly,1458.85,Net Banking,2023-11-29,,Basic Plan
CUST07639,Quarterly,3698.3,Debit Card,2024-09-13,2026-08-29,Standard Plan
CUST07640,Annual,2718.55,Credit Card,2022-03-20,,Standard Plan
CUST07641,Annual,1584.18,UPI,2021-09-13,,Standard Plan
CUST07642,Monthly,3581.6,UPI,2024-04-16,2026-03-28,Basic Plan
CUST07643,Annual,4566.58,Net Banking,2021-08-24,2026-07-15,Basic Plan
CUST07644,Monthly,1208.9,Net Banking,2022-10-20,2026-06-22,Basic Plan
CUST07645,Quarterly,3319.53,Net Banking,2024-06-29,,Standard Plan
CUST07646,Quarterly,3487.25,Net Banking,2021-12-02,2026-07-29,Standard Plan
CUST07647,Monthly,4691.87,Net Banking,2023-09-08,2026-05-18,Premium Plan
CUST07648,Annual,1039.08,Auto Pay,2025-05-27,,Premium Plan
CUST07649,Monthly,2813.6,Net Banking,2022-10-22,,Standard Plan
CUST07650,Annual,2175.26,Debit Card,2023-12-28,,Basic Plan
CUST07651,Monthly,2629.66,UPI,2025-09-11,,Premium Plan
CUST07652,Monthly,1599.73,Credit Card,2021-09-05,,Basic Plan
CUST07653,Monthly,1707.72,Credit Card,2021-04-04,,Standard Plan
CUST07654,Annual,838.14,UPI,2024-07-12,,Premium Plan
CUST07655,Monthly,4696.75,UPI,2023-12-01,2026-03-01,Standard Plan
CUST07656,Quarterly,4186.02,Net Banking,2025-05-03,,Standard Plan
CUST07657,Monthly,4569.16,Auto Pay,2022-03-02,2026-05-29,Standard Plan
CUST07658,Monthly,1363.03,Debit Card,2022-09-23,,Basic Plan
CUST07659,Monthly,3888.5,Debit Card,2022-04-06,2026-03-28,Basic Plan
CUST07660,Monthly,4381.8,Debit Card,2022-07-19,2026-04-05,Premium Plan
CUST07661,Monthly,742.93,Net Banking,2022-07-30,,Standard Plan
CUST07662,Monthly,2090.5,UPI,2022-01-15,,Standard Plan
CUST07663,Monthly,585.02,Credit Card,2023-11-22,,Basic Plan
CUST07664,Quarterly,2296.54,Debit Card,2025-05-08,,Basic Plan
CUST07665,Quarterly,587.01,Auto Pay,2025-07-23,,Basic Plan
CUST07666,Monthly,2625.52,Auto Pay,2022-10-31,,Premium Plan
CUST07667,Monthly,3606.56,UPI,2025-12-24,2026-05-22,Basic Plan
CUST07668,Monthly,2836.73,Credit Card,2022-09-13,,Premium Plan
CUST07669,Quarterly,3392.59,Credit Card,2024-07-21,,Standard Plan
CUST07670,Monthly,4004.58,Auto Pay,2023-08-05,,Standard Plan
CUST07671,Monthly,2639.41,Credit Card,2024-06-03,2026-08-06,Standard Plan
CUST07672,Quarterly,2374.4,Net Banking,2023-12-14,,Basic Plan
CUST07673,Monthly,2940.83,UPI,2023-12-26,2026-03-30,Standard Plan
CUST07674,Quarterly,1522.45,UPI,2022-03-16,,Standard Plan
CUST07675,Quarterly,3894.52,Net Banking,2021-04-06,2026-03-08,Standard Plan
CUST07676,Monthly,769.7,Auto Pay,2023-10-08,,Basic Plan
CUST07677,Quarterly,3756.49,Debit Card,2025-10-12,2026-07-05,Standard Plan
CUST07678,Quarterly,4917.77,Net Banking,2023-08-15,,Standard Plan
CUST07679,Monthly,687.64,Auto Pay,2024-03-09,,Basic Plan
CUST07680,Annual,2905.56,UPI,2025-06-07,,Basic Plan
CUST07681,Monthly,1250.04,Debit Card,2025-09-25,,Basic Plan
CUST07682,Monthly,1134.07,Credit Card,2025-07-26,2026-02-04,Basic Plan
CUST07683,Annual,913.21,Debit Card,2024-12-30,2026-04-09,Standard Plan
CUST07684,Quarterly,4627.73,Debit Card,2023-03-24,,Basic Plan
CUST07685,Annual,3327.71,Credit Card,2023-01-24,,Basic Plan
CUST07686,Monthly,2431.83,Net Banking,2023-12-30,,Basic Plan
CUST07687,Monthly,1548.28,UPI,2022-09-02,2026-03-27,Standard Plan
CUST07688,Monthly,2461.75,Credit Card,2024-02-04,,Basic Plan
CUST07689,Monthly,618.72,UPI,2024-09-29,,Standard Plan
CUST07690,Monthly,1590.42,Net Banking,2024-04-28,2026-04-01,Standard Plan
CUST07691,Monthly,4673.94,Net Banking,2022-06-02,,Premium Plan
CUST07692,Monthly,3108.12,Auto Pay,2025-08-14,2026-02-01,Basic Plan
CUST07693,Quarterly,998.88,Net Banking,2025-09-24,,Basic Plan
CUST07694,Annual,3780.97,Debit Card,2022-05-06,,Basic Plan
CUST07695,Annual,970.15,Credit Card,2022-02-10,,Standard Plan
CUST07696,Monthly,2450.48,Auto Pay,2023-07-26,,Basic Plan
CUST07697,Monthly,4165.49,Net Banking,2025-05-05,,Basic Plan
CUST07698,Monthly,4998.48,Auto Pay,2022-03-06,2026-07-29,Standard Plan
CUST07699,Monthly,2288.06,Debit Card,2021-02-08,2026-07-19,Premium Plan
CUST07700,Monthly,2389.91,UPI,2022-06-04,,Premium Plan
CUST07701,Monthly,2529.39,Net Banking,2021-03-01,,Basic Plan
CUST07702,Monthly,3670.66,Auto Pay,2022-09-28,,Standard Plan
CUST07703,Quarterly,3873.11,Debit Card,2023-02-24,,Standard Plan
CUST07704,Annual,4636.53,UPI,2023-11-30,,Basic Plan
CUST07705,Annual,1644.58,Net Banking,2025-07-11,,Premium Plan
CUST07706,Annual,331.08,UPI,2021-10-08,,Basic Plan
CUST07707,Annual,3559.64,Net Banking,2025-10-17,2026-04-18,Standard Plan
CUST07708,Quarterly,2515.88,Credit Card,2025-09-01,,Standard Plan
CUST07709,Annual,719.82,Auto Pay,2025-09-20,,Basic Plan
CUST07710,Annual,1682.67,Net Banking,2022-12-11,2026-02-12,Standard Plan
CUST07711,Monthly,697.36,Net Banking,2025-10-04,,Standard Plan
CUST07712,Quarterly,932.49,Debit Card,2021-04-19,,Premium Plan
CUST07713,Monthly,4077.54,Credit Card,2025-08-26,,Standard Plan
CUST07714,Monthly,3220.11,Auto Pay,2022-09-07,,Basic Plan
CUST07715,Monthly,1486.74,UPI,2021-07-24,2026-06-20,Basic Plan
CUST07716,Annual,807.99,Net Banking,2023-08-12,,Basic Plan
CUST07717,Monthly,1421.67,UPI,2025-06-18,2026-05-16,Standard Plan
CUST07718,Monthly,2602.35,Auto Pay,2023-06-25,2026-03-10,Basic Plan
CUST07719,Monthly,1660.59,Debit Card,2021-11-08,2026-04-15,Premium Plan
CUST07720,Monthly,1038.71,UPI,2024-06-01,,Standard Plan
CUST07721,Quarterly,436.93,Credit Card,2025-02-26,2026-06-02,Basic Plan
CUST07722,Monthly,3028.14,UPI,2024-08-19,2026-06-29,Basic Plan
CUST07723,Monthly,2687.31,Auto Pay,2021-08-30,,Basic Plan
CUST07724,Monthly,1391.61,UPI,2023-05-29,2026-02-07,Basic Plan
CUST07725,Annual,4300.13,Credit Card,2024-02-27,2026-03-31,Standard Plan
CUST07726,Annual,850.71,Debit Card,2025-10-12,,Premium Plan
CUST07727,Annual,4633.82,Debit Card,2024-01-17,,Basic Plan
CUST07728,Monthly,2606.42,UPI,2025-06-19,,Basic Plan
CUST07729,Monthly,4946.08,Auto Pay,2022-08-14,,Standard Plan
CUST07730,Monthly,520.66,UPI,2024-10-12,,Basic Plan
CUST07731,Quarterly,340.41,Auto Pay,2024-09-09,2026-01-06,Basic Plan
CUST07732,Monthly,1492.3,Debit Card,2021-12-27,2026-08-21,Basic Plan
CUST07733,Quarterly,3662.51,Debit Card,2021-06-04,,Basic Plan
CUST07734,Quarterly,2086.71,Net Banking,2022-10-11,,Standard Plan
CUST07735,Monthly,3786.7,Credit Card,2022-07-06,2026-06-30,Standard Plan
CUST07736,Monthly,4165.69,UPI,2024-07-13,2026-01-18,Premium Plan
CUST07737,Quarterly,1650.83,Credit Card,2023-01-05,2026-03-08,Basic Plan
CUST07738,Monthly,1366.29,UPI,2025-06-09,2026-04-16,Premium Plan
CUST07739,Monthly,2524.94,Auto Pay,2022-07-25,2026-05-26,Basic Plan
CUST07740,Monthly,1290.57,Debit Card,2021-01-08,2026-06-25,Premium Plan
CUST07741,Monthly,1418.79,Auto Pay,2021-12-30,2026-01-14,Basic Plan
CUST07742,Quarterly,753.32,UPI,2025-08-13,,Basic Plan
CUST07743,Quarterly,687.65,Debit Card,2022-12-01,,Premium Plan
CUST07744,Annual,1849.42,Debit Card,2025-09-01,,Basic Plan
CUST07745,Monthly,1344.39,Net Banking,2023-03-25,2026-07-16,Premium Plan
CUST07746,Monthly,4915.18,Debit Card,2025-05-04,2026-07-01,Standard Plan
CUST07747,Monthly,4724.27,Net Banking,2021-06-02,2026-02-11,Basic Plan
CUST07748,Monthly,1842.36,Credit Card,2022-04-26,,Basic Plan
CUST07749,Quarterly,1482.84,Auto Pay,2024-03-31,2026-06-11,Premium Plan
CUST07750,Monthly,806.75,UPI,2025-09-26,,Basic Plan
CUST07751,Annual,1041.13,Auto Pay,2021-03-21,,Basic Plan
CUST07752,Monthly,2170.95,Credit Card,2025-08-07,2026-07-01,Standard Plan
CUST07753,Monthly,4505.27,UPI,2021-06-08,,Standard Plan
CUST07754,Annual,2078.56,Net Banking,2024-01-26,,Standard Plan
CUST07755,Monthly,2865.42,Debit Card,2025-07-11,,Basic Plan
CUST07756,Monthly,2827.1,UPI,2021-01-12,2026-06-22,Standard Plan
CUST07757,Annual,4899.49,UPI,2024-03-12,,Standard Plan
CUST07758,Monthly,2007.73,Credit Card,2021-03-01,,Standard Plan
CUST07759,Annual,604.24,Net Banking,2022-02-18,,Basic Plan
CUST07760,Monthly,3966.13,Auto Pay,2022-08-16,2026-08-22,Standard Plan
CUST07761,Monthly,1128.78,Credit Card,2022-07-24,,Basic Plan
CUST07762,Monthly,3357.94,Credit Card,2024-04-08,,Standard Plan
CUST07763,Monthly,4445.05,Auto Pay,2021-02-19,2026-04-08,Basic Plan
CUST07764,Monthly,2821.44,Auto Pay,2023-09-01,,Standard Plan
CUST07765,Quarterly,3088.5,Debit Card,2022-06-06,2026-08-02,Premium Plan
CUST07766,Quarterly,2226.07,Net Banking,2024-04-25,,Standard Plan
CUST07767,Quarterly,4733.97,Credit Card,2021-09-24,,Standard Plan
CUST07768,Annual,1855.9,Auto Pay,2021-02-07,,Standard Plan
CUST07769,Quarterly,4636.99,Credit Card,2024-12-02,,Basic Plan
CUST07770,Quarterly,3218.45,Credit Card,2021-09-04,2026-01-29,Basic Plan
CUST07771,Annual,3066.67,Debit Card,2025-07-28,,Standard Plan
CUST07772,Monthly,3081.1,Credit Card,2023-02-03,2026-05-29,Premium Plan
CUST07773,Annual,3851.06,Debit Card,2022-11-23,,Standard Plan
CUST07774,Monthly,1062.66,Net Banking,2025-01-29,,Standard Plan
CUST07775,Quarterly,943.05,Auto Pay,2023-08-30,,Standard Plan
CUST07776,Monthly,4617.69,Debit Card,2025-01-14,2026-08-05,Basic Plan
CUST07777,Monthly,4367.51,Credit Card,2023-08-22,,Premium Plan
CUST07778,Monthly,1669.8,Auto Pay,2022-12-10,2026-04-09,Basic Plan
CUST07779,Monthly,4849.88,Auto Pay,2024-11-21,,Standard Plan
CUST07780,Monthly,2801.13,Net Banking,2021-01-21,,Standard Plan
CUST07781,Annual,2183.68,UPI,2021-11-01,,Standard Plan
CUST07782,Monthly,3999.64,Debit Card,2025-09-15,,Standard Plan
CUST07783,Monthly,1411.41,Auto Pay,2021-04-01,,Standard Plan
CUST07784,Monthly,4590.13,Net Banking,2022-06-17,,Standard Plan
CUST07785,Monthly,4683.86,Auto Pay,2023-06-29,,Premium Plan
CUST07786,Annual,4917.0,Credit Card,2022-05-10,,Standard Plan
CUST07787,Quarterly,1771.25,Net Banking,2021-08-24,,Standard Plan
CUST07788,Monthly,2600.04,UPI,2025-09-28,2026-01-15,Premium Plan
CUST07789,Monthly,3751.26,Credit Card,2023-01-24,,Standard Plan
CUST07790,Quarterly,4977.01,Debit Card,2025-02-07,2026-02-28,Basic Plan
CUST07791,Quarterly,2665.04,Debit Card,2022-11-12,,Standard Plan
CUST07792,Monthly,2219.37,Debit Card,2024-01-08,2026-06-12,Basic Plan
CUST07793,Annual,4528.68,UPI,2025-07-06,2026-02-28,Standard Plan
CUST07794,Monthly,2630.04,UPI,2023-08-03,2026-06-25,Basic Plan
CUST07795,Annual,848.17,UPI,2024-02-02,,Standard Plan
CUST07796,Quarterly,568.31,Auto Pay,2025-08-24,,Premium Plan
CUST07797,Monthly,4714.34,Auto Pay,2024-08-11,2026-05-02,Premium Plan
CUST07798,Quarterly,1418.47,Credit Card,2024-01-17,,Basic Plan
CUST07799,Monthly,3039.64,Auto Pay,2023-10-15,,Basic Plan
CUST07800,Monthly,2604.8,UPI,2023-05-20,,Basic Plan
CUST07801,Annual,950.83,Net Banking,2024-08-07,,Basic Plan
CUST07802,Monthly,3302.51,Net Banking,2024-05-11,,Basic Plan
CUST07803,Annual,4278.57,Debit Card,2022-05-24,,Standard Plan
CUST07804,Monthly,505.29,UPI,2024-05-26,2026-06-08,Basic Plan
CUST07805,Annual,1235.52,UPI,2024-08-15,,Basic Plan
CUST07806,Monthly,3201.61,Net Banking,2022-08-31,2026-02-08,Premium Plan
CUST07807,Quarterly,1760.62,Auto Pay,2021-07-14,,Basic Plan
CUST07808,Monthly,2486.97,Net Banking,2024-06-16,,Standard Plan
CUST07809,Quarterly,3195.11,UPI,2021-07-10,,Standard Plan
CUST07810,Monthly,1807.39,Net Banking,2021-11-14,,Basic Plan
CUST07811,Monthly,2866.63,Debit Card,2024-07-15,,Basic Plan
CUST07812,Quarterly,4452.48,Net Banking,2022-10-17,,Standard Plan
CUST07813,Annual,3436.25,Net Banking,2024-11-04,,Standard Plan
CUST07814,Monthly,945.21,Credit Card,2023-04-21,,Basic Plan
CUST07815,Monthly,2596.32,UPI,2024-07-03,,Basic Plan
CUST07816,Monthly,4951.36,Net Banking,2022-07-14,2026-01-15,Standard Plan
CUST07817,Annual,2625.33,UPI,2023-02-25,,Basic Plan
CUST07818,Quarterly,2558.17,UPI,2024-11-23,,Standard Plan
CUST07819,Monthly,4866.88,Auto Pay,2025-01-19,,Basic Plan
CUST07820,Monthly,4706.55,Credit Card,2023-04-19,,Standard Plan
CUST07821,Annual,4965.5,UPI,2025-04-27,2026-01-28,Basic Plan
CUST07822,Monthly,1316.08,Debit Card,2021-04-25,,Basic Plan
CUST07823,Monthly,3556.93,Credit Card,2024-07-03,,Basic Plan
CUST07824,Quarterly,596.49,Net Banking,2024-04-12,2026-04-02,Basic Plan
CUST07825,Monthly,3483.82,UPI,2025-10-26,2026-06-11,Basic Plan
CUST07826,Monthly,3985.39,Auto Pay,2022-03-14,2026-04-22,Standard Plan
CUST07827,Monthly,3597.06,Net Banking,2023-05-08,2026-04-18,Standard Plan
CUST07828,Quarterly,1527.51,Net Banking,2022-09-15,,Standard Plan
CUST07829,Quarterly,2629.53,Net Banking,2024-05-22,,Basic Plan
CUST07830,Annual,4351.99,Debit Card,2023-06-18,,Basic Plan
CUST07831,Monthly,2164.67,Credit Card,2024-03-04,,Basic Plan
CUST07832,Monthly,4851.42,Debit Card,2024-10-21,2026-03-08,Standard Plan
CUST07833,Monthly,4689.34,Debit Card,2021-08-12,,Basic Plan
CUST07834,Annual,1167.53,Auto Pay,2023-11-03,,Basic Plan
CUST07835,Monthly,3930.17,UPI,2024-08-29,,Standard Plan
CUST07836,Quarterly,1038.89,UPI,2022-03-27,,Basic Plan
CUST07837,Monthly,680.76,UPI,2021-07-20,,Basic Plan
CUST07838,Monthly,3742.9,UPI,2022-02-10,2026-05-19,Standard Plan
CUST07839,Quarterly,400.7,UPI,2022-05-16,2026-06-17,Basic Plan
CUST07840,Monthly,1353.85,Credit Card,2021-01-27,2026-06-03,Basic Plan
CUST07841,Monthly,4414.62,Credit Card,2025-09-21,,Basic Plan
CUST07842,Monthly,2333.38,UPI,2021-07-04,,Basic Plan
CUST07843,Monthly,4162.18,UPI,2023-12-06,,Standard Plan
CUST07844,Monthly,931.13,Net Banking,2024-08-22,2026-04-21,Standard Plan
CUST07845,Monthly,2320.12,Auto Pay,2021-10-04,2026-01-27,Premium Plan
CUST07846,Monthly,2915.34,Debit Card,2024-05-22,2026-01-26,Premium Plan
CUST07847,Monthly,1345.01,UPI,2025-01-25,,Standard Plan
CUST07848,Monthly,4834.84,UPI,2025-04-28,2026-04-01,Basic Plan
CUST07849,Monthly,4038.8,Debit Card,2023-01-29,,Basic Plan
CUST07850,Monthly,1661.51,Auto Pay,2025-08-29,,Standard Plan
CUST07851,Annual,828.81,Debit Card,2024-03-18,,Standard Plan
CUST07852,Annual,2893.16,Auto Pay,2025-03-09,2026-07-22,Standard Plan
CUST07853,Annual,3485.79,Credit Card,2024-09-08,,Standard Plan
CUST07854,Monthly,2781.37,Net Banking,2024-12-07,,Standard Plan
CUST07855,Monthly,4991.31,Net Banking,2023-12-01,2026-07-31,Basic Plan
CUST07856,Monthly,3968.36,Auto Pay,2021-02-26,,Basic Plan
CUST07857,Quarterly,1614.96,Auto Pay,2021-12-28,2026-07-23,Standard Plan
CUST07858,Annual,4515.99,Credit Card,2021-10-02,2026-07-24,Standard Plan
CUST07859,Monthly,3537.73,Debit Card,2025-10-12,2026-07-04,Standard Plan
CUST07860,Annual,3023.1,Auto Pay,2024-05-18,,Basic Plan
CUST07861,Annual,3131.85,Net Banking,2025-12-07,2026-05-23,Basic Plan
CUST07862,Quarterly,1681.41,UPI,2022-01-26,,Standard Plan
CUST07863,Monthly,4011.37,UPI,2025-05-14,,Basic Plan
CUST07864,Annual,3009.92,Net Banking,2023-07-04,,Basic Plan
CUST07865,Monthly,2391.15,Debit Card,2023-01-25,,Standard Plan
CUST07866,Monthly,3470.24,Auto Pay,2025-08-12,2026-01-18,Standard Plan
CUST07867,Annual,4856.52,Auto Pay,2023-04-20,,Standard Plan
CUST07868,Monthly,4701.42,UPI,2022-04-05,,Basic Plan
CUST07869,Monthly,2416.94,Net Banking,2025-10-24,,Basic Plan
CUST07870,Monthly,517.59,UPI,2021-09-07,2026-05-07,Standard Plan
CUST07871,Monthly,1510.21,Auto Pay,2021-01-25,,Premium Plan
CUST07872,Monthly,4792.17,UPI,2021-06-02,2026-05-30,Basic Plan
CUST07873,Monthly,1030.21,Debit Card,2024-09-10,2026-03-13,Basic Plan
CUST07874,Monthly,1865.84,Debit Card,2025-09-16,2026-06-27,Standard Plan
CUST07875,Quarterly,1321.84,Net Banking,2021-04-11,,Standard Plan
CUST07876,Monthly,4730.87,Debit Card,2022-11-20,2026-05-15,Basic Plan
CUST07877,Monthly,4850.4,Debit Card,2024-05-15,,Basic Plan
CUST07878,Monthly,395.21,Net Banking,2023-12-12,2026-07-18,Basic Plan
CUST07879,Annual,1553.23,Net Banking,2021-12-08,,Premium Plan
CUST07880,Monthly,1764.81,UPI,2022-08-22,,Standard Plan
CUST07881,Monthly,2059.07,UPI,2025-07-24,,Standard Plan
CUST07882,Monthly,1240.84,Debit Card,2024-09-30,,Standard Plan
CUST07883,Monthly,1315.17,Net Banking,2024-08-19,,Standard Plan
CUST07884,Annual,3173.52,Net Banking,2021-04-18,,Standard Plan
CUST07885,Annual,1604.47,UPI,2025-10-10,,Standard Plan
CUST07886,Annual,2182.04,Credit Card,2021-04-26,2026-04-14,Basic Plan
CUST07887,Quarterly,1373.78,Credit Card,2023-06-25,,Standard Plan
CUST07888,Monthly,3600.53,Debit Card,2025-11-07,2026-08-03,Basic Plan
CUST07889,Quarterly,447.06,Credit Card,2022-05-21,,Standard Plan
CUST07890,Quarterly,2469.75,Credit Card,2021-12-12,,Basic Plan
CUST07891,Monthly,547.64,UPI,2021-11-19,,Basic Plan
CUST07892,Monthly,467.51,Debit Card,2025-07-12,2026-02-28,Basic Plan
CUST07893,Quarterly,1225.09,Net Banking,2025-01-28,2026-05-26,Premium Plan
CUST07894,Quarterly,4394.27,UPI,2024-11-30,,Basic Plan
CUST07895,Quarterly,3181.31,Credit Card,2021-02-15,,Premium Plan
CUST07896,Monthly,1538.89,Credit Card,2024-08-31,,Premium Plan
CUST07897,Monthly,4788.7,Credit Card,2021-02-11,,Standard Plan
CUST07898,Monthly,3642.57,Auto Pay,2022-05-09,2026-08-27,Basic Plan
CUST07899,Monthly,4703.34,Auto Pay,2023-03-19,2026-04-13,Standard Plan
CUST07900,Monthly,2890.32,Net Banking,2025-04-13,,Basic Plan
CUST07901,Monthly,2858.24,Debit Card,2023-01-17,2026-05-12,Standard Plan
CUST07902,Annual,1390.14,Auto Pay,2022-08-29,,Basic Plan
CUST07903,Annual,3727.11,Credit Card,2022-02-15,,Premium Plan
CUST07904,Annual,1677.09,Auto Pay,2024-10-29,,Standard Plan
CUST07905,Annual,3334.6,Credit Card,2021-06-21,,Standard Plan
CUST07906,Quarterly,2876.97,Credit Card,2025-11-02,,Basic Plan
CUST07907,Monthly,743.26,Auto Pay,2024-05-28,2026-08-11,Basic Plan
CUST07908,Annual,336.87,Debit Card,2025-08-05,,Basic Plan
CUST07909,Quarterly,2109.64,Net Banking,2022-07-01,,Standard Plan
CUST07910,Annual,4471.62,Auto Pay,2025-08-06,,Basic Plan
CUST07911,Monthly,4583.01,Debit Card,2021-10-28,,Premium Plan
CUST07912,Annual,2763.99,Debit Card,2023-07-06,,Basic Plan
CUST07913,Monthly,1762.32,UPI,2023-06-16,,Basic Plan
CUST07914,Monthly,650.14,Debit Card,2024-08-29,2026-07-28,Standard Plan
CUST07915,Quarterly,2010.08,Auto Pay,2025-08-19,,Standard Plan
CUST07916,Monthly,4800.01,Debit Card,2021-01-21,2026-06-24,Standard Plan
CUST07917,Quarterly,4807.44,Auto Pay,2024-05-20,2026-08-28,Basic Plan
CUST07918,Annual,2430.47,Credit Card,2022-06-26,,Standard Plan
CUST07919,Monthly,4016.86,UPI,2021-03-30,,Basic Plan
CUST07920,Annual,3230.92,Debit Card,2025-05-05,,Standard Plan
CUST07921,Monthly,2623.91,Debit Card,2024-06-26,2026-07-01,Basic Plan
CUST07922,Quarterly,4818.1,UPI,2021-02-02,,Basic Plan
CUST07923,Monthly,489.04,Credit Card,2022-12-10,,Basic Plan
CUST07924,Monthly,357.19,Credit Card,2024-12-11,,Basic Plan
CUST07925,Monthly,2676.28,Auto Pay,2022-10-15,,Basic Plan
CUST07926,Monthly,3322.56,Auto Pay,2024-12-12,2026-04-20,Standard Plan
CUST07927,Quarterly,582.04,Auto Pay,2025-04-21,,Standard Plan
CUST07928,Annual,4012.53,Net Banking,2023-02-08,,Standard Plan
CUST07929,Monthly,4235.11,Credit Card,2022-09-10,2026-05-10,Standard Plan
CUST07930,Annual,2207.5,Debit Card,2023-11-26,,Basic Plan
CUST07931,Monthly,3206.67,Credit Card,2022-06-04,,Basic Plan
CUST07932,Monthly,4784.26,Net Banking,2024-05-07,,Basic Plan
CUST07933,Monthly,4691.75,Debit Card,2024-01-22,2026-08-21,Basic Plan
CUST07934,Annual,2506.47,Auto Pay,2021-04-09,,Basic Plan
CUST07935,Annual,1225.08,Debit Card,2021-10-26,,Basic Plan
CUST07936,Monthly,4084.41,Net Banking,2023-04-18,,Premium Plan
CUST07937,Annual,4219.2,UPI,2024-12-09,,Basic Plan
CUST07938,Monthly,2848.56,Net Banking,2023-11-30,2026-04-18,Basic Plan
CUST07939,Annual,4410.92,Debit Card,2021-01-25,,Basic Plan
CUST07940,Monthly,3137.22,Net Banking,2023-04-13,,Standard Plan
CUST07941,Annual,407.89,Debit Card,2021-10-18,,Basic Plan
CUST07942,Annual,2529.68,UPI,2025-03-15,,Standard Plan
CUST07943,Monthly,1481.24,Debit Card,2021-07-09,,Standard Plan
CUST07944,Monthly,4376.04,Auto Pay,2022-03-27,,Standard Plan
CUST07945,Quarterly,1443.27,UPI,2022-11-25,,Basic Plan
CUST07946,Annual,431.8,Auto Pay,2023-08-31,,Standard Plan
CUST07947,Quarterly,4898.69,Auto Pay,2021-06-28,,Basic Plan
CUST07948,Monthly,2570.54,Net Banking,2021-01-20,,Standard Plan
CUST07949,Quarterly,2793.29,UPI,2021-12-20,,Basic Plan
CUST07950,Monthly,3182.23,Auto Pay,2024-11-26,2026-07-23,Basic Plan
CUST07951,Monthly,4545.76,Credit Card,2021-11-25,2026-02-12,Basic Plan
CUST07952,Monthly,986.98,Credit Card,2021-09-23,2026-04-06,Premium Plan
CUST07953,Monthly,308.58,Credit Card,2023-07-05,,Basic Plan
CUST07954,Monthly,4838.59,Auto Pay,2023-10-15,2026-04-27,Standard Plan
CUST07955,Monthly,3206.8,Credit Card,2021-05-30,2026-06-16,Premium Plan
CUST07956,Monthly,3963.69,Credit Card,2024-02-15,,Basic Plan
CUST07957,Monthly,2764.99,Credit Card,2024-08-23,2026-04-26,Basic Plan
CUST07958,Monthly,3684.62,UPI,2024-12-14,2026-08-26,Premium Plan
CUST07959,Quarterly,2657.38,Credit Card,2024-07-24,2026-02-05,Basic Plan
CUST07960,Annual,4123.93,Credit Card,2022-07-31,,Standard Plan
CUST07961,Annual,741.97,Net Banking,2021-07-19,,Basic Plan
CUST07962,Monthly,2942.4,Net Banking,2021-04-18,,Premium Plan
CUST07963,Monthly,3681.59,Credit Card,2025-05-30,2026-04-01,Basic Plan
CUST07964,Monthly,907.27,Net Banking,2024-07-04,2026-03-27,Basic Plan
CUST07965,Annual,835.13,UPI,2021-09-06,,Standard Plan
CUST07966,Quarterly,4037.94,UPI,2025-03-26,,Standard Plan
CUST07967,Monthly,2649.5,UPI,2023-04-03,,Standard Plan
CUST07968,Monthly,865.51,UPI,2023-01-15,,Standard Plan
CUST07969,Monthly,2846.52,Debit Card,2022-07-08,,Basic Plan
CUST07970,Annual,973.63,UPI,2023-07-25,,Standard Plan
CUST07971,Annual,1093.21,Debit Card,2023-02-15,,Basic Plan
CUST07972,Quarterly,4551.82,Credit Card,2024-12-29,2026-06-25,Basic Plan
CUST07973,Annual,873.78,UPI,2025-01-16,,Basic Plan
CUST07974,Quarterly,957.17,Auto Pay,2022-11-06,,Standard Plan
CUST07975,Monthly,994.93,Debit Card,2021-08-08,,Standard Plan
CUST07976,Annual,2831.66,Credit Card,2022-08-08,,Standard Plan
CUST07977,Monthly,3095.17,Net Banking,2023-12-27,2026-07-21,Standard Plan
CUST07978,Monthly,1007.87,Credit Card,2024-03-10,2026-02-15,Premium Plan
CUST07979,Monthly,2411.19,UPI,2022-08-28,2026-06-23,Standard Plan
CUST07980,Annual,704.54,Credit Card,2024-11-25,,Basic Plan
CUST07981,Annual,2686.23,Auto Pay,2022-07-27,2026-01-09,Standard Plan
CUST07982,Annual,2712.21,UPI,2024-09-08,,Standard Plan
CUST07983,Annual,1547.39,Net Banking,2022-03-18,,Basic Plan
CUST07984,Monthly,1609.81,Credit Card,2024-01-09,,Standard Plan
CUST07985,Quarterly,4787.89,Auto Pay,2024-03-18,,Standard Plan
CUST07986,Quarterly,4607.08,UPI,2023-03-07,,Standard Plan
CUST07987,Quarterly,4780.07,Auto Pay,2025-03-05,2026-04-03,Basic Plan
CUST07988,Annual,3587.77,Debit Card,2022-07-02,,Standard Plan
CUST07989,Monthly,3795.04,Credit Card,2025-03-02,,Standard Plan
CUST07990,Monthly,4825.99,Net Banking,2025-05-23,2026-08-09,Basic Plan
CUST07991,Monthly,4162.05,Debit Card,2025-07-19,,Basic Plan
CUST07992,Monthly,3102.1,Net Banking,2025-04-18,2026-08-07,Standard Plan
CUST07993,Annual,4618.5,Debit Card,2024-07-26,,Basic Plan
CUST07994,Monthly,353.92,Net Banking,2025-08-06,2026-08-08,Basic Plan
CUST07995,Monthly,2786.34,Auto Pay,2021-08-08,,Basic Plan
CUST07996,Annual,4877.4,Credit Card,2021-05-03,,Standard Plan
CUST07997,Quarterly,3340.52,Debit Card,2024-05-21,,Standard Plan
CUST07998,Quarterly,1667.61,Net Banking,2023-06-04,,Basic Plan
CUST07999,Monthly,3983.93,Credit Card,2024-01-02,,Premium Plan
CUST08000,Monthly,2976.49,Auto Pay,2025-07-17,,Standard Plan
CUST08001,Annual,491.1,Debit Card,2021-02-25,,Basic Plan
CUST08002,Annual,492.89,Net Banking,2024-05-30,,Standard Plan
CUST08003,Monthly,2029.64,Credit Card,2022-02-24,2026-01-10,Standard Plan
CUST08004,Annual,3851.47,Auto Pay,2021-04-08,,Basic Plan
CUST08005,Monthly,3394.47,UPI,2022-08-21,2026-01-13,Premium Plan
CUST08006,Quarterly,2199.43,UPI,2025-06-08,,Basic Plan
CUST08007,Monthly,2555.36,Net Banking,2025-08-14,,Standard Plan
CUST08008,Annual,3952.34,Credit Card,2022-10-27,2026-02-11,Standard Plan
CUST08009,Monthly,321.17,Credit Card,2021-08-30,,Basic Plan
CUST08010,Annual,2076.83,Auto Pay,2022-05-21,,Standard Plan
CUST08011,Quarterly,4401.46,Auto Pay,2022-09-22,,Standard Plan
CUST08012,Monthly,4219.79,Debit Card,2021-08-30,,Basic Plan
CUST08013,Monthly,901.93,UPI,2023-07-11,,Basic Plan
CUST08014,Monthly,1333.95,Auto Pay,2021-09-29,2026-01-22,Basic Plan
CUST08015,Monthly,2084.22,Net Banking,2025-02-03,,Basic Plan
CUST08016,Monthly,2748.59,UPI,2024-10-19,,Standard Plan
CUST08017,Monthly,3683.76,Net Banking,2023-01-24,,Basic Plan
CUST08018,Monthly,2870.28,Debit Card,2024-04-28,,Basic Plan
CUST08019,Monthly,4181.12,UPI,2024-08-20,2026-01-17,Premium Plan
CUST08020,Monthly,2928.45,Net Banking,2025-01-05,2026-04-24,Standard Plan
CUST08021,Annual,3413.29,Auto Pay,2025-11-21,,Standard Plan
CUST08022,Quarterly,1600.49,Credit Card,2024-08-08,,Basic Plan
CUST08023,Quarterly,1213.6,Net Banking,2023-08-19,,Standard Plan
CUST08024,Annual,949.55,Auto Pay,2025-12-04,2026-04-24,Basic Plan
CUST08025,Monthly,2781.89,Net Banking,2024-03-09,,Premium Plan
CUST08026,Monthly,3850.84,Debit Card,2024-08-14,,Basic Plan
CUST08027,Annual,3336.88,Net Banking,2025-03-10,,Standard Plan
CUST08028,Monthly,3777.69,UPI,2023-12-02,2026-06-14,Standard Plan
CUST08029,Monthly,945.25,UPI,2021-12-19,,Basic Plan
CUST08030,Monthly,4168.86,Debit Card,2025-06-12,,Standard Plan
CUST08031,Monthly,849.96,Net Banking,2025-07-19,2026-04-17,Basic Plan
CUST08032,Monthly,2019.51,Credit Card,2023-04-09,,Basic Plan
CUST08033,Quarterly,4969.24,Net Banking,2025-07-03,,Basic Plan
CUST08034,Quarterly,1722.71,Credit Card,2022-01-04,,Basic Plan
CUST08035,Annual,3019.36,UPI,2024-11-02,,Basic Plan
CUST08036,Monthly,3961.67,Credit Card,2021-04-27,,Standard Plan
CUST08037,Monthly,3250.95,UPI,2022-07-07,,Standard Plan
CUST08038,Quarterly,4489.48,UPI,2023-10-17,,Basic Plan
CUST08039,Monthly,1910.51,UPI,2024-12-08,,Basic Plan
CUST08040,Quarterly,1325.08,Credit Card,2021-04-05,,Basic Plan
CUST08041,Annual,2581.41,Net Banking,2024-10-01,2026-08-30,Basic Plan
CUST08042,Quarterly,2892.7,Credit Card,2023-12-23,,Standard Plan
CUST08043,Annual,1292.2,UPI,2023-08-11,,Standard Plan
CUST08044,Monthly,1319.96,UPI,2024-05-07,2026-01-21,Basic Plan
CUST08045,Monthly,4933.22,Net Banking,2023-01-04,,Basic Plan
CUST08046,Annual,3375.26,Debit Card,2023-12-20,,Basic Plan
CUST08047,Annual,1105.65,UPI,2022-08-10,,Basic Plan
CUST08048,Monthly,3810.19,Auto Pay,2021-03-19,,Basic Plan
CUST08049,Annual,3014.69,Credit Card,2023-07-02,,Premium Plan
CUST08050,Monthly,3757.56,Auto Pay,2025-08-29,,Premium Plan
CUST08051,Monthly,631.35,Credit Card,2022-05-06,,Standard Plan
CUST08052,Quarterly,2733.12,Debit Card,2023-05-03,2026-08-09,Basic Plan
CUST08053,Monthly,3376.71,Debit Card,2023-09-12,2026-01-08,Basic Plan
CUST08054,Annual,1394.91,Auto Pay,2022-03-18,,Basic Plan
CUST08055,Annual,3115.8,Debit Card,2024-05-16,,Basic Plan
CUST08056,Annual,2719.74,UPI,2021-03-06,,Premium Plan
CUST08057,Monthly,1657.74,Auto Pay,2023-03-05,,Basic Plan
CUST08058,Monthly,3660.93,Debit Card,2021-04-16,2026-07-26,Basic Plan
CUST08059,Quarterly,1914.77,UPI,2021-08-29,,Premium Plan
CUST08060,Monthly,1081.58,Auto Pay,2024-05-21,2026-05-05,Premium Plan
CUST08061,Monthly,1073.3,Credit Card,2021-04-11,2026-07-04,Standard Plan
CUST08062,Quarterly,1102.86,Credit Card,2022-12-25,,Basic Plan
CUST08063,Monthly,2154.7,Net Banking,2021-07-16,2026-02-25,Standard Plan
CUST08064,Monthly,3475.1,Debit Card,2025-09-10,,Basic Plan
CUST08065,Monthly,455.37,Credit Card,2022-02-16,,Basic Plan
CUST08066,Monthly,2570.78,Net Banking,2022-10-14,,Standard Plan
CUST08067,Annual,1281.74,Auto Pay,2025-09-04,2026-07-29,Basic Plan
CUST08068,Monthly,4417.32,Net Banking,2023-05-03,,Standard Plan
CUST08069,Monthly,2409.4,Credit Card,2023-06-20,,Basic Plan
CUST08070,Monthly,2427.5,Auto Pay,2024-12-21,2026-01-08,Premium Plan
CUST08071,Monthly,1407.53,Net Banking,2025-06-17,2026-04-16,Standard Plan
CUST08072,Annual,1011.7,UPI,2024-05-15,,Basic Plan
CUST08073,Monthly,1157.6,UPI,2022-12-24,,Premium Plan
CUST08074,Monthly,2758.66,Auto Pay,2024-08-13,,Standard Plan
CUST08075,Monthly,3522.5,UPI,2025-05-08,2026-01-07,Basic Plan
CUST08076,Monthly,1349.41,Debit Card,2022-08-06,,Standard Plan
CUST08077,Annual,4842.59,Net Banking,2024-03-23,,Standard Plan
CUST08078,Monthly,3954.67,Net Banking,2022-10-10,2026-07-26,Premium Plan
CUST08079,Monthly,1920.59,Credit Card,2023-09-17,2026-07-09,Standard Plan
CUST08080,Monthly,2834.88,Auto Pay,2024-05-12,,Standard Plan
CUST08081,Monthly,1763.5,Auto Pay,2022-10-10,2026-03-08,Basic Plan
CUST08082,Monthly,1097.36,Debit Card,2023-07-13,,Standard Plan
CUST08083,Annual,1630.1,Net Banking,2021-12-14,,Premium Plan
CUST08084,Annual,3845.36,Debit Card,2025-07-12,,Premium Plan
CUST08085,Annual,4914.94,Credit Card,2025-09-02,,Basic Plan
CUST08086,Monthly,3660.75,UPI,2024-11-07,,Standard Plan
CUST08087,Annual,1495.46,Debit Card,2022-03-13,,Basic Plan
CUST08088,Annual,1039.7,Credit Card,2025-06-09,,Basic Plan
CUST08089,Monthly,386.83,Credit Card,2021-04-25,2026-08-24,Standard Plan
CUST08090,Quarterly,586.63,UPI,2022-08-01,,Basic Plan
CUST08091,Monthly,2761.32,Credit Card,2022-03-30,2026-01-31,Basic Plan
CUST08092,Quarterly,4260.27,Net Banking,2023-02-07,,Basic Plan
CUST08093,Quarterly,1045.26,Auto Pay,2024-11-15,,Basic Plan
CUST08094,Monthly,1149.93,Auto Pay,2024-08-03,,Premium Plan
CUST08095,Quarterly,4990.06,Debit Card,2022-01-05,,Premium Plan
CUST08096,Annual,4109.26,Net Banking,2021-07-30,,Basic Plan
CUST08097,Annual,532.35,Credit Card,2024-08-16,,Premium Plan
CUST08098,Monthly,2184.72,Credit Card,2025-10-30,,Premium Plan
CUST08099,Monthly,4120.2,Debit Card,2024-09-01,,Standard Plan
CUST08100,Monthly,669.5,Auto Pay,2022-01-23,,Premium Plan
CUST08101,Monthly,2599.64,UPI,2021-12-06,2026-07-29,Basic Plan
CUST08102,Annual,3762.39,UPI,2022-05-03,,Basic Plan
CUST08103,Monthly,1942.79,Debit Card,2025-01-16,2026-07-19,Basic Plan
CUST08104,Monthly,2481.3,Credit Card,2025-04-24,2026-06-28,Basic Plan
CUST08105,Quarterly,3421.1,Debit Card,2023-05-07,,Premium Plan
CUST08106,Monthly,726.43,Credit Card,2022-12-03,,Basic Plan
CUST08107,Monthly,2612.62,Auto Pay,2022-12-16,,Basic Plan
CUST08108,Monthly,4836.41,Debit Card,2023-08-08,,Standard Plan
CUST08109,Annual,4210.92,Net Banking,2021-01-01,2026-03-10,Standard Plan
CUST08110,Monthly,1330.88,Net Banking,2022-09-15,2026-08-18,Basic Plan
CUST08111,Monthly,4892.75,Auto Pay,2025-06-17,,Premium Plan
CUST08112,Monthly,3518.19,Debit Card,2025-08-05,2026-06-09,Premium Plan
CUST08113,Annual,1206.14,Net Banking,2024-02-24,,Basic Plan
CUST08114,Monthly,675.78,Debit Card,2021-10-30,,Basic Plan
CUST08115,Annual,1803.0,Debit Card,2021-08-29,,Basic Plan
CUST08116,Monthly,2074.65,Debit Card,2023-02-03,,Premium Plan
CUST08117,Annual,2282.24,Net Banking,2021-12-18,2026-03-10,Standard Plan
CUST08118,Monthly,736.79,Credit Card,2025-01-29,,Premium Plan
CUST08119,Annual,340.37,Credit Card,2023-04-16,,Standard Plan
CUST08120,Quarterly,1836.86,Debit Card,2023-09-14,2026-01-10,Premium Plan
CUST08121,Monthly,2123.32,Credit Card,2022-07-12,,Basic Plan
CUST08122,Monthly,3810.91,Credit Card,2021-01-08,,Basic Plan
CUST08123,Monthly,4338.14,Auto Pay,2023-01-16,2026-01-31,Standard Plan
CUST08124,Monthly,1412.58,Net Banking,2023-04-02,,Basic Plan
CUST08125,Monthly,3757.19,Net Banking,2023-05-15,2026-05-26,Basic Plan
CUST08126,Monthly,3054.28,Net Banking,2024-07-02,,Basic Plan
CUST08127,Annual,721.36,UPI,2025-12-31,,Basic Plan
CUST08128,Monthly,1140.97,UPI,2023-07-17,2026-01-05,Standard Plan
CUST08129,Monthly,1059.24,Credit Card,2022-07-20,,Basic Plan
CUST08130,Annual,3766.86,UPI,2022-04-21,,Standard Plan
CUST08131,Monthly,4573.16,Credit Card,2024-01-11,2026-01-19,Basic Plan
CUST08132,Annual,402.88,Auto Pay,2024-04-02,,Standard Plan
CUST08133,Annual,2120.83,UPI,2025-03-30,,Premium Plan
CUST08134,Quarterly,1615.28,Net Banking,2021-02-18,2026-05-11,Premium Plan
CUST08135,Quarterly,2667.64,UPI,2021-03-19,2026-03-09,Basic Plan
CUST08136,Monthly,486.02,UPI,2023-05-20,2026-06-09,Standard Plan
CUST08137,Monthly,4355.57,Debit Card,2025-12-01,2026-01-28,Premium Plan
CUST08138,Monthly,3643.42,Debit Card,2022-03-05,,Standard Plan
CUST08139,Quarterly,4102.09,Debit Card,2023-04-03,2026-03-23,Basic Plan
CUST08140,Monthly,3758.3,Credit Card,2025-09-29,,Basic Plan
CUST08141,Annual,1857.98,Debit Card,2024-05-02,,Basic Plan
CUST08142,Monthly,4514.07,Net Banking,2024-05-06,,Standard Plan
CUST08143,Monthly,3859.59,Net Banking,2023-11-12,,Standard Plan
CUST08144,Quarterly,376.12,Debit Card,2023-11-05,,Standard Plan
CUST08145,Quarterly,3900.86,Credit Card,2022-10-29,,Basic Plan
CUST08146,Annual,516.1,Debit Card,2025-11-20,,Basic Plan
CUST08147,Monthly,3639.4,Auto Pay,2022-07-02,,Premium Plan
CUST08148,Monthly,1007.42,Debit Card,2024-06-22,,Standard Plan
CUST08149,Annual,1436.51,Net Banking,2024-03-31,,Standard Plan
CUST08150,Quarterly,396.83,Credit Card,2025-07-16,2026-06-07,Standard Plan
CUST08151,Annual,3099.94,Credit Card,2022-05-23,,Standard Plan
CUST08152,Monthly,1515.34,Auto Pay,2022-03-21,2026-05-23,Standard Plan
CUST08153,Monthly,3544.29,Debit Card,2025-09-15,,Basic Plan
CUST08154,Annual,2275.72,Net Banking,2024-07-15,,Basic Plan
CUST08155,Monthly,4899.67,Auto Pay,2023-05-12,2026-05-15,Basic Plan
CUST08156,Quarterly,2448.1,Net Banking,2025-07-02,2026-04-19,Standard Plan
CUST08157,Quarterly,1203.94,Auto Pay,2021-09-05,,Basic Plan
CUST08158,Monthly,3472.38,Auto Pay,2023-12-27,,Standard Plan
CUST08159,Monthly,2218.89,Debit Card,2021-10-06,,Standard Plan
CUST08160,Monthly,883.69,Net Banking,2023-02-17,,Standard Plan
CUST08161,Monthly,3066.01,Debit Card,2024-04-14,,Standard Plan
CUST08162,Monthly,1855.59,Credit Card,2022-01-28,2026-05-17,Basic Plan
CUST08163,Monthly,3156.82,Credit Card,2023-07-07,,Standard Plan
CUST08164,Monthly,3462.79,UPI,2023-12-01,,Standard Plan
CUST08165,Quarterly,2934.37,Debit Card,2024-11-23,,Basic Plan
CUST08166,Monthly,1680.47,Net Banking,2024-02-28,,Standard Plan
CUST08167,Monthly,2864.4,Auto Pay,2022-02-10,,Standard Plan
CUST08168,Monthly,3599.1,Credit Card,2021-04-06,,Basic Plan
CUST08169,Monthly,4325.39,Net Banking,2025-10-11,2026-04-14,Standard Plan
CUST08170,Monthly,360.63,Debit Card,2022-02-24,2026-03-31,Standard Plan
CUST08171,Quarterly,3115.01,Net Banking,2021-11-03,2026-01-08,Basic Plan
CUST08172,Quarterly,2836.84,UPI,2022-12-02,,Premium Plan
CUST08173,Monthly,3254.41,Debit Card,2024-05-21,,Standard Plan
CUST08174,Quarterly,4423.19,Auto Pay,2023-07-08,,Premium Plan
CUST08175,Annual,4519.63,Credit Card,2023-08-21,,Basic Plan
CUST08176,Monthly,622.28,Net Banking,2021-11-01,,Standard Plan
CUST08177,Annual,1933.65,Auto Pay,2022-07-15,,Basic Plan
CUST08178,Annual,4856.52,Net Banking,2025-12-09,2026-08-13,Basic Plan
CUST08179,Quarterly,4833.9,Auto Pay,2025-12-24,,Basic Plan
CUST08180,Annual,3709.11,Auto Pay,2024-12-18,,Basic Plan
CUST08181,Quarterly,2621.07,Credit Card,2023-03-03,,Standard Plan
CUST08182,Monthly,3136.2,UPI,2024-06-13,,Basic Plan
CUST08183,Annual,4252.83,Credit Card,2024-04-02,,Standard Plan
CUST08184,Monthly,4523.83,Auto Pay,2023-12-15,,Basic Plan
CUST08185,Quarterly,3755.92,UPI,2022-02-14,,Standard Plan
CUST08186,Quarterly,342.47,Credit Card,2022-09-08,,Basic Plan
CUST08187,Monthly,2457.8,UPI,2025-08-24,,Standard Plan
CUST08188,Monthly,4525.34,Net Banking,2022-01-05,,Standard Plan
CUST08189,Monthly,1604.13,Credit Card,2021-11-14,,Basic Plan
CUST08190,Annual,2350.16,Credit Card,2021-02-24,,Standard Plan
CUST08191,Monthly,3789.66,Credit Card,2022-12-20,,Standard Plan
CUST08192,Monthly,2461.49,Credit Card,2022-03-31,,Premium Plan
CUST08193,Monthly,2418.24,Credit Card,2023-03-18,,Basic Plan
CUST08194,Annual,4104.56,Debit Card,2023-09-18,,Standard Plan
CUST08195,Monthly,1272.02,Credit Card,2022-10-07,,Basic Plan
CUST08196,Monthly,2563.14,Auto Pay,2024-09-11,,Basic Plan
CUST08197,Monthly,4721.37,Net Banking,2025-04-08,,Basic Plan
CUST08198,Monthly,1196.19,Debit Card,2022-02-17,,Premium Plan
CUST08199,Monthly,1366.09,UPI,2025-10-01,,Basic Plan
CUST08200,Monthly,1637.93,UPI,2024-07-28,,Basic Plan
CUST08201,Quarterly,3380.57,Debit Card,2021-11-10,,Standard Plan
CUST08202,Monthly,4001.2,Credit Card,2021-11-02,,Basic Plan
CUST08203,Annual,4143.28,Debit Card,2023-12-25,,Standard Plan
CUST08204,Monthly,2804.99,Debit Card,2023-02-28,,Premium Plan
CUST08205,Monthly,2409.59,UPI,2024-08-27,,Basic Plan
CUST08206,Annual,981.96,Credit Card,2022-06-12,2026-08-09,Standard Plan
CUST08207,Monthly,3807.05,Debit Card,2024-02-16,,Basic Plan
CUST08208,Annual,4964.59,Auto Pay,2022-01-15,2026-05-02,Basic Plan
CUST08209,Quarterly,4585.68,Debit Card,2023-07-27,,Premium Plan
CUST08210,Monthly,959.55,Net Banking,2022-02-02,,Premium Plan
CUST08211,Quarterly,796.59,Auto Pay,2024-08-13,,Standard Plan
CUST08212,Annual,616.53,UPI,2023-08-19,,Basic Plan
CUST08213,Monthly,741.49,UPI,2024-09-26,,Basic Plan
CUST08214,Annual,4256.89,Debit Card,2024-12-11,,Basic Plan
CUST08215,Monthly,4527.83,Credit Card,2022-12-28,2026-08-23,Standard Plan
CUST08216,Annual,967.34,Credit Card,2022-02-03,2026-08-05,Premium Plan
CUST08217,Quarterly,302.73,Debit Card,2021-11-05,2026-02-11,Standard Plan
CUST08218,Monthly,4437.8,Debit Card,2025-08-12,,Basic Plan
CUST08219,Quarterly,2590.38,Auto Pay,2021-04-17,2026-03-13,Premium Plan
CUST08220,Monthly,1114.95,UPI,2025-06-15,,Standard Plan
CUST08221,Monthly,433.54,Net Banking,2023-03-28,2026-08-30,Premium Plan
CUST08222,Quarterly,352.15,Auto Pay,2024-12-22,,Standard Plan
CUST08223,Monthly,731.73,Credit Card,2023-03-20,,Basic Plan
CUST08224,Monthly,4122.06,Net Banking,2021-12-14,,Basic Plan
CUST08225,Monthly,1879.89,Auto Pay,2024-10-05,2026-06-24,Premium Plan
CUST08226,Monthly,3889.52,Debit Card,2025-12-14,,Standard Plan
CUST08227,Annual,2501.9,Net Banking,2023-05-04,2026-02-12,Standard Plan
CUST08228,Annual,1522.94,UPI,2023-01-17,,Basic Plan
CUST08229,Annual,1243.02,Net Banking,2022-06-25,,Premium Plan
CUST08230,Monthly,1928.43,Auto Pay,2021-08-27,2026-02-26,Premium Plan
CUST08231,Quarterly,829.59,Auto Pay,2022-12-12,2026-04-11,Basic Plan
CUST08232,Monthly,3457.86,Auto Pay,2023-05-11,,Standard Plan
CUST08233,Monthly,3433.49,Net Banking,2021-01-27,,Basic Plan
CUST08234,Annual,1412.53,UPI,2022-01-22,,Premium Plan
CUST08235,Quarterly,3812.3,UPI,2023-09-15,2026-08-18,Premium Plan
CUST08236,Annual,2672.52,Auto Pay,2022-03-31,,Standard Plan
CUST08237,Monthly,2849.31,Net Banking,2022-05-15,,Standard Plan
CUST08238,Quarterly,4058.5,Auto Pay,2023-09-17,,Standard Plan
CUST08239,Monthly,866.93,Net Banking,2025-07-31,,Standard Plan
CUST08240,Annual,1100.29,Debit Card,2023-07-26,,Standard Plan
CUST08241,Annual,1170.79,Net Banking,2024-08-02,,Standard Plan
CUST08242,Monthly,3641.58,Credit Card,2023-09-26,,Standard Plan
CUST08243,Monthly,3231.19,Credit Card,2023-05-01,,Basic Plan
CUST08244,Monthly,4777.66,Auto Pay,2022-02-23,2026-01-12,Standard Plan
CUST08245,Annual,844.6,Debit Card,2023-03-08,2026-02-28,Basic Plan
CUST08246,Annual,1080.89,Auto Pay,2021-01-30,,Standard Plan
CUST08247,Monthly,609.09,Credit Card,2024-05-18,,Basic Plan
CUST08248,Monthly,1012.45,Credit Card,2023-03-29,,Premium Plan
CUST08249,Annual,2027.64,Net Banking,2021-12-11,,Standard Plan
CUST08250,Monthly,401.16,Debit Card,2024-11-11,2026-04-08,Standard Plan
CUST08251,Annual,2670.54,UPI,2025-04-20,,Basic Plan
CUST08252,Monthly,2553.63,UPI,2025-08-05,,Premium Plan
CUST08253,Monthly,410.22,Debit Card,2024-12-30,2026-03-13,Standard Plan
CUST08254,Monthly,3370.74,Net Banking,2024-06-08,2026-02-08,Premium Plan
CUST08255,Monthly,329.25,Debit Card,2021-06-05,2026-03-10,Standard Plan
CUST08256,Monthly,3325.19,UPI,2025-04-13,,Standard Plan
CUST08257,Quarterly,2191.11,Auto Pay,2025-10-05,,Standard Plan
CUST08258,Monthly,3021.47,Net Banking,2023-01-02,2026-06-30,Basic Plan
CUST08259,Monthly,3852.74,Debit Card,2022-09-23,,Premium Plan
CUST08260,Quarterly,2263.08,Auto Pay,2023-12-13,,Premium Plan
CUST08261,Quarterly,3155.11,Credit Card,2021-07-26,,Premium Plan
CUST08262,Monthly,1437.97,Credit Card,2021-01-10,,Standard Plan
CUST08263,Monthly,1267.27,Debit Card,2025-06-13,2026-06-04,Basic Plan
CUST08264,Monthly,505.47,Net Banking,2023-08-08,,Standard Plan
CUST08265,Annual,4772.38,Credit Card,2021-07-23,,Basic Plan
CUST08266,Monthly,3837.59,Debit Card,2021-01-14,,Standard Plan
CUST08267,Monthly,462.33,Debit Card,2025-01-16,2026-08-25,Standard Plan
CUST08268,Monthly,4202.52,Credit Card,2024-09-27,2026-02-17,Basic Plan
CUST08269,Monthly,2062.2,Credit Card,2022-01-06,2026-04-28,Standard Plan
CUST08270,Monthly,2755.7,Net Banking,2022-10-07,2026-06-16,Standard Plan
CUST08271,Monthly,2934.9,Debit Card,2023-08-16,2026-04-11,Basic Plan
CUST08272,Monthly,2348.43,UPI,2024-02-28,,Basic Plan
CUST08273,Annual,4217.82,Auto Pay,2023-01-03,,Basic Plan
CUST08274,Annual,3403.45,Debit Card,2023-07-15,,Premium Plan
CUST08275,Annual,4713.26,Debit Card,2023-02-10,,Basic Plan
CUST08276,Annual,1907.86,Net Banking,2021-03-27,,Basic Plan
CUST08277,Annual,1603.74,Auto Pay,2021-12-23,,Basic Plan
CUST08278,Quarterly,892.04,Debit Card,2021-06-09,,Standard Plan
CUST08279,Quarterly,4684.72,Debit Card,2025-04-22,,Standard Plan
CUST08280,Quarterly,3855.23,UPI,2024-08-27,,Standard Plan
CUST08281,Monthly,2298.99,Auto Pay,2023-06-01,,Standard Plan
CUST08282,Monthly,1015.0,UPI,2025-10-01,,Basic Plan
CUST08283,Quarterly,3473.33,Net Banking,2023-08-15,2026-06-10,Standard Plan
CUST08284,Annual,4010.3,Credit Card,2024-07-15,,Basic Plan
CUST08285,Monthly,3197.09,Net Banking,2024-06-09,2026-08-16,Standard Plan
CUST08286,Monthly,2990.84,Net Banking,2022-06-19,2026-06-16,Standard Plan
CUST08287,Monthly,4036.62,Net Banking,2023-08-21,,Basic Plan
CUST08288,Monthly,2512.07,Debit Card,2023-06-10,2026-07-16,Standard Plan
CUST08289,Quarterly,389.6,Credit Card,2023-01-24,2026-03-26,Premium Plan
CUST08290,Quarterly,1258.93,UPI,2021-05-21,,Basic Plan
CUST08291,Quarterly,680.46,Auto Pay,2023-02-15,2026-01-14,Standard Plan
CUST08292,Annual,1892.1,UPI,2023-03-03,,Basic Plan
CUST08293,Monthly,578.47,UPI,2025-11-22,,Basic Plan
CUST08294,Monthly,2319.05,Debit Card,2024-03-23,,Standard Plan
CUST08295,Monthly,4640.53,Auto Pay,2021-12-29,,Premium Plan
CUST08296,Annual,3990.12,Auto Pay,2025-10-25,,Basic Plan
CUST08297,Monthly,3129.97,Credit Card,2023-11-28,,Standard Plan
CUST08298,Monthly,2999.34,Credit Card,2025-04-27,,Basic Plan
CUST08299,Quarterly,4461.5,Net Banking,2023-02-23,,Basic Plan
CUST08300,Annual,4899.43,Credit Card,2022-10-02,,Standard Plan
CUST08301,Monthly,2472.45,Net Banking,2022-06-11,,Standard Plan
CUST08302,Quarterly,3988.83,Debit Card,2023-11-22,,Premium Plan
CUST08303,Quarterly,1197.17,Net Banking,2025-12-03,,Basic Plan
CUST08304,Monthly,4145.81,Net Banking,2021-11-26,,Premium Plan
CUST08305,Annual,801.46,Credit Card,2021-08-08,,Premium Plan
CUST08306,Monthly,3286.13,Credit Card,2022-06-09,2026-06-19,Basic Plan
CUST08307,Quarterly,1348.3,Credit Card,2021-01-10,,Premium Plan
CUST08308,Monthly,4716.88,Debit Card,2022-02-11,,Standard Plan
CUST08309,Monthly,1749.79,Debit Card,2021-10-13,,Basic Plan
CUST08310,Monthly,1702.23,Net Banking,2021-07-31,,Standard Plan
CUST08311,Monthly,3808.05,UPI,2022-04-12,,Basic Plan
CUST08312,Monthly,2767.5,UPI,2023-09-16,,Basic Plan
CUST08313,Quarterly,3844.06,Net Banking,2024-05-24,2026-06-23,Premium Plan
CUST08314,Monthly,4569.92,Net Banking,2025-06-01,2026-03-20,Standard Plan
CUST08315,Quarterly,1263.27,Debit Card,2023-04-01,2026-05-15,Basic Plan
CUST08316,Monthly,3094.46,Credit Card,2021-02-26,,Standard Plan
CUST08317,Monthly,1710.01,UPI,2022-09-27,,Basic Plan
CUST08318,Monthly,4874.84,Debit Card,2023-01-04,2026-07-15,Basic Plan
CUST08319,Monthly,3298.38,UPI,2022-02-13,,Basic Plan
CUST08320,Annual,848.06,UPI,2023-07-08,,Standard Plan
CUST08321,Monthly,2476.59,Net Banking,2024-03-23,,Premium Plan
CUST08322,Annual,3042.08,Credit Card,2025-03-17,,Standard Plan
CUST08323,Annual,3649.81,Net Banking,2023-06-14,2026-05-29,Standard Plan
CUST08324,Monthly,3920.18,Credit Card,2025-11-04,2026-05-20,Standard Plan
CUST08325,Annual,4175.46,Debit Card,2025-12-31,2026-03-25,Basic Plan
CUST08326,Quarterly,1173.27,Auto Pay,2024-01-08,,Basic Plan
CUST08327,Quarterly,1752.05,Auto Pay,2023-08-12,,Standard Plan
CUST08328,Monthly,4504.96,UPI,2021-10-15,2026-02-25,Standard Plan
CUST08329,Monthly,1958.77,Net Banking,2023-01-12,,Standard Plan
CUST08330,Quarterly,3828.61,Credit Card,2022-07-25,,Standard Plan
CUST08331,Monthly,1695.74,UPI,2024-04-24,,Standard Plan
CUST08332,Annual,3445.99,Net Banking,2024-03-06,,Basic Plan
CUST08333,Monthly,3405.51,Net Banking,2022-04-14,,Premium Plan
CUST08334,Quarterly,756.25,Credit Card,2022-03-19,,Premium Plan
CUST08335,Monthly,4347.89,Net Banking,2023-10-23,,Standard Plan
CUST08336,Monthly,3630.65,Debit Card,2022-08-19,2026-01-25,Basic Plan
CUST08337,Quarterly,500.86,Credit Card,2024-09-19,,Basic Plan
CUST08338,Monthly,4262.93,Credit Card,2022-08-29,,Basic Plan
CUST08339,Monthly,3474.8,Debit Card,2022-06-14,2026-05-09,Basic Plan
CUST08340,Monthly,4907.88,Debit Card,2021-05-27,,Basic Plan
CUST08341,Monthly,1047.98,Auto Pay,2023-05-15,,Premium Plan
CUST08342,Quarterly,2128.73,UPI,2022-07-18,,Premium Plan
CUST08343,Monthly,4629.16,UPI,2023-10-26,2026-02-04,Standard Plan
CUST08344,Monthly,4432.02,UPI,2023-09-16,,Standard Plan
CUST08345,Quarterly,799.63,Debit Card,2024-02-29,,Basic Plan
CUST08346,Monthly,1640.54,Auto Pay,2024-09-26,2026-03-01,Standard Plan
CUST08347,Monthly,4061.25,UPI,2024-07-05,,Basic Plan
CUST08348,Monthly,3227.51,Auto Pay,2022-09-06,2026-03-11,Standard Plan
CUST08349,Quarterly,3857.84,Credit Card,2025-05-16,,Standard Plan
CUST08350,Quarterly,4437.58,Credit Card,2025-04-30,2026-02-05,Basic Plan
CUST08351,Monthly,930.89,Auto Pay,2024-09-29,,Standard Plan
CUST08352,Monthly,4639.53,Credit Card,2023-12-08,,Premium Plan
CUST08353,Quarterly,1258.27,Net Banking,2022-12-18,,Standard Plan
CUST08354,Annual,3780.18,Credit Card,2023-12-20,2026-04-28,Standard Plan
CUST08355,Monthly,2049.52,Credit Card,2025-05-15,,Standard Plan
CUST08356,Annual,4173.66,Credit Card,2021-12-25,,Standard Plan
CUST08357,Annual,3477.39,Net Banking,2022-07-23,,Standard Plan
CUST08358,Monthly,2768.53,Debit Card,2024-11-23,,Premium Plan
CUST08359,Quarterly,4515.43,UPI,2022-09-01,,Basic Plan
CUST08360,Monthly,4763.93,Net Banking,2021-10-15,,Standard Plan
CUST08361,Quarterly,1636.36,Net Banking,2024-11-02,,Standard Plan
CUST08362,Annual,1928.94,UPI,2025-06-04,,Basic Plan
CUST08363,Monthly,3366.01,Credit Card,2024-08-21,2026-06-03,Standard Plan
CUST08364,Monthly,964.21,Auto Pay,2024-06-05,,Standard Plan
CUST08365,Monthly,4883.4,UPI,2022-09-17,,Basic Plan
CUST08366,Monthly,2282.65,Credit Card,2024-08-12,2026-07-15,Premium Plan
CUST08367,Quarterly,4156.08,Credit Card,2022-08-30,,Premium Plan
CUST08368,Monthly,2120.38,Net Banking,2022-05-06,2026-04-16,Standard Plan
CUST08369,Annual,4513.06,Net Banking,2025-01-04,,Standard Plan
CUST08370,Monthly,4132.66,Credit Card,2021-05-31,,Standard Plan
CUST08371,Monthly,4969.29,Credit Card,2025-10-02,2026-05-15,Standard Plan
CUST08372,Monthly,2075.31,Credit Card,2023-05-18,,Standard Plan
CUST08373,Monthly,1746.25,UPI,2025-09-14,,Premium Plan
CUST08374,Monthly,967.33,Credit Card,2023-11-10,2026-06-03,Standard Plan
CUST08375,Annual,3824.71,UPI,2024-12-27,,Basic Plan
CUST08376,Annual,1024.18,Auto Pay,2025-11-26,,Basic Plan
CUST08377,Monthly,3579.24,Auto Pay,2024-10-21,2026-03-26,Basic Plan
CUST08378,Monthly,3163.77,Debit Card,2023-10-21,,Basic Plan
CUST08379,Quarterly,4918.54,Net Banking,2023-02-05,2026-01-20,Standard Plan
CUST08380,Monthly,3063.58,Debit Card,2022-06-08,,Basic Plan
CUST08381,Quarterly,2240.88,Credit Card,2021-08-16,,Premium Plan
CUST08382,Monthly,2786.77,UPI,2024-06-15,,Standard Plan
CUST08383,Monthly,447.86,Debit Card,2023-07-16,,Standard Plan
CUST08384,Quarterly,1348.31,Debit Card,2025-10-15,2026-03-28,Basic Plan
CUST08385,Quarterly,1620.03,Net Banking,2022-09-17,,Standard Plan
CUST08386,Monthly,4691.61,Credit Card,2022-10-10,,Basic Plan
CUST08387,Monthly,3118.66,Credit Card,2025-10-28,2026-07-04,Basic Plan
CUST08388,Annual,1317.16,Credit Card,2021-03-07,,Standard Plan
CUST08389,Annual,1109.2,Net Banking,2025-02-09,,Basic Plan
CUST08390,Annual,3222.24,UPI,2025-02-14,2026-03-18,Standard Plan
CUST08391,Monthly,452.14,Net Banking,2021-04-01,,Premium Plan
CUST08392,Annual,4107.65,Net Banking,2021-08-22,2026-04-06,Basic Plan
CUST08393,Monthly,3673.23,Net Banking,2021-08-06,2026-04-01,Basic Plan
CUST08394,Monthly,4068.71,UPI,2025-05-16,2026-05-18,Basic Plan
CUST08395,Annual,768.09,Debit Card,2025-05-23,,Basic Plan
CUST08396,Quarterly,1929.09,Net Banking,2024-03-16,,Standard Plan
CUST08397,Quarterly,1236.14,Credit Card,2021-10-16,2026-08-03,Standard Plan
CUST08398,Monthly,4444.66,UPI,2022-05-15,2026-04-21,Basic Plan
CUST08399,Monthly,2835.89,UPI,2021-05-30,,Standard Plan
CUST08400,Monthly,1024.05,Net Banking,2022-05-20,,Basic Plan
CUST08401,Annual,4238.01,Net Banking,2022-09-05,,Basic Plan
CUST08402,Quarterly,4303.8,Net Banking,2021-03-31,,Basic Plan
CUST08403,Monthly,1465.95,UPI,2022-09-18,,Standard Plan
CUST08404,Monthly,2000.98,Net Banking,2023-07-11,,Basic Plan
CUST08405,Quarterly,2015.13,Debit Card,2022-08-02,,Standard Plan
CUST08406,Monthly,3987.0,UPI,2024-03-21,2026-01-20,Standard Plan
CUST08407,Monthly,1537.64,Debit Card,2023-03-05,,Basic Plan
CUST08408,Monthly,3398.09,Debit Card,2022-04-23,2026-04-22,Standard Plan
CUST08409,Annual,2724.84,Net Banking,2021-08-12,,Standard Plan
CUST08410,Quarterly,2525.42,Debit Card,2024-08-07,,Basic Plan
CUST08411,Monthly,1760.27,Net Banking,2025-05-24,,Premium Plan
CUST08412,Quarterly,1015.17,Net Banking,2025-07-29,,Basic Plan
CUST08413,Monthly,2199.23,Net Banking,2021-02-20,,Basic Plan
CUST08414,Annual,1631.14,UPI,2021-03-24,,Basic Plan
CUST08415,Monthly,3740.63,Credit Card,2024-07-30,,Standard Plan
CUST08416,Annual,1288.45,Auto Pay,2025-06-11,2026-04-14,Standard Plan
CUST08417,Annual,1507.72,Debit Card,2024-07-13,,Basic Plan
CUST08418,Quarterly,3369.12,UPI,2025-11-27,,Basic Plan
CUST08419,Monthly,2572.28,Debit Card,2022-09-01,,Basic Plan
CUST08420,Monthly,845.94,UPI,2023-12-20,2026-03-21,Basic Plan
CUST08421,Quarterly,3861.86,Auto Pay,2024-04-21,,Basic Plan
CUST08422,Annual,2210.85,UPI,2021-12-10,,Premium Plan
CUST08423,Monthly,1717.76,Net Banking,2023-09-05,,Standard Plan
CUST08424,Monthly,2100.01,UPI,2025-02-21,,Premium Plan
CUST08425,Annual,1134.23,Auto Pay,2022-05-05,,Basic Plan
CUST08426,Annual,830.62,Credit Card,2025-07-19,,Basic Plan
CUST08427,Monthly,3302.37,Credit Card,2023-07-08,,Standard Plan
CUST08428,Monthly,4089.88,UPI,2022-06-21,,Standard Plan
CUST08429,Quarterly,2593.99,Credit Card,2023-10-04,,Standard Plan
CUST08430,Annual,2413.54,Auto Pay,2024-03-01,,Premium Plan
CUST08431,Quarterly,3783.53,UPI,2025-10-22,,Standard Plan
CUST08432,Monthly,875.82,UPI,2021-01-17,2026-03-04,Standard Plan
CUST08433,Annual,3785.41,Net Banking,2022-02-19,,Basic Plan
CUST08434,Monthly,375.0,Credit Card,2023-06-05,2026-02-15,Standard Plan
CUST08435,Annual,3916.38,Auto Pay,2025-06-24,,Basic Plan
CUST08436,Annual,4614.25,Auto Pay,2024-06-15,,Standard Plan
CUST08437,Monthly,2681.86,Debit Card,2022-07-11,,Basic Plan
CUST08438,Quarterly,2900.28,UPI,2024-08-15,,Basic Plan
CUST08439,Monthly,3594.38,UPI,2022-11-08,2026-01-16,Standard Plan
CUST08440,Monthly,1794.19,Credit Card,2021-05-31,,Standard Plan
CUST08441,Quarterly,2457.06,Auto Pay,2024-10-20,,Standard Plan
CUST08442,Monthly,2847.65,UPI,2024-07-11,,Basic Plan
CUST08443,Monthly,2601.31,Debit Card,2023-06-13,,Standard Plan
CUST08444,Monthly,1744.06,Debit Card,2022-06-01,,Basic Plan
CUST08445,Quarterly,2245.96,Debit Card,2023-04-16,,Standard Plan
CUST08446,Monthly,3239.32,Debit Card,2025-09-17,2026-04-01,Basic Plan
CUST08447,Annual,1246.95,Net Banking,2024-06-12,,Standard Plan
CUST08448,Annual,1910.7,Auto Pay,2021-04-02,,Basic Plan
CUST08449,Monthly,1224.85,Auto Pay,2022-06-29,,Basic Plan
CUST08450,Monthly,1773.22,UPI,2021-11-21,,Standard Plan
CUST08451,Monthly,847.52,Net Banking,2025-04-21,,Standard Plan
CUST08452,Monthly,872.72,Credit Card,2024-08-11,2026-08-22,Standard Plan
CUST08453,Annual,408.17,Debit Card,2022-01-16,,Premium Plan
CUST08454,Annual,3811.72,UPI,2025-07-09,,Basic Plan
CUST08455,Monthly,2967.71,Auto Pay,2025-04-11,2026-02-20,Basic Plan
CUST08456,Annual,1500.79,Debit Card,2021-03-05,,Standard Plan
CUST08457,Monthly,2362.2,Net Banking,2024-05-18,2026-01-11,Premium Plan
CUST08458,Quarterly,4128.94,Credit Card,2022-10-10,,Premium Plan
CUST08459,Monthly,1816.3,Net Banking,2022-04-30,2026-08-11,Basic Plan
CUST08460,Monthly,4973.15,Credit Card,2025-01-15,2026-07-20,Standard Plan
CUST08461,Monthly,2179.05,Credit Card,2025-06-15,,Standard Plan
CUST08462,Monthly,1864.28,Net Banking,2023-01-03,2026-02-28,Standard Plan
CUST08463,Quarterly,4133.53,UPI,2025-04-09,2026-07-14,Basic Plan
CUST08464,Monthly,2336.84,Credit Card,2021-06-12,,Basic Plan
CUST08465,Annual,542.04,Credit Card,2024-01-30,2026-03-22,Basic Plan
CUST08466,Annual,4447.54,Credit Card,2023-03-28,,Basic Plan
CUST08467,Quarterly,1753.34,Credit Card,2024-06-18,,Basic Plan
CUST08468,Monthly,1265.1,Auto Pay,2025-07-20,2026-02-01,Premium Plan
CUST08469,Quarterly,2960.67,Net Banking,2022-08-24,,Standard Plan
CUST08470,Annual,4473.0,Net Banking,2023-03-03,,Basic Plan
CUST08471,Monthly,432.19,UPI,2024-10-15,,Standard Plan
CUST08472,Monthly,1643.5,UPI,2022-06-06,2026-06-11,Basic Plan
CUST08473,Monthly,449.87,Debit Card,2022-04-07,2026-04-07,Basic Plan
CUST08474,Annual,2834.15,Auto Pay,2023-04-08,2026-01-10,Basic Plan
CUST08475,Monthly,1588.38,Auto Pay,2022-03-01,2026-02-22,Standard Plan
CUST08476,Monthly,4966.83,Net Banking,2022-12-20,,Standard Plan
CUST08477,Annual,1997.61,UPI,2025-11-19,2026-03-03,Basic Plan
CUST08478,Quarterly,2983.8,Net Banking,2025-06-05,2026-07-06,Standard Plan
CUST08479,Monthly,4185.81,Debit Card,2023-01-13,,Basic Plan
CUST08480,Monthly,4549.58,Auto Pay,2022-06-29,2026-04-23,Basic Plan
CUST08481,Monthly,4206.55,Auto Pay,2024-11-05,,Premium Plan
CUST08482,Monthly,3364.65,UPI,2024-10-07,2026-07-07,Basic Plan
CUST08483,Quarterly,3172.56,UPI,2021-08-06,,Standard Plan
CUST08484,Quarterly,2089.91,Net Banking,2025-06-06,,Basic Plan
CUST08485,Monthly,1484.26,Credit Card,2024-10-07,,Standard Plan
CUST08486,Monthly,4909.88,Credit Card,2025-10-03,,Premium Plan
CUST08487,Monthly,858.03,Auto Pay,2024-07-09,,Premium Plan
CUST08488,Annual,4347.86,UPI,2021-11-28,,Standard Plan
CUST08489,Monthly,789.23,Credit Card,2021-07-09,2026-07-12,Basic Plan
CUST08490,Monthly,4296.63,UPI,2022-07-18,2026-07-13,Standard Plan
CUST08491,Monthly,779.51,Net Banking,2021-07-29,2026-08-13,Premium Plan
CUST08492,Monthly,1537.69,Auto Pay,2021-05-31,2026-06-17,Premium Plan
CUST08493,Quarterly,4931.03,Net Banking,2023-05-09,,Standard Plan
CUST08494,Quarterly,3475.29,Debit Card,2024-02-26,2026-01-28,Basic Plan
CUST08495,Monthly,910.47,Debit Card,2025-01-10,,Basic Plan
CUST08496,Quarterly,931.45,Debit Card,2025-01-11,,Standard Plan
CUST08497,Monthly,907.39,Auto Pay,2021-11-22,2026-08-10,Basic Plan
CUST08498,Monthly,2474.19,Credit Card,2024-10-19,2026-02-05,Standard Plan
CUST08499,Monthly,1478.97,Debit Card,2021-09-05,2026-06-16,Premium Plan
CUST08500,Annual,1060.67,Net Banking,2021-04-30,,Standard Plan
CUST08501,Monthly,1406.76,Debit Card,2022-07-18,2026-03-17,Standard Plan
CUST08502,Monthly,2136.06,Auto Pay,2025-02-03,2026-06-24,Premium Plan
CUST08503,Monthly,1686.93,Credit Card,2023-10-28,2026-02-04,Standard Plan
CUST08504,Monthly,3496.18,Debit Card,2023-04-06,,Standard Plan
CUST08505,Monthly,1944.56,Auto Pay,2025-08-28,2026-08-12,Standard Plan
CUST08506,Quarterly,4695.05,Debit Card,2024-10-23,,Standard Plan
CUST08507,Monthly,3575.63,Auto Pay,2022-04-02,2026-03-31,Basic Plan
CUST08508,Annual,3336.47,Debit Card,2023-05-10,,Basic Plan
CUST08509,Quarterly,2714.11,UPI,2023-01-07,,Basic Plan
CUST08510,Monthly,4414.67,Auto Pay,2024-10-14,2026-07-14,Standard Plan
CUST08511,Monthly,1962.02,Net Banking,2022-01-30,,Basic Plan
CUST08512,Monthly,529.92,Auto Pay,2025-03-17,2026-01-18,Basic Plan
CUST08513,Monthly,2531.64,UPI,2023-09-05,2026-05-01,Standard Plan
CUST08514,Quarterly,2968.77,Net Banking,2021-02-01,2026-06-19,Standard Plan
CUST08515,Monthly,971.02,Credit Card,2025-12-26,,Basic Plan
CUST08516,Quarterly,3265.65,Net Banking,2025-04-16,,Standard Plan
CUST08517,Monthly,4355.44,Debit Card,2025-02-23,2026-03-29,Basic Plan
CUST08518,Monthly,1143.4,Auto Pay,2025-08-03,2026-01-10,Basic Plan
CUST08519,Monthly,1386.4,Auto Pay,2021-03-16,,Basic Plan
CUST08520,Quarterly,4060.73,UPI,2025-11-16,,Basic Plan
CUST08521,Annual,521.27,Net Banking,2023-04-05,,Standard Plan
CUST08522,Monthly,4088.8,Net Banking,2023-02-15,,Standard Plan
CUST08523,Monthly,2708.08,Debit Card,2021-06-25,,Standard Plan
CUST08524,Annual,4212.8,UPI,2021-04-28,,Basic Plan
CUST08525,Quarterly,4071.01,Credit Card,2021-09-07,,Standard Plan
CUST08526,Quarterly,1160.88,Net Banking,2025-08-16,,Standard Plan
CUST08527,Monthly,4381.62,Debit Card,2021-10-10,2026-03-17,Standard Plan
CUST08528,Monthly,665.83,Auto Pay,2025-01-23,,Premium Plan
CUST08529,Quarterly,552.66,UPI,2021-03-22,,Basic Plan
CUST08530,Quarterly,3835.84,UPI,2023-05-26,,Standard Plan
CUST08531,Monthly,4952.25,Debit Card,2023-11-14,2026-04-11,Standard Plan
CUST08532,Quarterly,2114.13,Auto Pay,2023-09-24,,Premium Plan
CUST08533,Monthly,1869.54,Auto Pay,2025-07-04,2026-07-28,Standard Plan
CUST08534,Monthly,2497.89,UPI,2024-09-14,,Basic Plan
CUST08535,Annual,3824.46,UPI,2021-05-08,,Basic Plan
CUST08536,Monthly,2099.59,Credit Card,2022-06-16,2026-04-06,Basic Plan
CUST08537,Monthly,2009.17,UPI,2024-07-29,2026-08-04,Premium Plan
CUST08538,Monthly,3811.21,Net Banking,2025-05-22,,Standard Plan
CUST08539,Annual,2634.38,Auto Pay,2023-03-01,,Premium Plan
CUST08540,Monthly,2646.11,Credit Card,2023-08-28,,Standard Plan
CUST08541,Monthly,886.96,Debit Card,2025-02-21,,Standard Plan
CUST08542,Monthly,1292.81,Credit Card,2021-03-21,,Basic Plan
CUST08543,Quarterly,3669.66,Debit Card,2025-07-02,,Basic Plan
CUST08544,Monthly,4953.58,Auto Pay,2024-01-04,,Standard Plan
CUST08545,Annual,4130.48,UPI,2025-06-18,2026-07-02,Basic Plan
CUST08546,Monthly,4700.87,Credit Card,2023-11-28,2026-02-08,Basic Plan
CUST08547,Monthly,3318.48,Net Banking,2021-08-14,,Basic Plan
CUST08548,Annual,4206.48,Net Banking,2024-02-01,,Standard Plan
CUST08549,Annual,4652.96,Auto Pay,2024-08-27,2026-06-29,Basic Plan
CUST08550,Quarterly,808.14,Net Banking,2022-05-03,,Standard Plan
CUST08551,Monthly,1439.58,Auto Pay,2024-08-20,,Basic Plan
CUST08552,Monthly,1333.34,Credit Card,2024-06-28,,Premium Plan
CUST08553,Monthly,4857.77,Net Banking,2022-01-10,2026-04-16,Basic Plan
CUST08554,Monthly,3744.38,Debit Card,2022-12-06,2026-08-23,Basic Plan
CUST08555,Monthly,3255.8,Debit Card,2022-04-24,,Standard Plan
CUST08556,Quarterly,4871.69,Credit Card,2022-03-28,,Basic Plan
CUST08557,Annual,3229.65,Debit Card,2023-12-08,,Basic Plan
CUST08558,Monthly,2397.79,Net Banking,2025-02-21,2026-03-10,Basic Plan
CUST08559,Annual,3575.97,Net Banking,2025-11-17,,Basic Plan
CUST08560,Monthly,2108.44,Net Banking,2024-02-11,2026-07-05,Basic Plan
CUST08561,Quarterly,1456.07,Credit Card,2022-03-31,,Premium Plan
CUST08562,Monthly,1042.82,Credit Card,2021-02-24,,Basic Plan
CUST08563,Annual,2539.75,Debit Card,2025-10-30,,Standard Plan
CUST08564,Monthly,3886.4,Debit Card,2021-06-16,2026-01-12,Basic Plan
CUST08565,Quarterly,3755.78,Net Banking,2024-08-28,,Standard Plan
CUST08566,Quarterly,3488.6,Credit Card,2024-04-19,,Basic Plan
CUST08567,Monthly,1058.85,Auto Pay,2023-08-16,2026-08-02,Basic Plan
CUST08568,Annual,719.42,UPI,2021-09-08,,Premium Plan
CUST08569,Monthly,3731.39,Debit Card,2025-03-02,,Standard Plan
CUST08570,Monthly,1857.09,UPI,2023-04-21,2026-04-19,Standard Plan
CUST08571,Monthly,1566.65,Auto Pay,2024-06-01,,Basic Plan
CUST08572,Annual,4131.49,Debit Card,2021-09-17,,Standard Plan
CUST08573,Monthly,564.93,UPI,2024-12-04,2026-08-20,Basic Plan
CUST08574,Monthly,3048.83,Debit Card,2025-03-01,2026-02-11,Basic Plan
CUST08575,Monthly,3725.03,Credit Card,2023-01-22,,Basic Plan
CUST08576,Monthly,300.32,Debit Card,2023-12-08,,Basic Plan
CUST08577,Quarterly,3730.1,Debit Card,2021-07-22,,Basic Plan
CUST08578,Annual,1668.91,Debit Card,2025-09-18,,Premium Plan
CUST08579,Quarterly,4546.28,Credit Card,2023-02-12,2026-05-13,Basic Plan
CUST08580,Monthly,1523.91,UPI,2025-05-03,2026-07-12,Standard Plan
CUST08581,Annual,3004.28,Debit Card,2023-12-26,,Basic Plan
CUST08582,Monthly,3811.85,UPI,2025-02-21,,Standard Plan
CUST08583,Quarterly,3424.19,Debit Card,2024-10-31,,Basic Plan
CUST08584,Annual,2638.98,Net Banking,2021-12-28,2026-02-11,Standard Plan
CUST08585,Quarterly,3779.93,UPI,2021-02-10,,Basic Plan
CUST08586,Annual,3269.99,Net Banking,2021-02-12,,Premium Plan
CUST08587,Annual,2778.64,Credit Card,2021-03-30,,Standard Plan
CUST08588,Annual,1825.16,Credit Card,2023-04-08,,Standard Plan
CUST08589,Monthly,3883.43,Debit Card,2022-02-03,,Basic Plan
CUST08590,Quarterly,3609.4,Credit Card,2024-11-11,,Standard Plan
CUST08591,Monthly,1463.51,Credit Card,2022-01-05,,Basic Plan
CUST08592,Annual,731.39,Debit Card,2024-10-11,,Standard Plan
CUST08593,Monthly,3074.47,Net Banking,2023-03-04,,Standard Plan
CUST08594,Monthly,3530.38,Net Banking,2023-08-13,,Basic Plan
CUST08595,Annual,1804.73,Debit Card,2021-03-02,,Basic Plan
CUST08596,Monthly,4275.62,Net Banking,2021-02-11,,Standard Plan
CUST08597,Monthly,4955.5,UPI,2023-11-18,,Premium Plan
CUST08598,Monthly,3613.68,Auto Pay,2023-05-29,,Basic Plan
CUST08599,Annual,1798.73,Debit Card,2021-06-30,2026-07-12,Basic Plan
CUST08600,Monthly,1388.35,Debit Card,2023-07-13,,Basic Plan
CUST08601,Annual,2205.66,Credit Card,2022-03-26,,Basic Plan
CUST08602,Annual,2182.67,Credit Card,2023-05-29,,Basic Plan
CUST08603,Monthly,2756.84,Debit Card,2023-10-02,2026-04-04,Basic Plan
CUST08604,Annual,2935.58,Credit Card,2025-07-30,,Standard Plan
CUST08605,Annual,3676.25,UPI,2024-04-14,2026-01-05,Basic Plan
CUST08606,Quarterly,2035.42,Debit Card,2024-04-24,,Basic Plan
CUST08607,Monthly,3651.11,Net Banking,2021-02-10,2026-02-02,Basic Plan
CUST08608,Annual,3654.72,UPI,2022-11-29,,Premium Plan
CUST08609,Annual,2427.91,Net Banking,2022-02-04,2026-07-03,Standard Plan
CUST08610,Monthly,949.92,Credit Card,2021-03-07,,Basic Plan
CUST08611,Monthly,1987.89,UPI,2023-12-21,,Standard Plan
CUST08612,Annual,1827.46,UPI,2022-08-26,,Basic Plan
CUST08613,Monthly,452.39,Debit Card,2024-11-05,,Basic Plan
CUST08614,Quarterly,331.13,UPI,2025-05-22,,Basic Plan
CUST08615,Monthly,394.72,UPI,2023-04-09,2026-04-04,Standard Plan
CUST08616,Monthly,449.85,UPI,2023-01-26,,Standard Plan
CUST08617,Annual,3922.81,Debit Card,2024-06-29,,Standard Plan
CUST08618,Monthly,3535.79,UPI,2024-01-31,2026-01-15,Premium Plan
CUST08619,Annual,4828.36,Credit Card,2023-06-19,,Basic Plan
CUST08620,Annual,1312.6,UPI,2023-07-02,,Standard Plan
CUST08621,Annual,1568.61,Credit Card,2024-03-06,,Premium Plan
CUST08622,Monthly,2474.41,Net Banking,2025-09-19,,Standard Plan
CUST08623,Monthly,2885.65,Auto Pay,2024-09-07,2026-03-07,Standard Plan
CUST08624,Monthly,3564.99,Credit Card,2024-12-06,,Basic Plan
CUST08625,Annual,2963.84,UPI,2021-05-22,,Standard Plan
CUST08626,Monthly,2560.39,UPI,2024-04-24,,Standard Plan
CUST08627,Annual,3663.03,Debit Card,2022-02-19,2026-07-19,Basic Plan
CUST08628,Monthly,2660.14,UPI,2023-12-28,,Standard Plan
CUST08629,Quarterly,3774.7,Auto Pay,2022-06-12,,Standard Plan
CUST08630,Annual,4614.92,Credit Card,2023-09-14,,Basic Plan
CUST08631,Quarterly,1622.08,Debit Card,2022-09-30,,Basic Plan
CUST08632,Annual,1001.6,UPI,2021-12-08,,Standard Plan
CUST08633,Monthly,4018.93,Net Banking,2022-10-25,,Standard Plan
CUST08634,Annual,1362.08,Net Banking,2023-07-13,,Standard Plan
CUST08635,Annual,1043.43,Net Banking,2023-07-28,,Basic Plan
CUST08636,Monthly,4103.99,Auto Pay,2025-05-21,2026-03-03,Basic Plan
CUST08637,Annual,1846.19,Net Banking,2022-05-24,,Basic Plan
CUST08638,Annual,3348.23,Auto Pay,2025-03-30,,Basic Plan
CUST08639,Monthly,4619.7,Auto Pay,2025-01-10,2026-02-20,Standard Plan
CUST08640,Quarterly,1646.63,Net Banking,2021-09-08,2026-02-27,Standard Plan
CUST08641,Monthly,665.81,UPI,2024-07-19,2026-02-06,Basic Plan
CUST08642,Monthly,4469.75,Net Banking,2021-07-27,2026-03-20,Standard Plan
CUST08643,Annual,318.35,Credit Card,2022-02-05,,Standard Plan
CUST08644,Annual,530.49,Auto Pay,2023-04-30,,Premium Plan
CUST08645,Monthly,1200.88,Net Banking,2024-03-29,,Standard Plan
CUST08646,Monthly,2978.37,Debit Card,2021-02-17,,Basic Plan
CUST08647,Monthly,3148.78,Net Banking,2021-09-19,,Basic Plan
CUST08648,Monthly,4915.97,Auto Pay,2022-07-16,2026-02-08,Standard Plan
CUST08649,Monthly,1672.47,Net Banking,2023-06-04,,Standard Plan
CUST08650,Monthly,3531.07,Auto Pay,2022-02-19,2026-04-24,Premium Plan
CUST08651,Monthly,1392.64,UPI,2021-12-16,2026-06-01,Standard Plan
CUST08652,Monthly,3207.31,Auto Pay,2021-12-28,,Basic Plan
CUST08653,Annual,4214.75,Net Banking,2023-01-22,,Basic Plan
CUST08654,Monthly,4252.58,UPI,2025-05-09,,Basic Plan
CUST08655,Monthly,3793.36,UPI,2023-11-11,,Standard Plan
CUST08656,Monthly,2896.17,Debit Card,2024-12-29,,Basic Plan
CUST08657,Annual,472.4,Credit Card,2023-12-28,,Basic Plan
CUST08658,Monthly,4019.76,Credit Card,2024-01-10,,Basic Plan
CUST08659,Monthly,2084.4,Credit Card,2023-01-14,2026-02-11,Basic Plan
CUST08660,Monthly,3215.56,UPI,2022-03-18,2026-03-12,Premium Plan
CUST08661,Quarterly,2016.39,Net Banking,2025-05-24,,Standard Plan
CUST08662,Quarterly,664.95,Debit Card,2022-08-28,2026-07-28,Basic Plan
CUST08663,Monthly,2087.66,Debit Card,2022-01-26,,Basic Plan
CUST08664,Quarterly,1749.39,Auto Pay,2025-10-18,,Premium Plan
CUST08665,Monthly,3794.88,UPI,2024-12-26,,Standard Plan
CUST08666,Monthly,3184.98,Auto Pay,2022-02-15,2026-02-26,Standard Plan
CUST08667,Quarterly,2075.53,Debit Card,2023-06-05,,Basic Plan
CUST08668,Quarterly,3331.74,Credit Card,2021-07-16,,Standard Plan
CUST08669,Monthly,2760.78,Auto Pay,2024-12-20,,Standard Plan
CUST08670,Monthly,365.9,Debit Card,2022-11-27,,Standard Plan
CUST08671,Quarterly,779.74,Net Banking,2023-01-06,2026-03-22,Basic Plan
CUST08672,Monthly,2191.85,Credit Card,2024-11-30,,Basic Plan
CUST08673,Annual,818.38,Net Banking,2025-08-20,,Standard Plan
CUST08674,Annual,1129.05,Debit Card,2025-08-23,,Basic Plan
CUST08675,Monthly,1737.13,UPI,2022-07-09,,Basic Plan
CUST08676,Quarterly,574.73,UPI,2022-02-25,,Standard Plan
CUST08677,Monthly,2161.94,Net Banking,2023-11-16,,Standard Plan
CUST08678,Annual,3204.75,Credit Card,2023-10-19,,Basic Plan
CUST08679,Quarterly,3187.94,Credit Card,2024-10-23,,Premium Plan
CUST08680,Monthly,3489.86,Auto Pay,2022-08-02,2026-01-18,Standard Plan
CUST08681,Annual,4776.24,UPI,2023-09-30,,Basic Plan
CUST08682,Monthly,3989.46,Auto Pay,2023-07-18,,Premium Plan
CUST08683,Monthly,1569.0,Net Banking,2025-09-23,2026-03-24,Basic Plan
CUST08684,Annual,3366.82,Debit Card,2022-10-31,,Standard Plan
CUST08685,Annual,479.86,Net Banking,2025-09-26,,Standard Plan
CUST08686,Quarterly,572.55,Auto Pay,2024-02-08,,Premium Plan
CUST08687,Monthly,1993.78,Debit Card,2022-09-17,,Basic Plan
CUST08688,Monthly,402.6,Auto Pay,2023-04-14,2026-03-10,Standard Plan
CUST08689,Monthly,385.47,Debit Card,2021-09-08,2026-06-23,Premium Plan
CUST08690,Monthly,2932.73,Net Banking,2024-02-12,,Standard Plan
CUST08691,Annual,3889.99,Credit Card,2025-07-16,,Premium Plan
CUST08692,Monthly,3216.49,Auto Pay,2021-02-04,,Premium Plan
CUST08693,Quarterly,2872.94,Credit Card,2023-01-27,,Basic Plan
CUST08694,Monthly,4660.46,Credit Card,2022-06-22,,Standard Plan
CUST08695,Monthly,4545.67,Credit Card,2024-04-05,2026-07-14,Basic Plan
CUST08696,Quarterly,1488.43,Auto Pay,2025-10-01,,Basic Plan
CUST08697,Quarterly,2980.62,UPI,2024-03-23,,Standard Plan
CUST08698,Monthly,4067.99,Auto Pay,2023-06-19,2026-06-10,Premium Plan
CUST08699,Annual,3168.55,Credit Card,2024-12-07,,Standard Plan
CUST08700,Quarterly,2613.15,Auto Pay,2021-08-08,2026-07-08,Basic Plan
CUST08701,Monthly,338.15,Debit Card,2022-04-24,,Basic Plan
CUST08702,Monthly,4972.29,Net Banking,2023-06-26,,Basic Plan
CUST08703,Quarterly,1422.99,Credit Card,2025-10-16,2026-07-27,Basic Plan
CUST08704,Monthly,1259.47,Net Banking,2021-06-27,,Standard Plan
CUST08705,Monthly,1645.45,Credit Card,2023-04-05,,Standard Plan
CUST08706,Quarterly,1033.16,Net Banking,2021-11-08,,Basic Plan
CUST08707,Quarterly,3577.22,Auto Pay,2022-11-07,,Basic Plan
CUST08708,Monthly,2378.88,Debit Card,2025-08-24,,Basic Plan
CUST08709,Monthly,4825.6,Auto Pay,2021-07-07,2026-08-04,Standard Plan
CUST08710,Monthly,4915.21,Net Banking,2025-07-13,,Standard Plan
CUST08711,Annual,1444.4,UPI,2025-01-21,,Basic Plan
CUST08712,Monthly,573.63,Credit Card,2023-08-25,,Standard Plan
CUST08713,Monthly,2637.79,Net Banking,2023-10-13,,Basic Plan
CUST08714,Annual,1092.42,Net Banking,2023-12-23,,Basic Plan
CUST08715,Annual,2279.82,Debit Card,2022-10-03,,Standard Plan
CUST08716,Quarterly,3383.99,Debit Card,2022-12-22,,Basic Plan
CUST08717,Monthly,1567.53,Debit Card,2022-08-30,2026-02-23,Basic Plan
CUST08718,Quarterly,2240.43,Debit Card,2023-05-03,2026-04-13,Premium Plan
CUST08719,Monthly,4657.09,Net Banking,2024-10-14,,Premium Plan
CUST08720,Annual,3098.93,Net Banking,2021-11-15,,Premium Plan
CUST08721,Monthly,4416.21,Debit Card,2022-12-29,,Standard Plan
CUST08722,Annual,581.03,Net Banking,2025-09-29,2026-01-11,Standard Plan
CUST08723,Annual,3063.53,Net Banking,2023-07-15,,Standard Plan
CUST08724,Monthly,4734.74,Debit Card,2021-05-02,,Basic Plan
CUST08725,Monthly,4679.09,Auto Pay,2025-06-27,,Standard Plan
CUST08726,Monthly,3952.9,Credit Card,2021-08-09,,Standard Plan
CUST08727,Monthly,3896.69,Net Banking,2022-05-11,,Standard Plan
CUST08728,Monthly,2278.33,Credit Card,2023-02-25,2026-03-27,Premium Plan
CUST08729,Monthly,3840.69,Net Banking,2022-12-25,,Standard Plan
CUST08730,Annual,4206.23,Debit Card,2021-06-29,,Basic Plan
CUST08731,Annual,1568.57,Net Banking,2025-06-14,,Basic Plan
CUST08732,Monthly,2997.33,Auto Pay,2023-07-06,2026-06-26,Basic Plan
CUST08733,Quarterly,309.9,Net Banking,2022-04-10,2026-04-02,Basic Plan
CUST08734,Monthly,366.63,Auto Pay,2024-08-27,2026-08-28,Premium Plan
CUST08735,Annual,2493.39,UPI,2022-02-08,,Standard Plan
CUST08736,Monthly,2911.11,Net Banking,2024-10-03,2026-04-02,Standard Plan
CUST08737,Monthly,4278.13,UPI,2021-05-18,2026-05-13,Basic Plan
CUST08738,Monthly,4626.4,Credit Card,2023-10-28,,Basic Plan
CUST08739,Monthly,2344.73,Auto Pay,2022-08-07,,Standard Plan
CUST08740,Quarterly,3725.36,Net Banking,2021-04-16,2026-06-01,Basic Plan
CUST08741,Quarterly,3367.95,Debit Card,2024-05-17,,Standard Plan
CUST08742,Annual,3779.08,Credit Card,2021-02-08,,Basic Plan
CUST08743,Quarterly,1009.72,Net Banking,2023-09-06,,Standard Plan
CUST08744,Monthly,936.73,Debit Card,2024-05-12,,Basic Plan
CUST08745,Annual,3243.18,Debit Card,2025-07-22,,Standard Plan
CUST08746,Quarterly,477.54,Auto Pay,2023-12-02,2026-02-02,Basic Plan
CUST08747,Monthly,1756.1,Debit Card,2023-03-30,,Standard Plan
CUST08748,Annual,3732.7,Debit Card,2025-05-22,,Basic Plan
CUST08749,Monthly,4739.53,Debit Card,2024-11-17,2026-06-07,Basic Plan
CUST08750,Monthly,1063.49,Auto Pay,2024-07-09,2026-03-07,Basic Plan
CUST08751,Monthly,1630.18,Auto Pay,2025-08-26,,Standard Plan
CUST08752,Annual,553.99,Debit Card,2022-06-14,,Standard Plan
CUST08753,Quarterly,751.49,UPI,2025-03-29,,Premium Plan
CUST08754,Monthly,4898.69,Credit Card,2021-08-22,,Premium Plan
CUST08755,Monthly,2885.4,Auto Pay,2024-06-16,,Standard Plan
CUST08756,Monthly,3035.79,Debit Card,2022-11-22,,Premium Plan
CUST08757,Monthly,1425.41,Debit Card,2025-12-26,,Premium Plan
CUST08758,Monthly,896.42,Credit Card,2023-06-15,2026-01-19,Premium Plan
CUST08759,Monthly,3404.49,UPI,2021-11-27,,Standard Plan
CUST08760,Monthly,2695.44,Debit Card,2022-08-09,2026-06-27,Premium Plan
CUST08761,Monthly,3732.95,Net Banking,2022-06-04,,Basic Plan
CUST08762,Quarterly,666.44,Auto Pay,2022-04-28,,Basic Plan
CUST08763,Annual,3683.83,Debit Card,2023-11-04,,Basic Plan
CUST08764,Annual,943.71,Credit Card,2022-04-02,,Basic Plan
CUST08765,Quarterly,3250.8,Net Banking,2023-09-16,,Basic Plan
CUST08766,Monthly,1184.99,UPI,2024-01-03,2026-08-16,Basic Plan
CUST08767,Annual,2039.93,UPI,2021-09-05,,Basic Plan
CUST08768,Monthly,4057.26,Auto Pay,2021-10-19,,Basic Plan
CUST08769,Monthly,2141.9,Auto Pay,2024-10-09,2026-04-10,Standard Plan
CUST08770,Annual,2100.71,UPI,2021-04-01,,Basic Plan
CUST08771,Monthly,1473.17,Auto Pay,2021-04-24,,Basic Plan
CUST08772,Monthly,953.39,Net Banking,2023-10-06,,Standard Plan
CUST08773,Monthly,1938.17,UPI,2022-04-09,2026-04-20,Standard Plan
CUST08774,Monthly,3225.56,UPI,2024-03-23,,Standard Plan
CUST08775,Annual,827.77,Net Banking,2024-01-28,,Standard Plan
CUST08776,Monthly,2850.49,Credit Card,2025-06-25,,Basic Plan
CUST08777,Monthly,1967.75,UPI,2021-09-03,2026-07-16,Basic Plan
CUST08778,Quarterly,931.1,Debit Card,2024-07-10,2026-06-16,Standard Plan
CUST08779,Quarterly,4181.93,Net Banking,2022-07-06,,Basic Plan
CUST08780,Monthly,2491.36,Net Banking,2023-03-12,2026-05-17,Basic Plan
CUST08781,Monthly,1372.33,Credit Card,2022-09-02,,Premium Plan
CUST08782,Monthly,2302.69,Debit Card,2023-11-20,,Basic Plan
CUST08783,Monthly,4096.61,Credit Card,2022-01-16,2026-04-28,Standard Plan
CUST08784,Annual,1269.03,Net Banking,2024-03-18,,Basic Plan
CUST08785,Quarterly,695.61,Debit Card,2024-10-26,,Premium Plan
CUST08786,Annual,917.6,Credit Card,2021-06-21,,Basic Plan
CUST08787,Monthly,2243.55,Auto Pay,2021-12-31,,Standard Plan
CUST08788,Annual,4126.91,Credit Card,2023-05-29,,Basic Plan
CUST08789,Quarterly,2812.92,Auto Pay,2023-11-04,,Standard Plan
CUST08790,Annual,4254.85,Credit Card,2023-05-25,2026-03-19,Standard Plan
CUST08791,Annual,1089.51,Debit Card,2024-05-06,,Standard Plan
CUST08792,Quarterly,850.84,Credit Card,2024-12-09,2026-07-14,Basic Plan
CUST08793,Monthly,3640.82,Auto Pay,2023-05-08,2026-05-14,Basic Plan
CUST08794,Monthly,936.86,Auto Pay,2024-08-16,,Basic Plan
CUST08795,Monthly,2424.25,Auto Pay,2024-03-31,2026-04-18,Basic Plan
CUST08796,Monthly,3912.41,Debit Card,2024-09-22,,Basic Plan
CUST08797,Monthly,2898.02,Auto Pay,2021-02-02,,Basic Plan
CUST08798,Annual,2668.82,Credit Card,2025-01-31,,Standard Plan
CUST08799,Monthly,1580.73,Auto Pay,2023-03-01,,Standard Plan
CUST08800,Monthly,2854.89,UPI,2025-01-01,,Standard Plan
CUST08801,Monthly,3512.82,UPI,2023-04-04,2026-07-03,Premium Plan
CUST08802,Monthly,415.8,Net Banking,2025-03-06,,Basic Plan
CUST08803,Monthly,2634.45,UPI,2021-03-09,,Basic Plan
CUST08804,Annual,4799.54,Credit Card,2025-08-22,,Premium Plan
CUST08805,Annual,4255.77,Auto Pay,2023-07-27,2026-03-25,Basic Plan
CUST08806,Monthly,4766.31,Credit Card,2025-01-15,,Basic Plan
CUST08807,Annual,4973.35,UPI,2023-11-04,,Standard Plan
CUST08808,Quarterly,933.21,UPI,2025-04-30,,Basic Plan
CUST08809,Monthly,1910.43,UPI,2024-05-05,,Basic Plan
CUST08810,Monthly,2209.37,Credit Card,2021-08-11,,Standard Plan
CUST08811,Monthly,3858.28,Auto Pay,2023-11-07,,Basic Plan
CUST08812,Monthly,1984.9,Net Banking,2025-05-07,2026-07-11,Basic Plan
CUST08813,Monthly,4583.56,Auto Pay,2023-09-19,,Standard Plan
CUST08814,Monthly,3894.64,Credit Card,2023-09-23,2026-03-03,Premium Plan
CUST08815,Monthly,4972.22,Auto Pay,2024-07-24,2026-08-05,Basic Plan
CUST08816,Monthly,4117.08,Net Banking,2022-10-27,,Standard Plan
CUST08817,Monthly,3511.21,Auto Pay,2023-12-03,2026-07-05,Standard Plan
CUST08818,Quarterly,3104.61,Auto Pay,2025-05-30,,Basic Plan
CUST08819,Annual,1389.66,Credit Card,2024-09-10,,Standard Plan
CUST08820,Annual,4151.93,Net Banking,2023-04-01,,Basic Plan
CUST08821,Annual,392.52,Auto Pay,2023-08-07,,Basic Plan
CUST08822,Monthly,2180.71,Net Banking,2025-09-10,,Standard Plan
CUST08823,Annual,2540.14,UPI,2021-08-23,,Basic Plan
CUST08824,Quarterly,4348.91,Net Banking,2021-12-17,,Basic Plan
CUST08825,Quarterly,1164.15,Debit Card,2021-07-26,2026-02-07,Standard Plan
CUST08826,Monthly,4515.51,Credit Card,2025-06-14,2026-03-07,Basic Plan
CUST08827,Quarterly,4619.59,Net Banking,2025-10-13,,Basic Plan
CUST08828,Monthly,463.67,Net Banking,2021-10-06,2026-08-18,Standard Plan
CUST08829,Monthly,393.47,Debit Card,2022-04-13,,Standard Plan
CUST08830,Annual,4659.29,UPI,2023-12-16,,Basic Plan
CUST08831,Annual,4824.11,Credit Card,2021-02-05,,Standard Plan
CUST08832,Monthly,4529.19,Debit Card,2022-04-15,2026-05-28,Standard Plan
CUST08833,Quarterly,904.14,Auto Pay,2021-02-01,,Premium Plan
CUST08834,Annual,1660.43,Auto Pay,2023-02-15,,Premium Plan
CUST08835,Annual,2747.82,Credit Card,2024-08-24,2026-03-29,Standard Plan
CUST08836,Monthly,1188.83,Auto Pay,2024-03-06,,Standard Plan
CUST08837,Monthly,4419.96,UPI,2021-10-21,2026-03-05,Basic Plan
CUST08838,Annual,3298.06,Net Banking,2022-07-18,,Basic Plan
CUST08839,Monthly,3728.01,Debit Card,2023-09-20,2026-06-23,Basic Plan
CUST08840,Quarterly,3481.49,Debit Card,2023-12-21,2026-06-05,Basic Plan
CUST08841,Annual,1242.15,Credit Card,2022-11-24,,Standard Plan
CUST08842,Quarterly,1832.86,Auto Pay,2022-08-20,,Standard Plan
CUST08843,Monthly,424.88,Net Banking,2023-11-19,2026-06-05,Standard Plan
CUST08844,Annual,4305.13,Net Banking,2021-07-03,2026-07-15,Basic Plan
CUST08845,Monthly,3347.1,Auto Pay,2021-12-23,2026-01-08,Basic Plan
CUST08846,Monthly,2030.26,Auto Pay,2024-12-06,2026-08-21,Premium Plan
CUST08847,Monthly,740.54,Net Banking,2024-03-15,,Standard Plan
CUST08848,Monthly,2338.33,Auto Pay,2025-09-13,,Premium Plan
CUST08849,Monthly,653.85,Credit Card,2021-07-13,,Basic Plan
CUST08850,Monthly,4103.04,Debit Card,2024-11-23,,Standard Plan
CUST08851,Monthly,2784.67,Auto Pay,2025-05-21,2026-03-16,Basic Plan
CUST08852,Monthly,1166.89,UPI,2024-03-31,,Basic Plan
CUST08853,Monthly,3714.9,Debit Card,2025-01-14,,Basic Plan
CUST08854,Monthly,4028.46,UPI,2024-08-22,,Standard Plan
CUST08855,Annual,898.37,Debit Card,2025-01-15,,Basic Plan
CUST08856,Monthly,2434.99,Auto Pay,2021-10-27,2026-04-28,Basic Plan
CUST08857,Quarterly,899.14,Auto Pay,2024-04-20,,Standard Plan
CUST08858,Quarterly,4402.45,Auto Pay,2022-07-17,,Standard Plan
CUST08859,Monthly,4580.18,Net Banking,2021-03-08,2026-01-24,Standard Plan
CUST08860,Monthly,1973.79,Debit Card,2021-09-25,,Basic Plan
CUST08861,Quarterly,4324.9,UPI,2022-12-02,,Premium Plan
CUST08862,Monthly,1824.86,Auto Pay,2021-05-12,,Basic Plan
CUST08863,Annual,4434.86,Credit Card,2023-05-29,2026-04-15,Basic Plan
CUST08864,Quarterly,1061.24,UPI,2024-12-07,,Basic Plan
CUST08865,Monthly,3689.88,Net Banking,2024-08-11,2026-07-11,Premium Plan
CUST08866,Monthly,2178.82,Auto Pay,2022-02-26,2026-07-18,Standard Plan
CUST08867,Monthly,2931.26,Auto Pay,2021-07-24,2026-04-19,Basic Plan
CUST08868,Monthly,4905.29,Debit Card,2021-02-26,2026-02-06,Basic Plan
CUST08869,Annual,3108.77,Credit Card,2023-09-05,,Basic Plan
CUST08870,Quarterly,2255.67,UPI,2024-10-13,2026-02-07,Basic Plan
CUST08871,Monthly,3290.81,Net Banking,2022-05-01,,Basic Plan
CUST08872,Monthly,4156.68,Debit Card,2024-01-21,2026-04-09,Basic Plan
CUST08873,Quarterly,1065.92,UPI,2022-03-15,,Basic Plan
CUST08874,Monthly,2714.19,Net Banking,2021-11-29,2026-06-04,Standard Plan
CUST08875,Monthly,965.9,Credit Card,2023-02-15,,Basic Plan
CUST08876,Monthly,2095.0,Net Banking,2021-06-26,2026-05-20,Standard Plan
CUST08877,Monthly,1928.83,Net Banking,2025-10-09,2026-03-14,Premium Plan
CUST08878,Monthly,1254.31,Credit Card,2022-08-23,,Basic Plan
CUST08879,Monthly,310.94,Auto Pay,2025-08-17,,Premium Plan
CUST08880,Annual,4525.46,Credit Card,2021-02-06,,Basic Plan
CUST08881,Monthly,3070.42,Debit Card,2022-10-10,,Basic Plan
CUST08882,Monthly,4573.82,Auto Pay,2024-01-27,2026-07-21,Basic Plan
CUST08883,Monthly,3614.05,Auto Pay,2021-09-18,2026-02-17,Basic Plan
CUST08884,Quarterly,3253.45,Auto Pay,2023-09-24,2026-03-27,Standard Plan
CUST08885,Quarterly,2616.04,UPI,2023-06-26,,Basic Plan
CUST08886,Monthly,3760.95,Net Banking,2021-01-05,2026-06-18,Premium Plan
CUST08887,Monthly,3791.16,Net Banking,2022-06-12,,Basic Plan
CUST08888,Monthly,4044.01,Net Banking,2025-06-24,2026-06-16,Premium Plan
CUST08889,Monthly,4075.46,Net Banking,2021-02-02,2026-07-18,Basic Plan
CUST08890,Monthly,1739.18,Net Banking,2025-11-09,,Basic Plan
CUST08891,Monthly,3707.98,Auto Pay,2023-01-09,2026-03-24,Premium Plan
CUST08892,Annual,1577.7,Net Banking,2023-02-15,,Basic Plan
CUST08893,Annual,3692.22,UPI,2021-09-06,,Basic Plan
CUST08894,Annual,4858.52,Credit Card,2023-08-18,,Basic Plan
CUST08895,Annual,4738.15,Debit Card,2025-12-01,,Standard Plan
CUST08896,Annual,4868.54,Credit Card,2023-10-25,,Basic Plan
CUST08897,Monthly,2849.22,UPI,2022-09-15,,Standard Plan
CUST08898,Monthly,4968.22,Net Banking,2024-03-05,2026-05-07,Standard Plan
CUST08899,Monthly,3109.12,Debit Card,2023-07-13,,Standard Plan
CUST08900,Monthly,505.81,Debit Card,2022-08-15,,Standard Plan
CUST08901,Monthly,4852.73,Credit Card,2025-06-12,2026-06-25,Basic Plan
CUST08902,Monthly,1435.24,Net Banking,2021-02-09,,Basic Plan
CUST08903,Monthly,3684.91,Debit Card,2023-07-09,2026-07-03,Standard Plan
CUST08904,Monthly,2392.56,Credit Card,2024-07-07,2026-03-14,Standard Plan
CUST08905,Monthly,983.47,Auto Pay,2022-01-20,2026-04-03,Standard Plan
CUST08906,Monthly,2257.0,Net Banking,2022-04-12,,Premium Plan
CUST08907,Monthly,3316.78,UPI,2022-11-05,,Basic Plan
CUST08908,Monthly,4308.31,Net Banking,2021-01-30,,Standard Plan
CUST08909,Annual,3989.94,Net Banking,2022-01-28,,Basic Plan
CUST08910,Monthly,1779.23,Debit Card,2022-01-31,,Basic Plan
CUST08911,Annual,1737.0,UPI,2023-01-01,,Basic Plan
CUST08912,Annual,4865.19,Credit Card,2022-08-22,,Basic Plan
CUST08913,Monthly,3201.77,Debit Card,2025-06-04,,Basic Plan
CUST08914,Monthly,2070.44,Auto Pay,2024-03-26,,Standard Plan
CUST08915,Quarterly,1875.63,Credit Card,2021-12-12,,Basic Plan
CUST08916,Monthly,2576.52,UPI,2024-06-11,2026-04-13,Basic Plan
CUST08917,Monthly,4828.82,Debit Card,2025-12-29,2026-06-28,Premium Plan
CUST08918,Monthly,4248.99,Net Banking,2024-02-06,,Basic Plan
CUST08919,Monthly,1599.25,Auto Pay,2021-08-11,,Standard Plan
CUST08920,Monthly,1733.14,UPI,2025-08-12,,Basic Plan
CUST08921,Annual,2846.66,UPI,2022-08-18,,Premium Plan
CUST08922,Annual,4589.0,Debit Card,2025-07-31,,Standard Plan
CUST08923,Monthly,2246.19,Net Banking,2025-11-27,,Basic Plan
CUST08924,Annual,4255.61,Debit Card,2021-12-11,,Standard Plan
CUST08925,Monthly,3434.27,Debit Card,2021-08-27,2026-03-06,Standard Plan
CUST08926,Quarterly,3421.48,Credit Card,2021-09-18,,Basic Plan
CUST08927,Monthly,1433.4,Credit Card,2025-03-29,2026-08-16,Standard Plan
CUST08928,Quarterly,3498.0,Credit Card,2025-11-13,,Standard Plan
CUST08929,Monthly,4784.23,UPI,2023-05-24,,Basic Plan
CUST08930,Monthly,4741.13,Debit Card,2023-06-10,,Premium Plan
CUST08931,Quarterly,4853.99,Net Banking,2025-06-15,2026-04-16,Basic Plan
CUST08932,Monthly,2482.56,Credit Card,2023-11-04,,Basic Plan
CUST08933,Monthly,408.29,UPI,2025-12-05,2026-03-26,Standard Plan
CUST08934,Monthly,4940.23,Credit Card,2021-09-02,2026-02-04,Standard Plan
CUST08935,Quarterly,3176.26,Debit Card,2025-11-27,,Standard Plan
CUST08936,Monthly,4786.59,UPI,2023-07-15,,Premium Plan
CUST08937,Quarterly,4428.11,Credit Card,2024-06-03,,Basic Plan
CUST08938,Monthly,3175.93,Net Banking,2024-07-14,2026-04-18,Basic Plan
CUST08939,Monthly,2916.45,Credit Card,2024-04-05,,Basic Plan
CUST08940,Monthly,825.15,Net Banking,2023-04-21,,Basic Plan
CUST08941,Monthly,1261.86,Debit Card,2025-11-06,,Standard Plan
CUST08942,Monthly,4585.41,Debit Card,2021-10-21,,Basic Plan
CUST08943,Quarterly,3971.52,Net Banking,2022-12-06,,Premium Plan
CUST08944,Annual,703.15,UPI,2023-04-24,,Standard Plan
CUST08945,Annual,2362.4,UPI,2023-05-31,,Basic Plan
CUST08946,Quarterly,2943.04,UPI,2024-06-28,,Basic Plan
CUST08947,Monthly,4661.92,Debit Card,2021-03-30,,Standard Plan
CUST08948,Annual,2588.81,UPI,2025-08-22,,Standard Plan
CUST08949,Monthly,3204.75,Auto Pay,2025-10-01,2026-08-06,Basic Plan
CUST08950,Monthly,3885.59,Auto Pay,2023-10-09,,Standard Plan
CUST08951,Quarterly,1324.99,Debit Card,2023-08-02,,Basic Plan
CUST08952,Monthly,3428.58,Auto Pay,2022-10-27,2026-05-10,Basic Plan
CUST08953,Monthly,4128.06,Credit Card,2021-07-27,,Standard Plan
CUST08954,Quarterly,1332.09,Net Banking,2022-04-25,,Standard Plan
CUST08955,Monthly,1286.23,Debit Card,2024-01-23,2026-01-22,Standard Plan
CUST08956,Monthly,2941.31,Auto Pay,2024-05-19,2026-05-30,Basic Plan
CUST08957,Annual,3792.22,Debit Card,2024-07-27,,Basic Plan
CUST08958,Monthly,3579.34,Credit Card,2025-03-19,2026-05-07,Basic Plan
CUST08959,Monthly,1700.23,UPI,2025-01-28,2026-08-06,Premium Plan
CUST08960,Annual,2637.66,Net Banking,2025-03-30,,Basic Plan
CUST08961,Monthly,3043.74,Credit Card,2023-09-30,,Standard Plan
CUST08962,Annual,2502.18,Credit Card,2025-01-01,,Standard Plan
CUST08963,Monthly,819.53,Debit Card,2024-08-14,2026-05-30,Basic Plan
CUST08964,Monthly,2266.85,Debit Card,2025-04-14,2026-01-24,Standard Plan
CUST08965,Annual,2691.68,Auto Pay,2023-07-05,2026-02-20,Premium Plan
CUST08966,Monthly,1716.17,Debit Card,2021-01-28,,Basic Plan
CUST08967,Quarterly,2294.47,Net Banking,2024-12-01,,Premium Plan
CUST08968,Quarterly,4542.78,Auto Pay,2025-02-21,2026-01-05,Basic Plan
CUST08969,Quarterly,3944.62,UPI,2021-03-26,2026-04-12,Basic Plan
CUST08970,Monthly,3498.92,Auto Pay,2023-11-13,2026-03-26,Basic Plan
CUST08971,Annual,2833.54,Net Banking,2023-10-13,,Standard Plan
CUST08972,Annual,848.3,UPI,2021-11-30,,Standard Plan
CUST08973,Monthly,686.5,Auto Pay,2024-02-20,2026-07-20,Basic Plan
CUST08974,Quarterly,4828.91,UPI,2025-06-18,,Basic Plan
CUST08975,Monthly,338.02,Debit Card,2025-07-04,,Basic Plan
CUST08976,Monthly,1452.79,Debit Card,2025-07-24,,Standard Plan
CUST08977,Monthly,3236.25,UPI,2022-12-09,2026-06-22,Standard Plan
CUST08978,Monthly,2667.13,UPI,2022-02-26,2026-06-28,Basic Plan
CUST08979,Quarterly,3421.08,Credit Card,2024-11-11,2026-02-26,Standard Plan
CUST08980,Quarterly,1060.29,Net Banking,2025-09-26,2026-08-11,Standard Plan
CUST08981,Monthly,2826.47,Debit Card,2023-09-03,,Basic Plan
CUST08982,Quarterly,2288.48,Credit Card,2022-12-19,,Basic Plan
CUST08983,Monthly,1987.36,Credit Card,2022-01-19,,Standard Plan
CUST08984,Monthly,4298.02,Net Banking,2024-05-09,2026-01-12,Basic Plan
CUST08985,Monthly,2471.11,UPI,2024-06-06,2026-08-27,Standard Plan
CUST08986,Annual,2445.63,Auto Pay,2021-04-08,,Premium Plan
CUST08987,Monthly,2881.55,Auto Pay,2023-03-15,,Basic Plan
CUST08988,Quarterly,3435.4,UPI,2023-02-25,,Basic Plan
CUST08989,Monthly,2243.68,Debit Card,2024-10-31,2026-02-07,Standard Plan
CUST08990,Monthly,2809.49,Debit Card,2021-08-07,,Standard Plan
CUST08991,Monthly,4986.68,Debit Card,2024-10-28,,Standard Plan
CUST08992,Monthly,2795.19,Credit Card,2025-11-17,,Standard Plan
CUST08993,Monthly,3224.73,UPI,2024-06-21,2026-04-02,Basic Plan
CUST08994,Monthly,1191.28,Net Banking,2025-07-15,2026-05-25,Basic Plan
CUST08995,Monthly,1958.76,Debit Card,2022-06-19,2026-07-06,Standard Plan
CUST08996,Quarterly,4189.82,Auto Pay,2025-07-04,2026-04-21,Basic Plan
CUST08997,Quarterly,861.74,UPI,2024-10-23,,Premium Plan
CUST08998,Monthly,310.79,UPI,2023-01-05,2026-03-16,Standard Plan
CUST08999,Monthly,2987.82,Net Banking,2024-09-07,,Standard Plan
CUST09000,Annual,1750.61,Net Banking,2025-07-25,2026-01-28,Basic Plan
CUST09001,Monthly,1611.11,Net Banking,2024-11-07,,Premium Plan
CUST09002,Monthly,766.14,Debit Card,2021-05-04,,Basic Plan
CUST09003,Annual,4154.53,Debit Card,2025-08-07,,Basic Plan
CUST09004,Monthly,4417.1,Debit Card,2025-08-22,2026-07-27,Standard Plan
CUST09005,Monthly,4156.88,Net Banking,2022-10-04,,Standard Plan
CUST09006,Monthly,3098.85,Net Banking,2023-04-04,,Basic Plan
CUST09007,Monthly,2941.44,Auto Pay,2025-01-13,,Basic Plan
CUST09008,Monthly,4820.53,Debit Card,2022-01-20,,Standard Plan
CUST09009,Monthly,2397.02,Net Banking,2025-01-08,,Basic Plan
CUST09010,Monthly,798.46,Credit Card,2024-04-21,2026-05-07,Premium Plan
CUST09011,Monthly,1247.59,Debit Card,2021-02-25,2026-04-19,Premium Plan
CUST09012,Monthly,3768.07,Auto Pay,2021-10-26,2026-01-09,Standard Plan
CUST09013,Monthly,3901.83,Debit Card,2021-05-10,2026-03-04,Standard Plan
CUST09014,Quarterly,2532.04,Net Banking,2022-08-09,,Basic Plan
CUST09015,Quarterly,2074.24,Debit Card,2025-03-14,2026-01-22,Standard Plan
CUST09016,Annual,988.24,Net Banking,2025-03-08,,Basic Plan
CUST09017,Monthly,908.66,Credit Card,2021-07-28,,Standard Plan
CUST09018,Monthly,4642.08,Auto Pay,2022-03-13,2026-07-22,Standard Plan
CUST09019,Quarterly,2619.58,UPI,2021-04-04,,Basic Plan
CUST09020,Monthly,4040.49,Auto Pay,2021-02-11,,Basic Plan
CUST09021,Monthly,1438.64,Debit Card,2021-06-02,,Standard Plan
CUST09022,Annual,4125.31,UPI,2025-04-25,,Basic Plan
CUST09023,Annual,3818.76,Credit Card,2022-06-01,,Basic Plan
CUST09024,Monthly,1506.67,Debit Card,2025-03-29,,Standard Plan
CUST09025,Quarterly,3682.72,Credit Card,2025-02-19,,Basic Plan
CUST09026,Annual,1256.17,UPI,2023-06-05,,Standard Plan
CUST09027,Annual,2557.13,Auto Pay,2024-07-04,,Standard Plan
CUST09028,Quarterly,2619.77,UPI,2022-01-05,,Standard Plan
CUST09029,Quarterly,1696.92,Auto Pay,2024-12-14,,Basic Plan
CUST09030,Monthly,4161.55,Credit Card,2025-05-07,,Standard Plan
CUST09031,Monthly,1430.86,Credit Card,2025-07-16,,Premium Plan
CUST09032,Monthly,4881.37,UPI,2024-09-22,,Standard Plan
CUST09033,Monthly,1307.07,Debit Card,2025-03-27,,Basic Plan
CUST09034,Annual,3609.06,Auto Pay,2024-01-01,,Basic Plan
CUST09035,Monthly,2717.13,Auto Pay,2021-03-20,,Basic Plan
CUST09036,Monthly,4449.37,UPI,2023-08-20,2026-01-23,Basic Plan
CUST09037,Quarterly,1621.17,UPI,2022-09-16,,Basic Plan
CUST09038,Annual,826.41,Auto Pay,2021-06-21,,Standard Plan
CUST09039,Annual,522.72,Debit Card,2024-08-17,,Basic Plan
CUST09040,Monthly,468.65,UPI,2024-08-21,,Standard Plan
CUST09041,Annual,4280.43,Debit Card,2021-01-02,,Standard Plan
CUST09042,Quarterly,3563.26,Debit Card,2021-06-24,,Premium Plan
CUST09043,Annual,886.49,Debit Card,2022-02-09,2026-02-18,Premium Plan
CUST09044,Monthly,4582.6,Debit Card,2024-04-24,2026-08-24,Basic Plan
CUST09045,Monthly,3282.08,Auto Pay,2023-07-30,,Basic Plan
CUST09046,Annual,1050.01,UPI,2024-12-01,,Standard Plan
CUST09047,Monthly,2019.81,Auto Pay,2024-09-13,,Standard Plan
CUST09048,Quarterly,1704.89,UPI,2025-01-12,,Standard Plan
CUST09049,Quarterly,1528.45,Auto Pay,2024-10-01,2026-08-09,Standard Plan
CUST09050,Monthly,3518.82,UPI,2023-10-22,2026-07-01,Basic Plan
CUST09051,Monthly,4249.12,Debit Card,2022-10-21,,Basic Plan
CUST09052,Annual,1776.14,UPI,2023-10-09,2026-03-26,Basic Plan
CUST09053,Annual,3041.18,UPI,2024-10-30,,Premium Plan
CUST09054,Annual,1637.68,Net Banking,2025-08-15,,Standard Plan
CUST09055,Monthly,2142.64,Debit Card,2023-10-01,,Standard Plan
CUST09056,Monthly,3325.14,Debit Card,2022-09-09,,Basic Plan
CUST09057,Quarterly,634.41,Auto Pay,2024-04-21,,Premium Plan
CUST09058,Monthly,1403.5,UPI,2025-11-20,,Basic Plan
CUST09059,Monthly,4464.14,Net Banking,2021-08-12,,Standard Plan
CUST09060,Monthly,3864.59,UPI,2022-10-23,2026-02-28,Premium Plan
CUST09061,Monthly,2596.75,UPI,2022-03-31,,Standard Plan
CUST09062,Annual,4764.1,Auto Pay,2021-06-17,,Standard Plan
CUST09063,Quarterly,952.68,Debit Card,2024-07-08,,Basic Plan
CUST09064,Monthly,3354.37,Net Banking,2025-07-16,2026-05-20,Standard Plan
CUST09065,Monthly,478.56,Debit Card,2021-09-15,,Basic Plan
CUST09066,Monthly,4818.81,UPI,2024-03-04,2026-08-14,Basic Plan
CUST09067,Monthly,4159.47,UPI,2023-05-16,,Standard Plan
CUST09068,Monthly,352.12,Auto Pay,2022-04-25,2026-04-01,Standard Plan
CUST09069,Annual,1665.06,Credit Card,2025-07-04,2026-05-24,Basic Plan
CUST09070,Annual,3784.09,Credit Card,2024-03-23,,Basic Plan
CUST09071,Monthly,4408.54,Debit Card,2025-10-30,2026-04-23,Standard Plan
CUST09072,Quarterly,1852.2,Debit Card,2025-11-05,2026-05-29,Basic Plan
CUST09073,Monthly,4912.89,Auto Pay,2024-11-09,,Basic Plan
CUST09074,Monthly,4489.29,Auto Pay,2025-05-14,2026-07-01,Basic Plan
CUST09075,Annual,2450.15,Net Banking,2025-08-24,,Basic Plan
CUST09076,Monthly,1162.19,UPI,2023-01-16,,Standard Plan
CUST09077,Annual,4477.86,UPI,2022-06-21,,Standard Plan
CUST09078,Monthly,2336.71,Debit Card,2022-12-30,,Standard Plan
CUST09079,Monthly,4637.42,Net Banking,2025-06-23,2026-02-09,Standard Plan
CUST09080,Quarterly,4153.14,UPI,2022-01-22,2026-03-18,Standard Plan
CUST09081,Annual,547.75,UPI,2021-10-18,,Standard Plan
CUST09082,Monthly,650.3,Debit Card,2025-04-04,,Basic Plan
CUST09083,Monthly,3537.83,Auto Pay,2024-04-06,2026-03-09,Basic Plan
CUST09084,Annual,1941.64,Debit Card,2024-04-18,,Basic Plan
CUST09085,Monthly,1718.36,Net Banking,2021-07-17,,Standard Plan
CUST09086,Annual,675.58,Auto Pay,2025-10-15,,Basic Plan
CUST09087,Quarterly,3958.99,Credit Card,2021-09-18,,Premium Plan
CUST09088,Quarterly,1345.98,Credit Card,2023-05-13,,Standard Plan
CUST09089,Annual,1634.62,Credit Card,2023-08-09,,Premium Plan
CUST09090,Annual,1006.78,Debit Card,2021-08-24,,Basic Plan
CUST09091,Monthly,4244.41,UPI,2024-06-15,,Basic Plan
CUST09092,Monthly,4462.87,UPI,2021-08-14,,Standard Plan
CUST09093,Annual,1429.03,UPI,2023-01-09,,Standard Plan
CUST09094,Annual,2707.36,UPI,2024-09-19,,Basic Plan
CUST09095,Quarterly,2707.54,Credit Card,2021-06-14,,Premium Plan
CUST09096,Quarterly,4782.96,UPI,2024-05-19,2026-04-16,Premium Plan
CUST09097,Monthly,4939.02,Net Banking,2023-02-03,,Premium Plan
CUST09098,Monthly,309.67,Debit Card,2024-05-10,,Premium Plan
CUST09099,Monthly,944.65,Auto Pay,2021-03-20,2026-02-05,Standard Plan
CUST09100,Monthly,4487.14,Net Banking,2025-08-08,2026-04-10,Basic Plan
CUST09101,Monthly,3960.33,Net Banking,2021-11-23,2026-08-11,Basic Plan
CUST09102,Annual,2553.32,Credit Card,2025-11-11,,Standard Plan
CUST09103,Quarterly,1338.04,Auto Pay,2025-09-24,,Standard Plan
CUST09104,Quarterly,2072.29,Credit Card,2024-01-01,,Standard Plan
CUST09105,Monthly,3415.77,Credit Card,2024-10-23,2026-01-20,Basic Plan
CUST09106,Quarterly,2267.86,Credit Card,2021-05-08,2026-07-27,Premium Plan
CUST09107,Monthly,828.4,Debit Card,2023-12-04,,Premium Plan
CUST09108,Monthly,4454.85,UPI,2023-12-25,,Standard Plan
CUST09109,Quarterly,1489.65,Net Banking,2022-04-18,2026-08-14,Standard Plan
CUST09110,Annual,1829.01,Net Banking,2024-06-19,2026-07-11,Premium Plan
CUST09111,Monthly,4262.56,UPI,2025-10-10,,Basic Plan
CUST09112,Monthly,4078.62,Debit Card,2021-11-14,,Basic Plan
CUST09113,Annual,416.35,Credit Card,2025-11-16,,Standard Plan
CUST09114,Quarterly,1163.37,Net Banking,2025-05-10,2026-04-27,Premium Plan
CUST09115,Monthly,2752.88,UPI,2021-02-20,,Basic Plan
CUST09116,Annual,3227.9,UPI,2023-08-05,,Standard Plan
CUST09117,Monthly,2319.28,Auto Pay,2024-01-02,,Standard Plan
CUST09118,Monthly,1980.32,Credit Card,2024-08-17,2026-07-22,Standard Plan
CUST09119,Quarterly,2489.53,Credit Card,2022-04-18,2026-01-24,Standard Plan
CUST09120,Monthly,1277.87,Credit Card,2021-12-30,,Basic Plan
CUST09121,Monthly,3910.21,Debit Card,2025-06-20,2026-07-22,Basic Plan
CUST09122,Monthly,3275.99,Debit Card,2023-08-17,2026-01-15,Basic Plan
CUST09123,Monthly,3879.18,UPI,2021-05-21,2026-01-24,Standard Plan
CUST09124,Monthly,3149.08,Debit Card,2024-05-16,,Standard Plan
CUST09125,Quarterly,366.94,Debit Card,2024-02-27,2026-06-28,Premium Plan
CUST09126,Annual,3494.22,UPI,2025-11-07,,Basic Plan
CUST09127,Annual,1522.62,Auto Pay,2023-04-06,,Standard Plan
CUST09128,Quarterly,3033.52,UPI,2023-11-28,,Standard Plan
CUST09129,Monthly,1968.68,Credit Card,2022-03-13,,Standard Plan
CUST09130,Monthly,1113.58,Net Banking,2022-01-03,,Basic Plan
CUST09131,Monthly,3888.18,Auto Pay,2024-07-26,2026-07-08,Basic Plan
CUST09132,Monthly,726.46,Debit Card,2021-10-16,2026-08-22,Standard Plan
CUST09133,Annual,1529.67,Auto Pay,2023-01-05,2026-07-17,Basic Plan
CUST09134,Quarterly,4161.13,Debit Card,2022-11-05,,Standard Plan
CUST09135,Monthly,2795.69,Auto Pay,2023-02-14,,Basic Plan
CUST09136,Monthly,4959.91,Credit Card,2022-06-11,,Standard Plan
CUST09137,Monthly,2526.82,UPI,2024-12-25,,Standard Plan
CUST09138,Annual,4625.46,UPI,2024-12-24,,Basic Plan
CUST09139,Annual,3099.63,UPI,2023-07-24,,Standard Plan
CUST09140,Monthly,1263.46,UPI,2022-06-27,,Standard Plan
CUST09141,Monthly,3756.39,UPI,2025-08-14,,Standard Plan
CUST09142,Annual,3701.2,Auto Pay,2021-11-12,2026-02-13,Premium Plan
CUST09143,Annual,2247.92,UPI,2025-08-24,2026-08-28,Standard Plan
CUST09144,Monthly,3286.35,Net Banking,2022-10-01,,Premium Plan
CUST09145,Annual,567.5,Credit Card,2022-12-11,,Standard Plan
CUST09146,Quarterly,2694.14,UPI,2025-01-22,,Standard Plan
CUST09147,Quarterly,2274.84,Credit Card,2023-08-15,,Basic Plan
CUST09148,Monthly,2346.24,Debit Card,2021-01-31,,Standard Plan
CUST09149,Monthly,3654.78,UPI,2022-08-11,,Premium Plan
CUST09150,Monthly,4400.22,Auto Pay,2024-04-18,,Basic Plan
CUST09151,Monthly,1534.16,Auto Pay,2023-11-04,,Basic Plan
CUST09152,Quarterly,1223.38,Auto Pay,2022-10-01,,Standard Plan
CUST09153,Monthly,4416.54,UPI,2022-04-12,2026-07-22,Standard Plan
CUST09154,Quarterly,1853.66,Credit Card,2022-05-24,,Standard Plan
CUST09155,Monthly,1248.51,UPI,2024-09-08,,Basic Plan
CUST09156,Monthly,1682.8,Net Banking,2023-01-12,,Premium Plan
CUST09157,Quarterly,4458.31,Credit Card,2024-01-27,,Basic Plan
CUST09158,Monthly,3800.89,Credit Card,2023-11-06,,Basic Plan
CUST09159,Quarterly,2599.39,Credit Card,2025-04-12,,Standard Plan
CUST09160,Quarterly,2086.03,Credit Card,2021-05-19,,Basic Plan
CUST09161,Annual,1609.85,Debit Card,2022-05-11,2026-08-19,Standard Plan
CUST09162,Annual,4747.76,UPI,2021-06-04,2026-02-15,Basic Plan
CUST09163,Monthly,1873.06,Credit Card,2022-07-25,,Standard Plan
CUST09164,Monthly,3427.27,UPI,2021-11-03,,Standard Plan
CUST09165,Annual,2707.99,Net Banking,2025-02-01,,Standard Plan
CUST09166,Monthly,508.83,UPI,2025-07-13,,Premium Plan
CUST09167,Quarterly,4855.7,Auto Pay,2023-08-06,,Basic Plan
CUST09168,Annual,3480.21,UPI,2023-01-21,,Basic Plan
CUST09169,Quarterly,1533.43,Debit Card,2021-03-13,,Basic Plan
CUST09170,Monthly,3033.02,Credit Card,2024-07-21,,Basic Plan
CUST09171,Monthly,2362.56,Debit Card,2023-03-28,,Standard Plan
CUST09172,Annual,4088.14,UPI,2021-12-30,2026-03-07,Basic Plan
CUST09173,Annual,4090.04,Net Banking,2022-11-10,,Standard Plan
CUST09174,Annual,4968.31,Auto Pay,2022-03-07,,Basic Plan
CUST09175,Monthly,1444.44,Credit Card,2023-04-21,,Premium Plan
CUST09176,Monthly,666.88,Credit Card,2023-09-22,,Standard Plan
CUST09177,Monthly,4357.99,Auto Pay,2023-03-19,,Standard Plan
CUST09178,Quarterly,2430.34,Auto Pay,2021-04-22,,Premium Plan
CUST09179,Quarterly,1470.1,Credit Card,2024-08-24,,Standard Plan
CUST09180,Monthly,3098.04,UPI,2022-08-10,2026-04-30,Basic Plan
CUST09181,Monthly,3467.53,Credit Card,2022-10-19,,Standard Plan
CUST09182,Monthly,4181.0,UPI,2023-11-14,,Standard Plan
CUST09183,Annual,4339.63,Debit Card,2025-06-28,,Basic Plan
CUST09184,Quarterly,3307.92,Credit Card,2022-12-19,2026-04-15,Standard Plan
CUST09185,Quarterly,3687.0,Net Banking,2022-07-26,,Standard Plan
CUST09186,Quarterly,1911.38,Auto Pay,2023-05-07,2026-06-05,Basic Plan
CUST09187,Annual,2960.39,Auto Pay,2024-01-30,,Basic Plan
CUST09188,Annual,4805.67,Debit Card,2021-01-10,,Standard Plan
CUST09189,Monthly,3608.47,UPI,2024-02-15,2026-04-10,Standard Plan
CUST09190,Monthly,1324.52,Auto Pay,2022-05-25,2026-02-16,Basic Plan
CUST09191,Monthly,4320.0,Auto Pay,2025-09-26,,Premium Plan
CUST09192,Quarterly,4877.36,Net Banking,2022-10-10,,Standard Plan
CUST09193,Annual,2195.34,Credit Card,2025-10-10,,Basic Plan
CUST09194,Monthly,654.9,Net Banking,2022-04-05,,Standard Plan
CUST09195,Monthly,3898.3,Auto Pay,2025-04-09,,Standard Plan
CUST09196,Quarterly,4835.9,Auto Pay,2021-10-27,,Basic Plan
CUST09197,Monthly,1972.37,Auto Pay,2025-08-06,2026-04-10,Standard Plan
CUST09198,Quarterly,2179.53,UPI,2021-01-04,,Standard Plan
CUST09199,Monthly,3958.42,Debit Card,2024-06-12,,Basic Plan
CUST09200,Quarterly,3829.62,Net Banking,2023-02-04,,Premium Plan
CUST09201,Quarterly,4817.64,UPI,2023-08-01,,Premium Plan
CUST09202,Quarterly,1091.12,UPI,2023-06-20,,Basic Plan
CUST09203,Quarterly,3534.84,Debit Card,2022-01-05,,Basic Plan
CUST09204,Quarterly,3624.95,Debit Card,2023-10-08,,Standard Plan
CUST09205,Monthly,3576.67,UPI,2024-10-14,,Standard Plan
CUST09206,Quarterly,1568.38,UPI,2024-04-12,2026-02-17,Standard Plan
CUST09207,Annual,303.11,Net Banking,2023-12-22,,Standard Plan
CUST09208,Quarterly,4677.22,Auto Pay,2021-05-07,2026-08-16,Basic Plan
CUST09209,Annual,2147.94,UPI,2021-10-23,,Premium Plan
CUST09210,Monthly,3098.75,Credit Card,2024-10-20,,Standard Plan
CUST09211,Annual,2228.67,Credit Card,2025-12-03,2026-08-24,Basic Plan
CUST09212,Quarterly,2226.25,Debit Card,2021-09-06,,Basic Plan
CUST09213,Monthly,1929.41,Net Banking,2021-03-28,2026-03-30,Basic Plan
CUST09214,Monthly,2147.47,Debit Card,2024-07-17,,Basic Plan
CUST09215,Monthly,3906.9,Auto Pay,2022-09-07,2026-08-21,Standard Plan
CUST09216,Monthly,2234.76,UPI,2024-07-10,,Basic Plan
CUST09217,Monthly,3991.94,Credit Card,2021-06-24,2026-02-24,Standard Plan
CUST09218,Quarterly,4198.92,Debit Card,2023-09-07,,Basic Plan
CUST09219,Monthly,1909.28,Debit Card,2022-09-30,,Standard Plan
CUST09220,Monthly,3068.18,Credit Card,2024-11-17,,Basic Plan
CUST09221,Monthly,985.19,UPI,2023-03-24,2026-01-14,Standard Plan
CUST09222,Monthly,635.89,Debit Card,2025-02-08,2026-05-30,Standard Plan
CUST09223,Monthly,3309.67,Debit Card,2025-07-12,,Basic Plan
CUST09224,Quarterly,1853.06,Credit Card,2025-02-07,2026-02-12,Basic Plan
CUST09225,Monthly,3751.28,Debit Card,2023-09-21,,Standard Plan
CUST09226,Monthly,1026.12,UPI,2025-10-18,,Standard Plan
CUST09227,Monthly,1365.53,Credit Card,2023-09-18,2026-02-03,Standard Plan
CUST09228,Annual,2167.29,Net Banking,2024-07-09,,Standard Plan
CUST09229,Monthly,4580.4,Auto Pay,2021-07-14,2026-06-10,Basic Plan
CUST09230,Annual,866.96,UPI,2025-06-15,2026-02-25,Standard Plan
CUST09231,Annual,3744.04,Net Banking,2024-11-18,2026-06-09,Basic Plan
CUST09232,Quarterly,4807.77,Credit Card,2023-10-15,,Standard Plan
CUST09233,Annual,575.77,Net Banking,2021-05-21,,Basic Plan
CUST09234,Monthly,4288.28,Auto Pay,2024-01-14,2026-03-08,Standard Plan
CUST09235,Monthly,3909.89,Credit Card,2025-04-17,,Standard Plan
CUST09236,Monthly,2825.37,UPI,2025-07-31,,Basic Plan
CUST09237,Monthly,3204.21,Net Banking,2025-01-25,,Standard Plan
CUST09238,Annual,3727.03,Net Banking,2023-02-04,,Premium Plan
CUST09239,Monthly,854.1,Credit Card,2022-09-09,,Premium Plan
CUST09240,Monthly,3528.53,UPI,2022-03-06,,Premium Plan
CUST09241,Monthly,1846.62,Credit Card,2023-01-25,,Basic Plan
CUST09242,Quarterly,798.19,Credit Card,2023-11-01,,Basic Plan
CUST09243,Monthly,2152.65,Net Banking,2025-12-28,,Premium Plan
CUST09244,Monthly,4309.23,Credit Card,2021-03-12,,Basic Plan
CUST09245,Quarterly,4695.78,Net Banking,2025-06-28,,Standard Plan
CUST09246,Monthly,915.77,Net Banking,2023-05-12,,Standard Plan
CUST09247,Quarterly,4472.27,Net Banking,2022-05-02,,Basic Plan
CUST09248,Monthly,4713.0,UPI,2021-01-22,2026-04-05,Premium Plan
CUST09249,Monthly,3115.75,Credit Card,2023-11-28,,Standard Plan
CUST09250,Monthly,644.91,UPI,2021-10-01,,Premium Plan
CUST09251,Monthly,2436.44,Debit Card,2024-05-08,,Standard Plan
CUST09252,Monthly,685.65,Net Banking,2024-03-24,,Standard Plan
CUST09253,Annual,2774.65,Debit Card,2021-02-17,,Basic Plan
CUST09254,Annual,357.14,Net Banking,2023-04-30,,Standard Plan
CUST09255,Monthly,3574.32,Auto Pay,2025-02-09,,Standard Plan
CUST09256,Monthly,4137.36,Credit Card,2024-05-08,2026-07-22,Standard Plan
CUST09257,Monthly,3057.39,Credit Card,2023-06-26,2026-04-14,Basic Plan
CUST09258,Annual,1309.01,Credit Card,2022-06-27,2026-07-24,Basic Plan
CUST09259,Monthly,4608.52,Debit Card,2024-09-17,,Basic Plan
CUST09260,Quarterly,815.22,Auto Pay,2025-08-21,,Basic Plan
CUST09261,Annual,3677.76,Credit Card,2021-06-18,,Premium Plan
CUST09262,Monthly,3624.41,UPI,2025-08-20,,Basic Plan
CUST09263,Monthly,3764.43,Net Banking,2024-08-06,2026-05-29,Basic Plan
CUST09264,Annual,537.82,Net Banking,2023-08-24,,Basic Plan
CUST09265,Quarterly,968.28,UPI,2024-10-19,,Basic Plan
CUST09266,Monthly,717.95,Net Banking,2022-08-14,2026-02-24,Standard Plan
CUST09267,Monthly,2934.94,Credit Card,2021-10-19,,Standard Plan
CUST09268,Monthly,2006.92,Credit Card,2023-01-30,2026-04-11,Basic Plan
CUST09269,Monthly,1136.12,Credit Card,2022-11-08,,Basic Plan
CUST09270,Monthly,2176.55,Credit Card,2025-07-19,2026-04-09,Basic Plan
CUST09271,Monthly,4939.83,Debit Card,2024-04-18,2026-05-12,Basic Plan
CUST09272,Annual,1778.81,UPI,2022-02-23,,Basic Plan
CUST09273,Quarterly,3439.86,Auto Pay,2022-01-06,,Basic Plan
CUST09274,Annual,424.67,Debit Card,2025-11-28,,Standard Plan
CUST09275,Monthly,4365.43,Net Banking,2024-07-09,2026-07-05,Basic Plan
CUST09276,Quarterly,3797.11,Credit Card,2023-12-12,,Standard Plan
CUST09277,Annual,3512.48,Debit Card,2023-09-25,,Basic Plan
CUST09278,Quarterly,2120.44,UPI,2022-07-26,,Standard Plan
CUST09279,Monthly,1706.77,UPI,2022-03-02,,Standard Plan
CUST09280,Quarterly,1101.05,Debit Card,2024-08-16,,Standard Plan
CUST09281,Quarterly,2448.43,Net Banking,2025-06-04,2026-07-20,Premium Plan
CUST09282,Monthly,4673.97,Net Banking,2022-03-29,2026-01-04,Basic Plan
CUST09283,Monthly,4525.94,Net Banking,2024-03-28,2026-06-14,Standard Plan
CUST09284,Annual,4971.0,Auto Pay,2025-03-12,,Basic Plan
CUST09285,Monthly,1126.27,Net Banking,2025-12-12,,Standard Plan
CUST09286,Monthly,2804.59,UPI,2025-07-14,,Basic Plan
CUST09287,Quarterly,1392.23,Net Banking,2023-02-14,2026-03-25,Standard Plan
CUST09288,Annual,2267.76,Credit Card,2025-10-26,,Standard Plan
CUST09289,Annual,4449.87,UPI,2024-08-31,,Premium Plan
CUST09290,Monthly,2618.77,Net Banking,2024-12-01,,Basic Plan
CUST09291,Monthly,442.99,Debit Card,2025-04-21,2026-02-16,Standard Plan
CUST09292,Monthly,936.44,Net Banking,2025-12-02,2026-01-30,Standard Plan
CUST09293,Monthly,2411.38,Net Banking,2024-01-27,,Basic Plan
CUST09294,Monthly,3426.87,Net Banking,2021-09-19,,Premium Plan
CUST09295,Quarterly,2922.66,Auto Pay,2021-07-03,,Basic Plan
CUST09296,Monthly,4976.53,UPI,2022-02-13,,Standard Plan
CUST09297,Quarterly,4996.88,UPI,2023-02-10,,Basic Plan
CUST09298,Annual,3648.05,Credit Card,2024-05-20,,Premium Plan
CUST09299,Annual,4606.81,Credit Card,2024-11-23,,Standard Plan
CUST09300,Monthly,4754.38,Debit Card,2022-04-19,,Standard Plan
CUST09301,Monthly,4160.21,Debit Card,2024-08-16,2026-08-18,Basic Plan
CUST09302,Monthly,3849.9,Credit Card,2023-12-18,2026-03-23,Standard Plan
CUST09303,Monthly,3097.9,Net Banking,2022-05-20,,Premium Plan
CUST09304,Annual,2388.39,Debit Card,2021-01-28,,Premium Plan
CUST09305,Annual,3369.94,Debit Card,2021-03-28,,Premium Plan
CUST09306,Annual,319.4,Auto Pay,2024-10-03,,Standard Plan
CUST09307,Monthly,1754.52,UPI,2025-05-11,2026-01-23,Premium Plan
CUST09308,Annual,1663.01,Debit Card,2023-01-30,,Basic Plan
CUST09309,Monthly,1035.49,UPI,2024-11-24,2026-06-28,Basic Plan
CUST09310,Annual,4062.53,Credit Card,2022-05-23,,Standard Plan
CUST09311,Quarterly,2768.58,UPI,2024-10-01,,Standard Plan
CUST09312,Monthly,4914.33,Net Banking,2023-08-29,2026-01-09,Premium Plan
CUST09313,Annual,2708.88,UPI,2021-12-08,,Standard Plan
CUST09314,Monthly,2814.61,Net Banking,2022-09-11,2026-02-24,Basic Plan
CUST09315,Monthly,2955.68,UPI,2021-10-05,,Standard Plan
CUST09316,Monthly,3849.83,Credit Card,2025-10-06,,Basic Plan
CUST09317,Monthly,3519.32,Net Banking,2025-01-16,2026-06-10,Standard Plan
CUST09318,Quarterly,3837.25,UPI,2022-03-08,,Basic Plan
CUST09319,Annual,4195.82,Debit Card,2022-07-09,,Basic Plan
CUST09320,Monthly,3685.12,Net Banking,2025-12-26,,Basic Plan
CUST09321,Monthly,1511.01,Debit Card,2023-01-26,,Basic Plan
CUST09322,Annual,441.07,UPI,2022-06-27,,Premium Plan
CUST09323,Monthly,4904.05,Net Banking,2022-09-15,,Standard Plan
CUST09324,Monthly,1622.43,Debit Card,2023-08-19,2026-07-15,Premium Plan
CUST09325,Monthly,2998.23,Net Banking,2024-02-22,,Basic Plan
CUST09326,Monthly,824.65,Auto Pay,2021-01-20,,Basic Plan
CUST09327,Annual,1376.68,Debit Card,2021-03-23,,Basic Plan
CUST09328,Quarterly,3000.65,UPI,2025-03-08,,Standard Plan
CUST09329,Monthly,2369.68,Debit Card,2022-10-23,,Basic Plan
CUST09330,Quarterly,3827.81,Credit Card,2023-04-22,,Standard Plan
CUST09331,Monthly,4904.8,UPI,2021-10-24,,Premium Plan
CUST09332,Monthly,375.31,Auto Pay,2025-12-08,,Basic Plan
CUST09333,Monthly,4734.63,Auto Pay,2023-09-08,,Standard Plan
CUST09334,Annual,2400.12,Debit Card,2024-10-24,,Basic Plan
CUST09335,Quarterly,4459.39,Auto Pay,2023-01-14,,Basic Plan
CUST09336,Monthly,3467.55,UPI,2025-09-18,2026-07-22,Basic Plan
CUST09337,Monthly,3426.88,Credit Card,2025-01-15,,Standard Plan
CUST09338,Annual,3378.63,Debit Card,2022-07-05,,Basic Plan
CUST09339,Quarterly,968.83,Auto Pay,2024-02-13,,Basic Plan
CUST09340,Quarterly,671.4,Auto Pay,2024-11-24,,Basic Plan
CUST09341,Monthly,2637.8,Debit Card,2024-02-23,,Premium Plan
CUST09342,Quarterly,1708.32,Net Banking,2024-09-29,2026-07-28,Standard Plan
CUST09343,Annual,2344.28,Auto Pay,2023-04-01,,Premium Plan
CUST09344,Annual,466.43,UPI,2022-01-29,2026-02-20,Premium Plan
CUST09345,Monthly,2607.06,Debit Card,2022-01-28,2026-02-21,Standard Plan
CUST09346,Monthly,988.9,Credit Card,2023-07-01,,Standard Plan
CUST09347,Monthly,2725.8,UPI,2023-03-02,,Premium Plan
CUST09348,Monthly,3421.65,Credit Card,2023-12-21,,Standard Plan
CUST09349,Annual,3680.91,Net Banking,2021-11-22,,Basic Plan
CUST09350,Monthly,4098.71,Debit Card,2022-08-05,,Basic Plan
CUST09351,Monthly,2034.06,Auto Pay,2023-03-22,2026-01-30,Standard Plan
CUST09352,Monthly,2580.16,Net Banking,2025-11-06,,Basic Plan
CUST09353,Monthly,2111.94,Debit Card,2021-08-03,,Standard Plan
CUST09354,Monthly,2995.65,Credit Card,2021-03-14,,Standard Plan
CUST09355,Quarterly,660.59,Auto Pay,2025-12-09,,Standard Plan
CUST09356,Quarterly,2452.13,Debit Card,2024-10-24,2026-01-23,Basic Plan
CUST09357,Monthly,1579.75,Net Banking,2022-05-15,2026-03-14,Basic Plan
CUST09358,Monthly,1404.89,UPI,2022-10-12,,Standard Plan
CUST09359,Monthly,3298.53,Debit Card,2025-12-12,,Standard Plan
CUST09360,Monthly,1510.79,Net Banking,2022-10-14,,Standard Plan
CUST09361,Monthly,2568.09,UPI,2025-04-16,2026-01-12,Standard Plan
CUST09362,Monthly,851.85,Credit Card,2025-01-22,2026-08-16,Standard Plan
CUST09363,Quarterly,2100.17,Auto Pay,2023-11-22,,Basic Plan
CUST09364,Monthly,4803.71,Credit Card,2022-05-22,,Standard Plan
CUST09365,Monthly,2035.36,UPI,2023-02-27,,Premium Plan
CUST09366,Quarterly,1390.85,Auto Pay,2025-03-30,2026-07-26,Basic Plan
CUST09367,Monthly,3541.2,Auto Pay,2021-10-14,,Standard Plan
CUST09368,Monthly,4447.42,Auto Pay,2022-09-28,,Premium Plan
CUST09369,Quarterly,2911.09,Credit Card,2024-06-15,2026-08-18,Standard Plan
CUST09370,Monthly,4072.37,Net Banking,2024-01-02,,Basic Plan
CUST09371,Annual,3520.55,Net Banking,2023-08-06,2026-04-24,Standard Plan
CUST09372,Annual,2576.6,Net Banking,2021-05-26,,Basic Plan
CUST09373,Monthly,2820.23,Credit Card,2022-07-24,,Basic Plan
CUST09374,Monthly,3093.12,Credit Card,2024-08-03,2026-06-29,Standard Plan
CUST09375,Monthly,977.53,Auto Pay,2022-03-16,2026-04-01,Standard Plan
CUST09376,Annual,1062.84,Net Banking,2022-10-30,,Basic Plan
CUST09377,Monthly,4332.73,Credit Card,2025-02-24,2026-06-28,Standard Plan
CUST09378,Monthly,4977.65,Debit Card,2025-01-04,,Basic Plan
CUST09379,Annual,4766.52,Auto Pay,2025-10-27,2026-06-26,Premium Plan
CUST09380,Quarterly,4609.4,UPI,2021-02-13,,Standard Plan
CUST09381,Annual,4555.71,UPI,2023-04-24,,Basic Plan
CUST09382,Annual,4989.41,Net Banking,2024-02-19,,Premium Plan
CUST09383,Monthly,2551.96,UPI,2022-05-04,,Standard Plan
CUST09384,Annual,3434.54,Debit Card,2025-07-26,,Standard Plan
CUST09385,Annual,3253.61,Credit Card,2022-06-30,,Standard Plan
CUST09386,Monthly,4009.34,Net Banking,2025-08-12,,Standard Plan
CUST09387,Monthly,841.84,Auto Pay,2024-01-01,,Premium Plan
CUST09388,Monthly,4558.84,Debit Card,2024-07-26,2026-07-01,Premium Plan
CUST09389,Annual,1092.28,UPI,2022-11-17,2026-06-15,Standard Plan
CUST09390,Quarterly,2940.91,Net Banking,2024-11-03,,Premium Plan
CUST09391,Monthly,3074.77,UPI,2023-10-15,2026-02-27,Basic Plan
CUST09392,Monthly,4876.62,Net Banking,2021-08-22,,Basic Plan
CUST09393,Monthly,3381.35,UPI,2021-03-16,2026-05-07,Standard Plan
CUST09394,Annual,4614.14,UPI,2024-06-17,2026-08-14,Standard Plan
CUST09395,Monthly,1908.65,Net Banking,2022-08-11,,Basic Plan
CUST09396,Annual,4830.68,Net Banking,2022-09-06,2026-04-16,Basic Plan
CUST09397,Quarterly,1325.86,Auto Pay,2024-10-17,,Standard Plan
CUST09398,Monthly,2984.75,UPI,2024-08-05,,Standard Plan
CUST09399,Monthly,1469.94,Credit Card,2023-01-29,,Basic Plan
CUST09400,Monthly,1277.32,Net Banking,2021-12-07,2026-07-06,Standard Plan
CUST09401,Quarterly,3054.77,Auto Pay,2021-08-17,,Basic Plan
CUST09402,Monthly,4878.16,Auto Pay,2023-05-14,2026-04-30,Standard Plan
CUST09403,Monthly,1621.05,Debit Card,2023-05-29,2026-03-24,Standard Plan
CUST09404,Monthly,2645.19,UPI,2025-10-09,2026-05-14,Basic Plan
CUST09405,Annual,3975.15,Net Banking,2025-06-25,2026-07-22,Basic Plan
CUST09406,Monthly,2349.46,Auto Pay,2021-04-09,,Basic Plan
CUST09407,Quarterly,1978.99,Credit Card,2022-03-17,,Standard Plan
CUST09408,Monthly,625.64,Debit Card,2025-05-13,,Premium Plan
CUST09409,Monthly,3246.0,Credit Card,2023-04-13,2026-04-21,Standard Plan
CUST09410,Quarterly,4814.79,Debit Card,2023-02-02,,Basic Plan
CUST09411,Annual,2352.39,Credit Card,2024-12-17,,Premium Plan
CUST09412,Annual,4782.65,Credit Card,2022-07-03,2026-06-29,Basic Plan
CUST09413,Monthly,1066.31,Credit Card,2024-08-23,,Premium Plan
CUST09414,Annual,2294.47,Auto Pay,2024-11-21,,Basic Plan
CUST09415,Monthly,2719.52,UPI,2023-09-07,,Standard Plan
CUST09416,Annual,3455.17,Auto Pay,2021-12-28,,Standard Plan
CUST09417,Annual,4847.68,Auto Pay,2024-02-01,2026-08-06,Standard Plan
CUST09418,Quarterly,552.72,Auto Pay,2025-05-24,,Basic Plan
CUST09419,Monthly,1729.89,Debit Card,2023-10-10,,Basic Plan
CUST09420,Monthly,2593.73,Credit Card,2022-04-21,,Basic Plan
CUST09421,Monthly,2394.29,Auto Pay,2025-03-24,,Basic Plan
CUST09422,Monthly,4442.05,Credit Card,2025-07-08,2026-04-01,Premium Plan
CUST09423,Annual,1924.13,Debit Card,2024-09-09,,Basic Plan
CUST09424,Quarterly,3633.92,Credit Card,2025-05-23,,Basic Plan
CUST09425,Monthly,4765.09,UPI,2025-01-14,,Basic Plan
CUST09426,Monthly,3074.07,UPI,2025-05-24,,Basic Plan
CUST09427,Monthly,1213.59,Debit Card,2025-07-24,2026-06-11,Basic Plan
CUST09428,Annual,2518.32,Credit Card,2022-02-01,,Standard Plan
CUST09429,Quarterly,4186.95,Credit Card,2021-08-17,,Basic Plan
CUST09430,Monthly,4675.53,UPI,2025-09-23,,Standard Plan
CUST09431,Monthly,1429.18,Auto Pay,2023-08-10,2026-07-09,Standard Plan
CUST09432,Monthly,1980.52,Debit Card,2025-08-23,,Premium Plan
CUST09433,Annual,880.27,Auto Pay,2022-03-03,2026-04-12,Basic Plan
CUST09434,Monthly,3766.96,Net Banking,2024-12-31,2026-02-22,Basic Plan
CUST09435,Monthly,3458.58,Auto Pay,2021-05-16,2026-08-01,Premium Plan
CUST09436,Monthly,4856.4,Credit Card,2022-01-30,2026-07-12,Premium Plan
CUST09437,Quarterly,2165.76,Debit Card,2022-03-11,,Premium Plan
CUST09438,Monthly,1771.48,UPI,2025-11-14,,Basic Plan
CUST09439,Monthly,1370.16,UPI,2022-01-23,,Standard Plan
CUST09440,Annual,3245.8,Net Banking,2021-10-07,,Premium Plan
CUST09441,Monthly,4401.94,Net Banking,2023-07-18,,Standard Plan
CUST09442,Monthly,4496.12,Net Banking,2021-03-25,,Standard Plan
CUST09443,Quarterly,4753.42,Credit Card,2023-07-14,2026-02-13,Standard Plan
CUST09444,Quarterly,4030.88,Credit Card,2023-08-05,,Standard Plan
CUST09445,Monthly,1082.03,UPI,2025-07-05,,Standard Plan
CUST09446,Monthly,3523.14,Auto Pay,2024-11-26,,Standard Plan
CUST09447,Monthly,1082.52,UPI,2021-12-02,,Basic Plan
CUST09448,Monthly,547.38,UPI,2024-03-08,,Basic Plan
CUST09449,Monthly,4617.59,UPI,2022-01-24,,Basic Plan
CUST09450,Monthly,2287.86,Credit Card,2023-01-10,2026-06-23,Premium Plan
CUST09451,Monthly,927.91,Debit Card,2024-11-28,,Standard Plan
CUST09452,Monthly,1923.97,Net Banking,2024-05-05,2026-07-15,Standard Plan
CUST09453,Annual,1534.44,Credit Card,2022-03-21,,Basic Plan
CUST09454,Annual,3429.73,Net Banking,2021-10-08,,Standard Plan
CUST09455,Monthly,3935.89,UPI,2021-03-28,,Standard Plan
CUST09456,Quarterly,2567.25,Debit Card,2024-08-09,,Standard Plan
CUST09457,Monthly,406.12,Auto Pay,2025-01-14,2026-05-30,Premium Plan
CUST09458,Monthly,4708.94,Debit Card,2023-08-15,,Basic Plan
CUST09459,Monthly,846.78,UPI,2024-10-18,2026-06-30,Basic Plan
CUST09460,Quarterly,1486.99,Debit Card,2024-08-31,,Basic Plan
CUST09461,Annual,1250.19,Net Banking,2022-11-23,,Basic Plan
CUST09462,Monthly,2497.36,Debit Card,2025-08-11,,Basic Plan
CUST09463,Quarterly,1150.9,Net Banking,2021-05-30,,Standard Plan
CUST09464,Annual,455.09,Credit Card,2024-07-15,,Standard Plan
CUST09465,Annual,701.72,UPI,2024-09-11,,Standard Plan
CUST09466,Annual,3826.66,UPI,2023-04-01,2026-08-18,Basic Plan
CUST09467,Monthly,4200.16,Net Banking,2021-05-09,2026-06-26,Basic Plan
CUST09468,Annual,4006.0,Net Banking,2024-12-27,,Standard Plan
CUST09469,Monthly,3363.07,Net Banking,2023-09-01,,Basic Plan
CUST09470,Quarterly,1280.29,Credit Card,2021-12-21,,Basic Plan
CUST09471,Monthly,1927.7,UPI,2023-05-12,2026-08-19,Standard Plan
CUST09472,Monthly,4495.04,Auto Pay,2021-04-20,,Standard Plan
CUST09473,Annual,2967.0,Net Banking,2024-07-13,,Standard Plan
CUST09474,Annual,2570.12,Net Banking,2025-07-16,,Standard Plan
CUST09475,Monthly,4308.37,Credit Card,2023-09-13,,Standard Plan
CUST09476,Annual,1473.44,Credit Card,2021-07-12,,Basic Plan
CUST09477,Annual,1724.39,Auto Pay,2022-03-30,,Premium Plan
CUST09478,Quarterly,4167.19,Net Banking,2025-08-25,,Standard Plan
CUST09479,Monthly,2918.25,Net Banking,2022-05-31,,Basic Plan
CUST09480,Quarterly,2531.24,Net Banking,2023-02-24,2026-03-05,Premium Plan
CUST09481,Quarterly,352.22,Auto Pay,2023-02-26,,Basic Plan
CUST09482,Monthly,3752.92,Auto Pay,2021-03-13,,Standard Plan
CUST09483,Monthly,2077.02,Credit Card,2025-07-08,,Premium Plan
CUST09484,Monthly,956.54,Net Banking,2022-03-24,,Basic Plan
CUST09485,Annual,3046.86,Credit Card,2021-07-26,,Standard Plan
CUST09486,Monthly,568.57,Auto Pay,2021-12-17,2026-03-02,Standard Plan
CUST09487,Monthly,4239.23,UPI,2023-01-18,2026-05-25,Basic Plan
CUST09488,Monthly,3349.7,Debit Card,2024-06-02,,Premium Plan
CUST09489,Monthly,4493.9,Net Banking,2024-05-21,,Basic Plan
CUST09490,Monthly,3578.35,Credit Card,2022-04-04,,Standard Plan
CUST09491,Monthly,3888.49,Credit Card,2024-09-17,,Standard Plan
CUST09492,Monthly,4739.12,Net Banking,2023-10-16,,Standard Plan
CUST09493,Monthly,1919.12,Debit Card,2024-10-05,2026-03-08,Standard Plan
CUST09494,Monthly,718.48,Net Banking,2021-06-05,2026-04-01,Basic Plan
CUST09495,Quarterly,1345.58,Net Banking,2025-12-08,,Standard Plan
CUST09496,Quarterly,4981.36,Credit Card,2022-10-17,2026-08-06,Basic Plan
CUST09497,Monthly,3731.19,Debit Card,2022-10-21,,Standard Plan
CUST09498,Monthly,571.91,Net Banking,2023-07-20,,Standard Plan
CUST09499,Monthly,3213.02,Debit Card,2024-04-18,2026-06-03,Standard Plan
CUST09500,Monthly,1226.81,Net Banking,2025-08-11,2026-05-15,Standard Plan
CUST09501,Monthly,4134.43,Auto Pay,2023-12-22,,Standard Plan
CUST09502,Monthly,3327.14,Debit Card,2021-08-28,,Standard Plan
CUST09503,Quarterly,1602.64,Debit Card,2024-03-27,2026-03-23,Basic Plan
CUST09504,Monthly,4757.7,Net Banking,2023-03-24,2026-03-10,Basic Plan
CUST09505,Quarterly,717.19,Credit Card,2021-11-04,,Standard Plan
CUST09506,Monthly,489.36,Debit Card,2023-02-17,,Basic Plan
CUST09507,Monthly,4578.05,Auto Pay,2025-02-20,2026-08-04,Basic Plan
CUST09508,Monthly,3264.55,Auto Pay,2023-09-11,,Basic Plan
CUST09509,Quarterly,3692.77,Net Banking,2025-11-09,,Standard Plan
CUST09510,Annual,2972.96,Credit Card,2025-07-07,,Basic Plan
CUST09511,Quarterly,1934.8,Debit Card,2023-10-08,,Standard Plan
CUST09512,Annual,1399.05,Net Banking,2023-10-02,,Basic Plan
CUST09513,Monthly,2382.84,Net Banking,2021-05-31,,Basic Plan
CUST09514,Monthly,4888.46,Debit Card,2021-01-12,,Premium Plan
CUST09515,Monthly,1927.35,Auto Pay,2021-11-06,2026-07-26,Premium Plan
CUST09516,Monthly,946.35,Auto Pay,2022-09-08,,Basic Plan
CUST09517,Annual,1628.1,Auto Pay,2023-05-21,,Basic Plan
CUST09518,Annual,486.24,Credit Card,2025-08-30,2026-04-17,Premium Plan
CUST09519,Monthly,671.7,Net Banking,2025-02-14,2026-03-05,Basic Plan
CUST09520,Monthly,1648.06,Debit Card,2025-02-06,,Premium Plan
CUST09521,Monthly,372.38,Auto Pay,2023-07-21,2026-06-05,Basic Plan
CUST09522,Monthly,4970.09,UPI,2023-07-06,2026-03-21,Standard Plan
CUST09523,Monthly,2281.86,UPI,2023-10-24,,Basic Plan
CUST09524,Monthly,4965.74,Credit Card,2023-05-10,,Basic Plan
CUST09525,Annual,3927.18,Debit Card,2024-05-06,,Basic Plan
CUST09526,Annual,3182.94,Auto Pay,2023-07-17,,Premium Plan
CUST09527,Monthly,3359.48,UPI,2022-12-08,2026-08-08,Standard Plan
CUST09528,Quarterly,4536.2,Credit Card,2022-05-02,,Premium Plan
CUST09529,Monthly,4972.16,Credit Card,2025-07-09,,Premium Plan
CUST09530,Annual,2723.74,Auto Pay,2024-07-30,,Basic Plan
CUST09531,Monthly,1584.77,Net Banking,2023-05-06,,Premium Plan
CUST09532,Quarterly,1064.71,Debit Card,2024-10-28,,Standard Plan
CUST09533,Quarterly,4628.01,UPI,2024-10-12,,Basic Plan
CUST09534,Monthly,1761.99,Debit Card,2023-09-02,,Basic Plan
CUST09535,Monthly,4961.76,Net Banking,2021-06-15,,Standard Plan
CUST09536,Monthly,2373.61,Credit Card,2021-11-07,,Standard Plan
CUST09537,Monthly,2485.96,Auto Pay,2021-12-12,2026-02-01,Basic Plan
CUST09538,Quarterly,1782.35,Debit Card,2024-11-03,2026-06-11,Standard Plan
CUST09539,Annual,3904.78,Auto Pay,2022-11-12,,Basic Plan
CUST09540,Annual,335.25,Credit Card,2024-08-28,,Premium Plan
CUST09541,Annual,1250.45,Debit Card,2024-11-06,2026-06-29,Premium Plan
CUST09542,Annual,3843.83,Debit Card,2025-03-06,,Basic Plan
CUST09543,Annual,4110.3,Debit Card,2025-07-27,,Basic Plan
CUST09544,Annual,4777.69,Net Banking,2023-04-29,,Basic Plan
CUST09545,Annual,3826.33,Net Banking,2025-10-21,2026-03-19,Premium Plan
CUST09546,Monthly,3006.69,Net Banking,2023-09-03,2026-02-26,Standard Plan
CUST09547,Monthly,3725.63,Net Banking,2023-11-14,,Standard Plan
CUST09548,Monthly,4997.19,Credit Card,2023-06-19,2026-05-14,Premium Plan
CUST09549,Monthly,4101.08,Credit Card,2025-06-23,,Standard Plan
CUST09550,Quarterly,1592.64,Debit Card,2021-05-14,,Standard Plan
CUST09551,Quarterly,3258.63,Auto Pay,2024-05-25,,Basic Plan
CUST09552,Quarterly,3138.36,Debit Card,2021-05-02,,Premium Plan
CUST09553,Monthly,4936.46,UPI,2021-12-10,,Basic Plan
CUST09554,Annual,4972.36,Debit Card,2021-01-17,,Basic Plan
CUST09555,Monthly,978.16,Net Banking,2024-11-17,2026-03-22,Basic Plan
CUST09556,Monthly,1473.03,Auto Pay,2023-04-16,2026-06-23,Standard Plan
CUST09557,Annual,1110.81,Net Banking,2022-08-04,,Standard Plan
CUST09558,Quarterly,459.34,Debit Card,2022-07-14,2026-03-18,Premium Plan
CUST09559,Monthly,4732.19,Net Banking,2021-07-26,,Standard Plan
CUST09560,Monthly,4926.97,Credit Card,2021-11-29,2026-07-23,Basic Plan
CUST09561,Quarterly,3142.53,Net Banking,2025-12-19,2026-08-15,Basic Plan
CUST09562,Monthly,579.72,Auto Pay,2023-04-20,2026-05-22,Premium Plan
CUST09563,Monthly,2586.78,UPI,2025-01-19,,Basic Plan
CUST09564,Monthly,2856.57,Auto Pay,2021-12-14,,Premium Plan
CUST09565,Annual,1306.59,Net Banking,2022-10-25,2026-04-29,Basic Plan
CUST09566,Annual,4766.64,Auto Pay,2022-03-10,2026-04-26,Premium Plan
CUST09567,Quarterly,2689.14,UPI,2021-04-03,,Basic Plan
CUST09568,Annual,4529.31,Auto Pay,2025-05-30,2026-06-04,Basic Plan
CUST09569,Monthly,2867.23,Auto Pay,2025-05-27,,Premium Plan
CUST09570,Quarterly,3231.68,Credit Card,2025-04-10,,Standard Plan
CUST09571,Quarterly,1406.05,Auto Pay,2021-01-02,,Premium Plan
CUST09572,Monthly,3499.61,Credit Card,2021-11-03,2026-01-10,Basic Plan
CUST09573,Monthly,1428.6,Auto Pay,2023-04-18,,Standard Plan
CUST09574,Monthly,1299.11,Auto Pay,2022-09-30,2026-01-24,Basic Plan
CUST09575,Monthly,4380.03,Auto Pay,2025-08-01,2026-06-18,Standard Plan
CUST09576,Monthly,2331.48,Debit Card,2022-02-14,,Standard Plan
CUST09577,Quarterly,1742.84,Credit Card,2022-08-18,,Basic Plan
CUST09578,Annual,853.34,Credit Card,2024-02-03,,Premium Plan
CUST09579,Annual,1567.41,Net Banking,2024-04-04,2026-03-21,Basic Plan
CUST09580,Quarterly,3362.86,Net Banking,2021-12-01,,Basic Plan
CUST09581,Monthly,2502.41,Credit Card,2024-06-26,,Basic Plan
CUST09582,Monthly,2138.52,Net Banking,2021-01-09,,Premium Plan
CUST09583,Monthly,3369.01,Credit Card,2021-12-02,,Standard Plan
CUST09584,Monthly,1136.26,Credit Card,2024-08-04,2026-01-06,Standard Plan
CUST09585,Annual,708.79,Credit Card,2021-05-08,,Basic Plan
CUST09586,Monthly,3012.1,Credit Card,2023-12-28,,Standard Plan
CUST09587,Monthly,1888.9,UPI,2022-03-06,2026-08-30,Basic Plan
CUST09588,Monthly,3844.78,Net Banking,2021-02-07,,Standard Plan
CUST09589,Monthly,463.68,Net Banking,2025-07-23,2026-02-15,Standard Plan
CUST09590,Quarterly,2894.36,Net Banking,2025-10-06,,Standard Plan
CUST09591,Quarterly,1492.56,Credit Card,2022-05-16,,Basic Plan
CUST09592,Quarterly,4829.5,Auto Pay,2022-04-21,2026-06-16,Premium Plan
CUST09593,Quarterly,1665.27,Debit Card,2025-12-07,,Basic Plan
CUST09594,Annual,2468.89,Debit Card,2022-09-19,,Standard Plan
CUST09595,Monthly,1016.21,Debit Card,2021-11-30,,Basic Plan
CUST09596,Monthly,3942.82,Debit Card,2022-10-01,2026-02-08,Basic Plan
CUST09597,Monthly,1260.81,Net Banking,2025-09-27,,Basic Plan
CUST09598,Quarterly,440.02,Credit Card,2022-07-20,,Standard Plan
CUST09599,Annual,1078.66,Auto Pay,2023-04-07,,Basic Plan
CUST09600,Monthly,3062.47,UPI,2022-08-05,,Basic Plan
CUST09601,Annual,2870.85,UPI,2024-06-11,,Basic Plan
CUST09602,Monthly,1099.63,Net Banking,2025-08-12,,Standard Plan
CUST09603,Monthly,3865.14,Auto Pay,2022-01-11,,Premium Plan
CUST09604,Annual,3638.22,Debit Card,2025-03-02,2026-06-01,Standard Plan
CUST09605,Quarterly,1831.02,Debit Card,2021-07-14,,Standard Plan
CUST09606,Monthly,3096.67,Credit Card,2023-03-04,2026-04-23,Standard Plan
CUST09607,Monthly,2205.7,Auto Pay,2023-01-14,,Standard Plan
CUST09608,Annual,2397.46,Credit Card,2022-01-26,,Standard Plan
CUST09609,Monthly,4848.86,Net Banking,2023-04-04,,Standard Plan
CUST09610,Annual,3760.95,Net Banking,2021-08-03,,Premium Plan
CUST09611,Quarterly,2804.03,UPI,2025-10-12,,Basic Plan
CUST09612,Quarterly,4575.27,UPI,2021-04-14,,Standard Plan
CUST09613,Monthly,4767.83,Auto Pay,2022-09-16,2026-08-30,Standard Plan
CUST09614,Annual,3779.16,Credit Card,2025-10-29,,Premium Plan
CUST09615,Monthly,3569.17,Auto Pay,2024-11-28,,Standard Plan
CUST09616,Monthly,3315.53,Credit Card,2024-07-11,,Standard Plan
CUST09617,Monthly,1397.88,UPI,2022-09-08,,Standard Plan
CUST09618,Monthly,2444.35,Credit Card,2023-03-15,2026-02-08,Standard Plan
CUST09619,Quarterly,1666.4,Debit Card,2021-04-01,,Standard Plan
CUST09620,Annual,3317.9,Credit Card,2024-01-20,,Basic Plan
CUST09621,Quarterly,4110.91,UPI,2025-10-05,,Standard Plan
CUST09622,Monthly,2443.55,Net Banking,2022-04-25,2026-03-16,Basic Plan
CUST09623,Annual,1193.37,Auto Pay,2023-10-30,,Standard Plan
CUST09624,Quarterly,2360.11,UPI,2025-12-17,2026-03-14,Basic Plan
CUST09625,Quarterly,2959.17,UPI,2024-06-27,,Standard Plan
CUST09626,Quarterly,2434.9,Debit Card,2023-06-29,,Premium Plan
CUST09627,Quarterly,1517.26,Credit Card,2023-11-16,,Basic Plan
CUST09628,Quarterly,4697.2,Credit Card,2023-07-08,,Standard Plan
CUST09629,Quarterly,4327.39,Auto Pay,2022-09-28,2026-07-26,Basic Plan
CUST09630,Quarterly,4775.9,Net Banking,2024-02-22,2026-08-30,Standard Plan
CUST09631,Quarterly,4055.57,Credit Card,2023-11-20,2026-04-21,Premium Plan
CUST09632,Annual,913.64,Net Banking,2025-03-21,,Basic Plan
CUST09633,Monthly,1686.18,Credit Card,2025-12-19,,Standard Plan
CUST09634,Monthly,2093.93,Net Banking,2022-03-05,2026-06-21,Premium Plan
CUST09635,Monthly,4091.28,Credit Card,2021-08-26,,Basic Plan
CUST09636,Annual,715.02,Net Banking,2021-11-24,,Standard Plan
CUST09637,Annual,3649.68,Credit Card,2022-08-10,2026-06-04,Basic Plan
CUST09638,Annual,483.34,UPI,2022-06-19,,Basic Plan
CUST09639,Monthly,4239.63,Net Banking,2023-02-06,,Basic Plan
CUST09640,Annual,917.38,UPI,2021-02-21,,Basic Plan
CUST09641,Monthly,2548.25,Auto Pay,2025-03-03,2026-07-02,Premium Plan
CUST09642,Monthly,3245.81,UPI,2022-11-03,,Basic Plan
CUST09643,Monthly,4866.89,Credit Card,2025-09-07,2026-01-06,Standard Plan
CUST09644,Quarterly,4561.11,UPI,2024-10-26,,Basic Plan
CUST09645,Quarterly,349.87,Auto Pay,2025-05-21,,Premium Plan
CUST09646,Quarterly,4559.38,Debit Card,2024-09-24,2026-05-29,Basic Plan
CUST09647,Monthly,3620.66,Credit Card,2021-07-16,2026-02-12,Premium Plan
CUST09648,Annual,4273.96,Debit Card,2021-07-30,2026-06-27,Standard Plan
CUST09649,Quarterly,3096.82,Auto Pay,2021-10-30,,Premium Plan
CUST09650,Annual,3294.48,Credit Card,2021-06-07,,Standard Plan
CUST09651,Monthly,1533.0,UPI,2023-08-22,,Standard Plan
CUST09652,Monthly,4034.54,Credit Card,2023-08-14,,Standard Plan
CUST09653,Annual,3837.92,Credit Card,2022-03-27,2026-02-09,Basic Plan
CUST09654,Monthly,3493.21,Debit Card,2022-11-19,,Standard Plan
CUST09655,Quarterly,3816.33,UPI,2022-05-24,2026-02-24,Standard Plan
CUST09656,Monthly,3657.67,UPI,2021-05-22,,Premium Plan
CUST09657,Annual,4134.49,Net Banking,2022-04-13,,Standard Plan
CUST09658,Annual,3225.24,Net Banking,2023-11-24,,Premium Plan
CUST09659,Annual,2696.29,Net Banking,2021-08-02,,Standard Plan
CUST09660,Monthly,4819.67,Net Banking,2022-08-11,,Basic Plan
CUST09661,Annual,1708.27,Auto Pay,2021-09-03,,Basic Plan
CUST09662,Monthly,2294.51,Debit Card,2024-10-03,,Standard Plan
CUST09663,Monthly,4601.85,Net Banking,2022-07-16,,Basic Plan
CUST09664,Monthly,2385.92,UPI,2025-02-21,,Basic Plan
CUST09665,Annual,2658.68,Debit Card,2022-05-31,,Basic Plan
CUST09666,Quarterly,1529.9,UPI,2022-02-24,,Basic Plan
CUST09667,Monthly,3207.24,UPI,2024-01-16,,Premium Plan
CUST09668,Quarterly,2330.44,Net Banking,2022-09-10,2026-07-20,Standard Plan
CUST09669,Annual,3772.53,Debit Card,2024-05-07,,Standard Plan
CUST09670,Quarterly,2862.79,Auto Pay,2024-03-24,,Standard Plan
CUST09671,Monthly,510.44,Auto Pay,2023-03-28,,Premium Plan
CUST09672,Monthly,406.14,Auto Pay,2025-01-12,,Standard Plan
CUST09673,Monthly,2705.79,Auto Pay,2025-01-23,,Basic Plan
CUST09674,Monthly,3140.35,Credit Card,2024-02-16,2026-06-19,Premium Plan
CUST09675,Monthly,3313.45,Debit Card,2021-12-08,2026-05-10,Basic Plan
CUST09676,Monthly,2042.21,UPI,2024-06-11,,Standard Plan
CUST09677,Annual,4253.75,Credit Card,2023-11-24,2026-06-25,Standard Plan
CUST09678,Quarterly,3440.79,Net Banking,2023-10-12,2026-03-08,Premium Plan
CUST09679,Monthly,4175.51,Credit Card,2022-04-09,,Premium Plan
CUST09680,Annual,904.97,Debit Card,2021-08-29,,Basic Plan
CUST09681,Monthly,2260.17,UPI,2021-05-13,,Standard Plan
CUST09682,Monthly,4658.78,Credit Card,2022-11-02,,Standard Plan
CUST09683,Monthly,4605.39,UPI,2021-04-11,2026-05-07,Basic Plan
CUST09684,Monthly,1431.92,Auto Pay,2022-03-13,2026-01-07,Standard Plan
CUST09685,Monthly,1251.5,Debit Card,2023-02-02,,Premium Plan
CUST09686,Quarterly,4502.88,UPI,2021-01-17,,Standard Plan
CUST09687,Monthly,1851.39,Auto Pay,2024-10-29,2026-03-16,Basic Plan
CUST09688,Monthly,4932.08,Net Banking,2023-04-21,2026-04-04,Standard Plan
CUST09689,Annual,2299.37,UPI,2022-07-17,,Standard Plan
CUST09690,Monthly,697.21,Debit Card,2024-02-17,,Basic Plan
CUST09691,Annual,2207.53,Auto Pay,2024-07-11,,Standard Plan
CUST09692,Quarterly,1470.64,UPI,2022-01-01,,Standard Plan
CUST09693,Monthly,723.22,Credit Card,2024-04-13,2026-03-15,Standard Plan
CUST09694,Quarterly,3931.05,Debit Card,2021-02-15,,Basic Plan
CUST09695,Monthly,2413.86,Auto Pay,2023-07-01,2026-08-15,Basic Plan
CUST09696,Monthly,4849.61,Debit Card,2021-02-15,2026-06-24,Basic Plan
CUST09697,Monthly,4460.8,Credit Card,2024-04-06,,Standard Plan
CUST09698,Quarterly,3138.35,Net Banking,2025-07-21,,Basic Plan
CUST09699,Annual,943.54,Debit Card,2022-01-21,,Standard Plan
CUST09700,Quarterly,4059.82,Auto Pay,2025-10-24,,Standard Plan
CUST09701,Annual,506.6,UPI,2023-01-12,,Basic Plan
CUST09702,Monthly,865.06,Net Banking,2022-01-16,,Basic Plan
CUST09703,Quarterly,4911.39,Credit Card,2022-08-10,,Premium Plan
CUST09704,Annual,4910.21,Net Banking,2021-02-11,,Standard Plan
CUST09705,Monthly,3707.13,Auto Pay,2024-08-17,2026-02-16,Premium Plan
CUST09706,Quarterly,3502.28,Debit Card,2022-09-11,,Premium Plan
CUST09707,Monthly,2192.92,Credit Card,2023-05-09,,Basic Plan
CUST09708,Monthly,1666.51,Credit Card,2024-09-06,,Basic Plan
CUST09709,Quarterly,4918.85,Debit Card,2024-02-06,2026-05-24,Basic Plan
CUST09710,Monthly,1239.02,UPI,2025-01-24,,Standard Plan
CUST09711,Monthly,2056.06,UPI,2024-11-10,,Premium Plan
CUST09712,Annual,1306.94,Debit Card,2024-07-29,,Basic Plan
CUST09713,Annual,3943.45,Net Banking,2021-09-19,,Basic Plan
CUST09714,Annual,1514.51,Credit Card,2024-03-20,2026-02-16,Premium Plan
CUST09715,Quarterly,1986.66,Credit Card,2025-12-22,,Basic Plan
CUST09716,Annual,1906.11,UPI,2023-04-21,,Standard Plan
CUST09717,Monthly,3092.46,Credit Card,2024-02-25,,Basic Plan
CUST09718,Annual,4545.01,Credit Card,2022-02-25,,Premium Plan
CUST09719,Annual,2078.32,Auto Pay,2025-01-14,,Basic Plan
CUST09720,Annual,4801.03,Debit Card,2022-01-25,2026-03-26,Basic Plan
CUST09721,Annual,3206.81,Debit Card,2023-07-21,,Standard Plan
CUST09722,Annual,3102.29,Net Banking,2025-07-03,,Basic Plan
CUST09723,Monthly,4446.47,UPI,2023-06-07,,Standard Plan
CUST09724,Monthly,2264.81,Debit Card,2021-05-28,2026-01-10,Standard Plan
CUST09725,Quarterly,2305.21,Credit Card,2025-11-16,,Basic Plan
CUST09726,Monthly,4657.32,Net Banking,2024-06-27,,Basic Plan
CUST09727,Annual,1084.83,Auto Pay,2025-03-19,2026-05-10,Standard Plan
CUST09728,Monthly,962.11,Net Banking,2024-04-28,,Premium Plan
CUST09729,Monthly,2391.05,Auto Pay,2022-05-27,,Premium Plan
CUST09730,Monthly,1809.66,UPI,2025-01-23,,Standard Plan
CUST09731,Monthly,4690.92,Auto Pay,2022-09-02,,Basic Plan
CUST09732,Monthly,4883.6,Auto Pay,2023-10-20,,Premium Plan
CUST09733,Annual,1532.42,Auto Pay,2021-05-23,,Standard Plan
CUST09734,Quarterly,970.26,Credit Card,2022-03-10,2026-03-01,Premium Plan
CUST09735,Monthly,902.57,UPI,2022-12-01,,Basic Plan
CUST09736,Monthly,3953.4,Net Banking,2025-12-02,2026-08-16,Standard Plan
CUST09737,Monthly,2622.48,Debit Card,2024-11-02,2026-08-01,Premium Plan
CUST09738,Annual,2743.35,Debit Card,2023-08-21,2026-01-11,Premium Plan
CUST09739,Annual,4584.59,UPI,2025-05-13,,Standard Plan
CUST09740,Quarterly,4258.95,Debit Card,2022-10-29,,Basic Plan
CUST09741,Monthly,3190.11,Credit Card,2022-08-03,,Basic Plan
CUST09742,Monthly,2423.95,UPI,2021-11-21,,Standard Plan
CUST09743,Annual,4662.51,Net Banking,2023-05-11,,Premium Plan
CUST09744,Monthly,1150.83,Credit Card,2024-05-29,2026-03-11,Premium Plan
CUST09745,Annual,1519.84,UPI,2024-12-10,,Basic Plan
CUST09746,Monthly,3012.64,Net Banking,2024-10-06,,Basic Plan
CUST09747,Monthly,3210.32,Credit Card,2025-03-01,,Standard Plan
CUST09748,Annual,1262.65,UPI,2024-07-09,,Premium Plan
CUST09749,Monthly,4063.85,Net Banking,2024-01-05,,Basic Plan
CUST09750,Monthly,1264.51,Debit Card,2021-07-07,2026-03-30,Basic Plan
CUST09751,Quarterly,766.65,Auto Pay,2025-12-04,,Premium Plan
CUST09752,Monthly,390.04,Auto Pay,2021-09-20,2026-05-04,Basic Plan
CUST09753,Monthly,1312.99,Auto Pay,2023-03-01,2026-05-19,Premium Plan
CUST09754,Quarterly,3776.94,Auto Pay,2022-11-15,2026-01-05,Premium Plan
CUST09755,Annual,4230.97,Net Banking,2021-04-01,,Premium Plan
CUST09756,Monthly,2316.62,Auto Pay,2025-04-15,,Standard Plan
CUST09757,Monthly,1334.26,Auto Pay,2021-05-04,,Standard Plan
CUST09758,Monthly,2401.47,Debit Card,2021-04-12,,Standard Plan
CUST09759,Annual,1209.67,Credit Card,2021-06-29,,Premium Plan
CUST09760,Monthly,2360.93,UPI,2022-04-03,,Standard Plan
CUST09761,Annual,3350.08,UPI,2021-10-12,,Standard Plan
CUST09762,Annual,1860.6,Auto Pay,2021-05-03,,Basic Plan
CUST09763,Monthly,1588.3,Debit Card,2025-09-13,,Basic Plan
CUST09764,Monthly,4936.05,Auto Pay,2021-12-02,2026-04-26,Standard Plan
CUST09765,Monthly,3089.06,UPI,2023-06-11,2026-03-17,Basic Plan
CUST09766,Quarterly,605.69,Auto Pay,2024-10-21,,Premium Plan
CUST09767,Annual,1948.19,Net Banking,2023-09-29,,Standard Plan
CUST09768,Quarterly,536.46,UPI,2022-01-29,,Premium Plan
CUST09769,Annual,619.26,Credit Card,2023-04-02,2026-02-20,Basic Plan
CUST09770,Monthly,1059.46,Auto Pay,2023-03-10,,Premium Plan
CUST09771,Annual,764.13,Credit Card,2021-07-16,,Basic Plan
CUST09772,Quarterly,4093.3,Debit Card,2024-03-13,2026-02-04,Standard Plan
CUST09773,Monthly,3846.42,Debit Card,2025-12-27,,Basic Plan
CUST09774,Monthly,4296.81,Net Banking,2023-08-08,,Basic Plan
CUST09775,Annual,1363.47,UPI,2025-03-17,,Premium Plan
CUST09776,Annual,1320.08,UPI,2021-12-30,,Standard Plan
CUST09777,Quarterly,4236.94,Auto Pay,2025-04-21,,Standard Plan
CUST09778,Quarterly,4994.01,Debit Card,2023-01-27,2026-03-31,Basic Plan
CUST09779,Quarterly,3441.54,Auto Pay,2021-11-01,,Basic Plan
CUST09780,Monthly,4523.89,Credit Card,2021-09-14,2026-07-22,Basic Plan
CUST09781,Annual,2991.94,Debit Card,2024-02-29,,Basic Plan
CUST09782,Quarterly,4311.83,Debit Card,2024-05-11,2026-05-16,Basic Plan
CUST09783,Monthly,2922.37,Auto Pay,2023-03-06,2026-01-07,Basic Plan
CUST09784,Monthly,1999.33,Credit Card,2024-11-04,2026-07-12,Basic Plan
CUST09785,Annual,2527.57,Net Banking,2022-02-28,,Standard Plan
CUST09786,Monthly,1173.49,UPI,2023-07-26,,Basic Plan
CUST09787,Monthly,4174.95,Debit Card,2021-03-25,,Premium Plan
CUST09788,Quarterly,3072.66,Credit Card,2021-01-17,,Basic Plan
CUST09789,Monthly,4793.95,Credit Card,2023-04-02,,Basic Plan
CUST09790,Quarterly,1615.75,UPI,2023-01-30,,Premium Plan
CUST09791,Annual,3180.41,UPI,2021-04-14,,Standard Plan
CUST09792,Monthly,407.08,UPI,2024-01-09,,Standard Plan
CUST09793,Quarterly,2501.84,Debit Card,2021-12-13,2026-06-17,Basic Plan
CUST09794,Monthly,857.75,Net Banking,2021-11-15,2026-07-29,Basic Plan
CUST09795,Monthly,990.22,Auto Pay,2021-01-22,2026-01-11,Basic Plan
CUST09796,Monthly,2009.05,Debit Card,2024-11-05,,Basic Plan
CUST09797,Monthly,496.39,Debit Card,2021-04-06,,Standard Plan
CUST09798,Annual,2515.84,Credit Card,2023-06-06,,Basic Plan
CUST09799,Monthly,960.26,Credit Card,2021-05-04,,Standard Plan
CUST09800,Monthly,3013.62,Credit Card,2022-03-17,2026-03-20,Standard Plan
CUST09801,Annual,2001.65,UPI,2024-11-24,,Basic Plan
CUST09802,Monthly,3002.92,Credit Card,2025-02-18,,Standard Plan
CUST09803,Annual,1939.31,UPI,2022-11-11,2026-03-21,Basic Plan
CUST09804,Annual,3954.87,UPI,2022-10-28,,Premium Plan
CUST09805,Monthly,2061.32,Net Banking,2023-01-01,,Premium Plan
CUST09806,Monthly,3510.51,Credit Card,2022-03-25,2026-04-24,Standard Plan
CUST09807,Quarterly,1897.93,Credit Card,2021-10-08,,Premium Plan
CUST09808,Monthly,4672.4,Debit Card,2024-10-09,,Standard Plan
CUST09809,Monthly,4978.61,Auto Pay,2023-07-03,,Standard Plan
CUST09810,Monthly,4201.85,UPI,2025-07-09,,Basic Plan
CUST09811,Annual,996.37,Net Banking,2023-02-03,,Standard Plan
CUST09812,Monthly,2433.79,Debit Card,2023-09-10,,Standard Plan
CUST09813,Annual,3032.12,Net Banking,2023-01-30,,Basic Plan
CUST09814,Annual,2640.76,Net Banking,2021-10-31,,Basic Plan
CUST09815,Quarterly,1177.98,UPI,2023-10-10,,Standard Plan
CUST09816,Monthly,2223.22,Auto Pay,2021-11-15,,Basic Plan
CUST09817,Monthly,2903.21,Net Banking,2025-01-13,,Premium Plan
CUST09818,Monthly,2064.21,Auto Pay,2021-08-15,2026-08-02,Standard Plan
CUST09819,Annual,2397.86,Net Banking,2022-02-03,,Standard Plan
CUST09820,Monthly,2375.12,Debit Card,2023-08-05,,Standard Plan
CUST09821,Quarterly,4020.92,Auto Pay,2023-03-19,,Basic Plan
CUST09822,Monthly,421.84,Auto Pay,2024-11-28,,Standard Plan
CUST09823,Monthly,3140.23,UPI,2021-11-15,,Standard Plan
CUST09824,Quarterly,4361.36,Debit Card,2023-11-19,,Standard Plan
CUST09825,Quarterly,585.89,UPI,2025-05-16,,Premium Plan
CUST09826,Annual,507.94,Net Banking,2025-05-15,,Standard Plan
CUST09827,Monthly,1206.97,Auto Pay,2022-01-22,,Basic Plan
CUST09828,Monthly,524.95,Net Banking,2023-06-17,2026-04-25,Basic Plan
CUST09829,Monthly,1474.78,UPI,2022-02-03,,Basic Plan
CUST09830,Annual,4026.56,Debit Card,2022-03-04,,Premium Plan
CUST09831,Monthly,1884.73,Auto Pay,2023-08-31,,Basic Plan
CUST09832,Monthly,3442.21,Auto Pay,2021-01-19,,Basic Plan
CUST09833,Annual,1415.01,Auto Pay,2023-02-25,,Basic Plan
CUST09834,Monthly,4950.35,Credit Card,2025-07-20,2026-02-24,Basic Plan
CUST09835,Annual,1679.33,Debit Card,2024-09-01,,Premium Plan
CUST09836,Quarterly,1098.21,Debit Card,2024-04-20,,Premium Plan
CUST09837,Monthly,443.41,Debit Card,2022-04-14,,Basic Plan
CUST09838,Monthly,559.9,UPI,2024-02-16,2026-01-05,Standard Plan
CUST09839,Monthly,4749.87,Net Banking,2025-12-03,,Standard Plan
CUST09840,Monthly,4571.55,UPI,2023-03-08,2026-06-18,Basic Plan
CUST09841,Monthly,2918.32,Credit Card,2024-03-08,,Basic Plan
CUST09842,Annual,1535.12,Credit Card,2022-05-15,2026-07-19,Basic Plan
CUST09843,Monthly,4401.45,Auto Pay,2025-12-18,2026-07-05,Basic Plan
CUST09844,Monthly,594.84,UPI,2023-01-06,,Basic Plan
CUST09845,Annual,2184.68,UPI,2024-05-23,,Standard Plan
CUST09846,Quarterly,4178.98,Net Banking,2023-09-26,2026-07-01,Basic Plan
CUST09847,Monthly,4358.02,Debit Card,2023-09-06,2026-07-01,Standard Plan
CUST09848,Quarterly,2662.92,UPI,2023-03-09,,Standard Plan
CUST09849,Annual,487.94,Credit Card,2022-12-17,,Premium Plan
CUST09850,Monthly,3643.64,UPI,2021-10-29,,Basic Plan
CUST09851,Annual,1818.18,Debit Card,2025-05-11,,Standard Plan
CUST09852,Monthly,943.02,Debit Card,2023-04-25,,Standard Plan
CUST09853,Monthly,3742.34,Net Banking,2021-04-02,,Basic Plan
CUST09854,Annual,990.57,Auto Pay,2024-05-01,,Basic Plan
CUST09855,Monthly,3226.84,Debit Card,2024-10-17,2026-07-19,Basic Plan
CUST09856,Annual,1036.78,Net Banking,2024-02-18,,Basic Plan
CUST09857,Monthly,2413.98,Credit Card,2023-09-03,,Basic Plan
CUST09858,Monthly,3456.8,Debit Card,2025-10-15,2026-06-02,Basic Plan
CUST09859,Monthly,449.06,Debit Card,2025-04-27,,Standard Plan
CUST09860,Monthly,4174.18,UPI,2022-07-28,,Basic Plan
CUST09861,Quarterly,1514.9,Debit Card,2024-02-18,,Standard Plan
CUST09862,Monthly,4236.9,Auto Pay,2024-07-25,2026-06-13,Standard Plan
CUST09863,Quarterly,4923.71,Net Banking,2024-02-02,,Standard Plan
CUST09864,Annual,1383.6,Debit Card,2022-10-29,,Basic Plan
CUST09865,Annual,3127.47,Credit Card,2023-08-30,,Premium Plan
CUST09866,Monthly,702.44,Auto Pay,2024-09-20,,Premium Plan
CUST09867,Monthly,844.99,Credit Card,2021-09-04,2026-01-16,Basic Plan
CUST09868,Monthly,2331.48,Auto Pay,2021-06-17,2026-02-09,Premium Plan
CUST09869,Monthly,4792.09,UPI,2023-06-18,,Basic Plan
CUST09870,Monthly,4607.89,Auto Pay,2025-12-08,2026-04-15,Standard Plan
CUST09871,Monthly,3583.14,Credit Card,2025-05-31,,Standard Plan
CUST09872,Annual,3391.89,Credit Card,2023-09-14,,Standard Plan
CUST09873,Quarterly,3698.82,Auto Pay,2024-12-28,2026-06-09,Standard Plan
CUST09874,Monthly,4471.01,Auto Pay,2022-01-26,2026-05-23,Standard Plan
CUST09875,Annual,2580.53,Credit Card,2024-06-08,,Standard Plan
CUST09876,Annual,915.36,Credit Card,2022-10-30,,Basic Plan
CUST09877,Annual,2251.92,UPI,2023-06-25,2026-06-09,Basic Plan
CUST09878,Annual,1897.03,Net Banking,2023-04-25,,Premium Plan
CUST09879,Monthly,2854.78,Debit Card,2021-07-17,2026-07-19,Standard Plan
CUST09880,Monthly,412.28,Net Banking,2025-09-12,,Standard Plan
CUST09881,Annual,471.13,Debit Card,2024-12-27,,Basic Plan
CUST09882,Annual,4015.25,Debit Card,2024-10-03,,Basic Plan
CUST09883,Annual,3778.36,Auto Pay,2022-08-08,,Standard Plan
CUST09884,Monthly,3885.7,UPI,2021-03-18,2026-02-11,Basic Plan
CUST09885,Quarterly,4281.93,Net Banking,2025-06-20,2026-02-13,Basic Plan
CUST09886,Annual,2087.14,Net Banking,2025-12-06,,Standard Plan
CUST09887,Monthly,3961.07,Credit Card,2025-02-10,2026-07-27,Basic Plan
CUST09888,Quarterly,3460.74,Credit Card,2021-11-28,2026-08-22,Standard Plan
CUST09889,Annual,4195.85,Auto Pay,2023-01-19,,Basic Plan
CUST09890,Monthly,4975.7,Auto Pay,2022-03-20,,Basic Plan
CUST09891,Annual,441.61,Debit Card,2023-05-10,,Standard Plan
CUST09892,Monthly,3644.05,Net Banking,2025-12-12,,Basic Plan
CUST09893,Monthly,1328.19,Credit Card,2024-11-23,,Basic Plan
CUST09894,Monthly,3820.67,Auto Pay,2023-03-01,2026-07-28,Basic Plan
CUST09895,Monthly,1954.53,Auto Pay,2025-01-23,,Basic Plan
CUST09896,Annual,3291.2,Auto Pay,2025-09-27,,Standard Plan
CUST09897,Monthly,2136.98,Auto Pay,2024-05-13,2026-04-25,Standard Plan
CUST09898,Monthly,722.53,Debit Card,2025-05-28,2026-07-12,Basic Plan
CUST09899,Monthly,2424.88,UPI,2021-08-12,2026-04-08,Premium Plan
CUST09900,Monthly,4089.14,Debit Card,2024-09-16,2026-03-20,Standard Plan
CUST09901,Annual,1080.68,UPI,2022-03-08,,Standard Plan
CUST09902,Monthly,1896.13,Debit Card,2022-09-20,2026-01-26,Basic Plan
CUST09903,Annual,3300.06,Net Banking,2022-10-23,,Basic Plan
CUST09904,Monthly,3947.05,Auto Pay,2022-12-01,,Basic Plan
CUST09905,Monthly,1904.21,Debit Card,2023-08-15,,Premium Plan
CUST09906,Monthly,2395.82,Debit Card,2025-02-05,2026-07-19,Basic Plan
CUST09907,Annual,2182.57,Debit Card,2022-03-18,2026-08-08,Basic Plan
CUST09908,Annual,2462.73,Auto Pay,2025-12-12,2026-08-07,Standard Plan
CUST09909,Monthly,584.85,Credit Card,2022-01-24,,Basic Plan
CUST09910,Monthly,2786.82,Debit Card,2024-11-02,,Basic Plan
CUST09911,Annual,1820.38,UPI,2021-01-29,,Premium Plan
CUST09912,Quarterly,2939.06,Credit Card,2025-05-27,,Basic Plan
CUST09913,Annual,1955.81,Auto Pay,2023-11-13,,Premium Plan
CUST09914,Annual,808.32,Debit Card,2023-04-07,,Basic Plan
CUST09915,Quarterly,3018.47,Auto Pay,2023-12-07,,Standard Plan
CUST09916,Monthly,1644.43,Debit Card,2022-07-11,2026-06-07,Basic Plan
CUST09917,Monthly,3182.97,Net Banking,2023-05-16,2026-03-19,Premium Plan
CUST09918,Monthly,679.88,Credit Card,2021-02-07,2026-07-13,Basic Plan
CUST09919,Monthly,3103.77,Net Banking,2024-11-10,2026-05-17,Basic Plan
CUST09920,Monthly,1398.11,Auto Pay,2024-01-21,,Basic Plan
CUST09921,Monthly,2297.87,Auto Pay,2022-04-19,2026-07-19,Basic Plan
CUST09922,Monthly,3440.67,Net Banking,2021-02-08,2026-08-25,Basic Plan
CUST09923,Monthly,3925.16,Credit Card,2023-11-30,2026-07-10,Premium Plan
CUST09924,Monthly,1411.42,Auto Pay,2023-11-21,2026-03-07,Basic Plan
CUST09925,Quarterly,1754.35,Auto Pay,2021-06-30,,Basic Plan
CUST09926,Monthly,2957.83,Debit Card,2024-02-27,,Basic Plan
CUST09927,Annual,880.3,Debit Card,2023-02-03,,Standard Plan
CUST09928,Quarterly,2093.82,Debit Card,2023-12-02,,Standard Plan
CUST09929,Monthly,831.05,Net Banking,2024-05-08,,Basic Plan
CUST09930,Monthly,1582.87,UPI,2024-07-11,,Standard Plan
CUST09931,Quarterly,943.82,Net Banking,2025-05-29,,Premium Plan
CUST09932,Monthly,4769.78,Auto Pay,2022-03-10,,Premium Plan
CUST09933,Monthly,1973.6,Credit Card,2021-06-06,,Standard Plan
CUST09934,Quarterly,595.86,Credit Card,2022-01-29,,Basic Plan
CUST09935,Annual,2394.03,Auto Pay,2023-01-23,,Premium Plan
CUST09936,Monthly,3614.95,Net Banking,2022-07-17,2026-08-28,Basic Plan
CUST09937,Monthly,3764.55,Credit Card,2021-03-18,,Standard Plan
CUST09938,Quarterly,2066.66,Debit Card,2022-01-28,,Basic Plan
CUST09939,Monthly,4163.99,Debit Card,2025-05-04,,Basic Plan
CUST09940,Annual,2467.68,UPI,2024-08-27,,Premium Plan
CUST09941,Monthly,996.1,Credit Card,2023-01-03,,Basic Plan
CUST09942,Annual,4886.57,Debit Card,2023-09-24,2026-02-25,Basic Plan
CUST09943,Monthly,4429.83,UPI,2021-05-01,2026-06-24,Standard Plan
CUST09944,Quarterly,1797.21,UPI,2024-11-06,,Basic Plan
CUST09945,Annual,4089.68,UPI,2024-04-22,,Standard Plan
CUST09946,Annual,2883.22,UPI,2024-04-12,,Standard Plan
CUST09947,Annual,4646.53,UPI,2025-04-05,,Standard Plan
CUST09948,Monthly,2482.72,UPI,2025-09-18,2026-06-28,Standard Plan
CUST09949,Monthly,1486.15,Debit Card,2024-05-30,,Standard Plan
CUST09950,Monthly,3214.49,Credit Card,2023-09-30,2026-08-24,Basic Plan
CUST09951,Monthly,529.99,Debit Card,2024-03-16,2026-08-30,Standard Plan
CUST09952,Quarterly,1652.78,Debit Card,2022-10-07,,Basic Plan
CUST09953,Monthly,4295.1,Net Banking,2024-05-12,,Basic Plan
CUST09954,Monthly,3338.28,Net Banking,2025-08-12,,Standard Plan
CUST09955,Quarterly,3288.24,Net Banking,2023-04-20,,Standard Plan
CUST09956,Monthly,1947.92,Debit Card,2021-06-06,2026-06-12,Basic Plan
CUST09957,Monthly,1183.88,Auto Pay,2024-09-30,,Premium Plan
CUST09958,Annual,3985.13,Auto Pay,2021-09-19,,Basic Plan
CUST09959,Annual,2210.88,Net Banking,2021-07-30,,Standard Plan
CUST09960,Quarterly,323.45,Credit Card,2021-05-05,,Standard Plan
CUST09961,Monthly,3543.35,Credit Card,2023-12-24,,Basic Plan
CUST09962,Monthly,424.95,Debit Card,2023-09-06,,Standard Plan
CUST09963,Quarterly,877.31,Auto Pay,2021-05-07,,Standard Plan
CUST09964,Quarterly,4700.04,UPI,2021-04-06,,Basic Plan
CUST09965,Annual,1700.67,Net Banking,2021-10-10,,Basic Plan
CUST09966,Quarterly,3011.86,Auto Pay,2023-03-22,,Standard Plan
CUST09967,Annual,1515.1,Net Banking,2024-11-17,,Basic Plan
CUST09968,Monthly,1574.23,Debit Card,2023-10-17,,Basic Plan
CUST09969,Quarterly,769.18,Debit Card,2024-11-21,,Basic Plan
CUST09970,Annual,688.69,Auto Pay,2023-03-21,,Basic Plan
CUST09971,Monthly,4084.91,Debit Card,2022-01-02,,Premium Plan
CUST09972,Annual,1008.69,UPI,2025-06-05,2026-07-23,Standard Plan
CUST09973,Monthly,4798.17,Auto Pay,2023-09-23,,Basic Plan
CUST09974,Monthly,844.37,UPI,2024-10-15,,Basic Plan
CUST09975,Monthly,3608.64,Debit Card,2021-11-22,,Standard Plan
CUST09976,Monthly,2805.84,Auto Pay,2022-01-23,2026-07-20,Premium Plan
CUST09977,Quarterly,3732.57,Debit Card,2021-03-02,,Basic Plan
CUST09978,Annual,1814.72,Net Banking,2024-07-15,,Premium Plan
CUST09979,Annual,2846.0,Net Banking,2022-02-11,,Standard Plan
CUST09980,Monthly,4488.8,Net Banking,2025-10-06,2026-04-02,Standard Plan
CUST09981,Monthly,1441.2,Net Banking,2025-08-29,,Standard Plan
CUST09982,Monthly,1380.9,Credit Card,2023-07-23,,Basic Plan
CUST09983,Quarterly,2779.27,UPI,2022-02-23,,Standard Plan
CUST09984,Monthly,3638.73,Credit Card,2022-08-15,,Basic Plan
CUST09985,Quarterly,3085.33,Credit Card,2023-01-24,2026-02-16,Basic Plan
CUST09986,Quarterly,3574.35,UPI,2025-01-26,2026-04-25,Basic Plan
CUST09987,Monthly,3846.01,Net Banking,2024-12-11,,Standard Plan
CUST09988,Monthly,1885.6,Net Banking,2023-04-17,,Basic Plan
CUST09989,Quarterly,2578.6,Debit Card,2025-08-10,,Premium Plan
CUST09990,Annual,1110.32,Debit Card,2023-07-22,,Standard Plan
CUST09991,Quarterly,4327.54,Credit Card,2025-09-05,,Basic Plan
CUST09992,Annual,3045.21,Debit Card,2024-07-29,,Standard Plan
CUST09993,Monthly,3880.29,Auto Pay,2025-04-27,,Premium Plan
CUST09994,Monthly,1847.3,Net Banking,2024-09-22,2026-03-13,Basic Plan
CUST09995,Monthly,3119.06,Debit Card,2021-05-31,,Basic Plan
CUST09996,Quarterly,2512.29,Debit Card,2025-04-11,2026-02-13,Standard Plan
CUST09997,Monthly,2626.07,UPI,2024-04-08,2026-08-15,Basic Plan
CUST09998,Annual,2257.66,Debit Card,2021-01-04,2026-07-08,Basic Plan
CUST09999,Monthly,1652.81,Net Banking,2021-09-16,,Basic Plan
CUST10000,Monthly,1581.12,Auto Pay,2025-03-29,,Premium Plan
CUST10001,Monthly,2438.54,Auto Pay,2025-10-17,,Standard Plan
CUST10002,Annual,4565.83,Auto Pay,2025-07-25,,Premium Plan
CUST10003,Annual,1076.6,UPI,2021-12-13,,Basic Plan
CUST10004,Monthly,3890.82,Debit Card,2023-01-10,,Basic Plan
CUST10005,Monthly,4241.36,UPI,2024-11-28,2026-06-08,Basic Plan
CUST10006,Monthly,1344.48,Debit Card,2022-05-10,2026-08-13,Basic Plan
CUST10007,Quarterly,3539.96,Credit Card,2023-04-22,2026-07-16,Basic Plan
CUST10008,Monthly,686.73,UPI,2025-07-11,2026-07-13,Basic Plan
CUST10009,Monthly,3941.83,Credit Card,2023-12-31,,Premium Plan
CUST10010,Annual,3656.12,Debit Card,2021-06-19,2026-01-26,Basic Plan
CUST10011,Quarterly,4782.53,Credit Card,2023-11-27,2026-05-08,Standard Plan
CUST10012,Monthly,1602.52,UPI,2022-06-06,,Standard Plan
CUST10013,Quarterly,2791.05,Net Banking,2023-01-04,,Basic Plan
CUST10014,Monthly,2116.51,Debit Card,2025-04-07,,Basic Plan
CUST10015,Annual,2746.45,Auto Pay,2024-01-12,,Premium Plan
CUST10016,Annual,4823.06,Net Banking,2024-08-08,,Basic Plan
CUST10017,Quarterly,2982.32,Credit Card,2021-09-11,,Standard Plan
CUST10018,Monthly,1284.21,UPI,2022-10-19,,Basic Plan
CUST10019,Annual,4092.79,Credit Card,2022-01-25,,Standard Plan
CUST10020,Quarterly,4146.37,Credit Card,2022-01-26,,Standard Plan
CUST10021,Quarterly,1278.21,Net Banking,2021-10-30,,Premium Plan
CUST10022,Monthly,4980.84,UPI,2022-01-06,,Standard Plan
CUST10023,Annual,3988.57,Net Banking,2025-08-10,,Standard Plan
CUST10024,Monthly,3334.35,UPI,2024-01-20,2026-01-11,Standard Plan
CUST10025,Monthly,2622.51,Auto Pay,2022-07-17,,Premium Plan
CUST10026,Annual,1782.49,Debit Card,2021-04-02,,Standard Plan
CUST10027,Monthly,1017.64,Debit Card,2021-07-31,,Basic Plan
CUST10028,Monthly,1678.19,Auto Pay,2023-04-18,,Premium Plan
CUST10029,Quarterly,2046.51,Debit Card,2021-04-10,,Standard Plan
CUST10030,Monthly,4280.58,Auto Pay,2025-08-04,,Premium Plan
CUST10031,Monthly,4341.57,Net Banking,2023-04-17,2026-06-04,Standard Plan
CUST10032,Monthly,4257.0,UPI,2022-03-23,,Basic Plan
CUST10033,Quarterly,4927.61,Net Banking,2025-01-05,2026-01-10,Standard Plan
CUST10034,Quarterly,4260.07,Net Banking,2022-06-30,,Basic Plan
CUST10035,Quarterly,1783.19,Auto Pay,2022-02-28,,Basic Plan
CUST10036,Monthly,4273.55,Auto Pay,2021-04-09,,Basic Plan
CUST10037,Monthly,3244.21,UPI,2025-03-02,2026-01-07,Premium Plan
CUST10038,Monthly,3418.4,Auto Pay,2024-03-18,,Basic Plan
CUST10039,Monthly,4708.82,Debit Card,2021-01-25,,Basic Plan
CUST10040,Quarterly,981.7,Credit Card,2023-06-04,,Standard Plan
CUST10041,Annual,326.03,Net Banking,2024-10-31,,Standard Plan
CUST10042,Quarterly,2770.16,Auto Pay,2021-10-25,,Basic Plan
CUST10043,Monthly,1825.67,Net Banking,2024-09-19,,Standard Plan
CUST10044,Monthly,3006.68,UPI,2025-11-27,,Standard Plan
CUST10045,Annual,4535.35,Debit Card,2024-10-31,,Basic Plan
CUST10046,Monthly,4709.76,Auto Pay,2022-02-16,2026-08-06,Basic Plan
CUST10047,Annual,2634.95,Auto Pay,2021-09-23,,Standard Plan
CUST10048,Monthly,4293.3,Credit Card,2021-01-26,,Basic Plan
CUST10049,Annual,449.15,Net Banking,2025-10-16,,Standard Plan
CUST10050,Monthly,944.83,UPI,2021-02-26,2026-06-15,Premium Plan
CUST10051,Annual,1516.24,Debit Card,2024-07-05,,Standard Plan
CUST10052,Quarterly,3507.67,Credit Card,2025-02-18,,Standard Plan
CUST10053,Monthly,3197.07,UPI,2024-12-09,,Premium Plan
CUST10054,Monthly,4250.93,Auto Pay,2023-06-08,2026-06-20,Basic Plan
CUST10055,Quarterly,760.92,Credit Card,2021-05-16,,Premium Plan
CUST10056,Monthly,4681.73,UPI,2025-10-21,2026-01-28,Standard Plan
CUST10057,Annual,4906.13,Auto Pay,2022-10-16,,Basic Plan
CUST10058,Monthly,1085.09,Credit Card,2023-07-01,,Standard Plan
CUST10059,Monthly,2074.84,Credit Card,2021-11-07,,Premium Plan
CUST10060,Monthly,4418.88,Debit Card,2025-09-27,,Standard Plan
CUST10061,Monthly,4132.49,UPI,2023-12-29,,Basic Plan
CUST10062,Quarterly,2973.42,Net Banking,2023-02-27,,Premium Plan
CUST10063,Annual,1090.4,Auto Pay,2023-12-12,,Premium Plan
CUST10064,Annual,2892.59,Credit Card,2023-04-28,,Standard Plan
CUST10065,Monthly,1353.09,Auto Pay,2024-08-29,,Basic Plan
CUST10066,Annual,1292.01,Credit Card,2024-10-03,2026-06-07,Basic Plan
CUST10067,Monthly,3617.84,Credit Card,2022-01-22,,Premium Plan
CUST10068,Quarterly,4418.71,UPI,2024-08-26,,Basic Plan
CUST10069,Quarterly,352.11,UPI,2024-01-19,,Standard Plan
CUST10070,Quarterly,3585.13,Credit Card,2023-04-14,2026-03-20,Premium Plan
CUST10071,Quarterly,330.87,Auto Pay,2022-01-02,,Premium Plan
CUST10072,Monthly,4305.31,UPI,2025-08-22,,Basic Plan
CUST10073,Monthly,2553.82,Auto Pay,2025-10-11,,Basic Plan
CUST10074,Monthly,911.07,Debit Card,2025-04-25,2026-01-30,Standard Plan
CUST10075,Monthly,2171.91,Debit Card,2023-12-04,,Standard Plan
CUST10076,Monthly,3557.71,Auto Pay,2024-06-02,,Basic Plan
CUST10077,Annual,1502.9,Auto Pay,2021-12-07,,Basic Plan
CUST10078,Monthly,3320.5,Net Banking,2024-04-22,,Basic Plan
CUST10079,Monthly,3237.48,UPI,2023-12-29,2026-07-27,Basic Plan
CUST10080,Monthly,1785.18,Debit Card,2021-04-13,,Basic Plan
CUST10081,Quarterly,4860.04,Auto Pay,2022-07-06,,Standard Plan
CUST10082,Monthly,1767.46,Auto Pay,2025-09-04,,Basic Plan
CUST10083,Quarterly,1151.37,UPI,2021-05-12,,Basic Plan
CUST10084,Annual,3838.56,Net Banking,2021-09-10,,Basic Plan
CUST10085,Monthly,2254.66,UPI,2024-08-13,2026-04-08,Basic Plan
CUST10086,Monthly,546.09,Debit Card,2022-05-03,,Standard Plan
CUST10087,Monthly,4671.91,Auto Pay,2024-04-15,2026-07-27,Basic Plan
CUST10088,Monthly,4565.9,Credit Card,2023-11-16,,Premium Plan
CUST10089,Annual,3298.19,UPI,2022-12-20,2026-04-08,Basic Plan
CUST10090,Monthly,786.03,Net Banking,2024-04-27,2026-08-10,Basic Plan
CUST10091,Annual,2569.99,Net Banking,2021-09-02,2026-04-09,Standard Plan
CUST10092,Quarterly,365.89,UPI,2021-03-20,,Basic Plan
CUST10093,Annual,3592.81,Debit Card,2023-06-24,,Standard Plan
CUST10094,Annual,1001.28,Net Banking,2025-06-03,,Basic Plan
CUST10095,Monthly,4156.09,Debit Card,2024-10-06,,Premium Plan
CUST10096,Monthly,3352.79,Debit Card,2021-02-08,,Standard Plan
CUST10097,Annual,475.81,Auto Pay,2022-04-15,,Basic Plan
CUST10098,Monthly,2634.31,Credit Card,2021-04-20,2026-07-01,Basic Plan
CUST10099,Annual,1280.16,Auto Pay,2024-06-14,,Standard Plan
CUST10100,Monthly,1940.04,Net Banking,2025-12-21,,Premium Plan
CUST10101,Quarterly,4450.37,UPI,2022-12-03,,Standard Plan
CUST10102,Monthly,1959.31,Net Banking,2024-01-11,,Premium Plan
CUST10103,Monthly,3809.55,UPI,2023-01-30,,Standard Plan
CUST10104,Monthly,1192.53,Net Banking,2025-11-13,2026-08-03,Basic Plan
CUST10105,Monthly,4796.77,Credit Card,2024-08-21,,Basic Plan
CUST10106,Monthly,3443.28,Debit Card,2024-03-29,,Premium Plan
CUST10107,Quarterly,3138.67,Auto Pay,2021-11-06,,Premium Plan
CUST10108,Monthly,303.54,UPI,2022-12-08,,Basic Plan
CUST10109,Monthly,2640.29,UPI,2023-10-18,,Standard Plan
CUST10110,Monthly,2655.16,UPI,2023-01-28,,Standard Plan
CUST10111,Quarterly,2782.84,Debit Card,2023-11-12,,Basic Plan
CUST10112,Monthly,4398.46,Auto Pay,2023-10-23,,Basic Plan
CUST10113,Quarterly,4706.58,Debit Card,2023-09-14,,Basic Plan
CUST10114,Monthly,2690.24,UPI,2024-04-23,2026-08-23,Basic Plan
CUST10115,Monthly,4419.85,Debit Card,2022-05-20,,Premium Plan
CUST10116,Monthly,673.45,Auto Pay,2025-09-13,2026-04-11,Basic Plan
CUST10117,Monthly,4576.01,UPI,2023-05-11,2026-07-15,Standard Plan
CUST10118,Monthly,2606.3,Debit Card,2021-04-05,,Standard Plan
CUST10119,Monthly,2193.45,Credit Card,2022-03-21,2026-06-27,Standard Plan
CUST10120,Quarterly,4710.3,Debit Card,2024-05-05,,Premium Plan
CUST10121,Annual,4478.43,Auto Pay,2025-03-17,2026-08-10,Standard Plan
CUST10122,Monthly,2708.61,Credit Card,2022-03-16,2026-01-18,Basic Plan
CUST10123,Annual,1814.44,Credit Card,2023-12-06,2026-07-17,Standard Plan
CUST10124,Monthly,2113.52,Net Banking,2025-02-16,,Standard Plan
CUST10125,Annual,3663.71,Net Banking,2021-02-09,,Basic Plan
CUST10126,Quarterly,4218.76,Credit Card,2024-07-10,,Basic Plan
CUST10127,Quarterly,4550.35,Debit Card,2024-06-26,,Standard Plan
CUST10128,Monthly,4580.71,Auto Pay,2023-06-30,2026-07-25,Premium Plan
CUST10129,Annual,2985.65,Auto Pay,2023-02-03,,Standard Plan
CUST10130,Monthly,1351.74,Auto Pay,2025-07-02,,Basic Plan
CUST10131,Quarterly,3041.88,UPI,2023-01-21,2026-08-24,Basic Plan
CUST10132,Annual,2902.33,Credit Card,2022-06-05,,Basic Plan
CUST10133,Monthly,754.48,Auto Pay,2023-03-03,,Standard Plan
CUST10134,Monthly,3531.85,UPI,2021-12-03,,Premium Plan
CUST10135,Monthly,4166.37,UPI,2025-08-20,2026-05-20,Standard Plan
CUST10136,Monthly,3206.85,UPI,2023-05-25,2026-06-25,Standard Plan
CUST10137,Quarterly,2539.86,Auto Pay,2022-04-05,2026-03-02,Basic Plan
CUST10138,Monthly,1844.96,UPI,2025-07-27,,Standard Plan
CUST10139,Quarterly,1894.98,Net Banking,2021-10-14,,Premium Plan
CUST10140,Annual,3406.06,Credit Card,2025-10-13,,Basic Plan
CUST10141,Monthly,4191.41,Debit Card,2025-03-16,,Standard Plan
CUST10142,Monthly,4263.68,UPI,2025-01-26,,Standard Plan
CUST10143,Monthly,374.33,Credit Card,2023-12-26,2026-01-10,Standard Plan
CUST10144,Quarterly,4676.82,Credit Card,2025-11-20,,Basic Plan
CUST10145,Annual,2741.81,Net Banking,2022-10-28,2026-03-07,Standard Plan
CUST10146,Annual,2989.55,Credit Card,2023-05-29,2026-08-11,Standard Plan
CUST10147,Monthly,1157.65,UPI,2024-06-23,2026-03-16,Premium Plan
CUST10148,Monthly,2193.3,Credit Card,2024-11-15,,Basic Plan
CUST10149,Annual,407.02,Debit Card,2023-02-06,,Basic Plan
CUST10150,Monthly,3216.88,Net Banking,2025-01-14,,Premium Plan
CUST10151,Monthly,1822.43,Net Banking,2022-05-05,,Basic Plan
CUST10152,Monthly,434.75,UPI,2021-01-11,2026-06-23,Standard Plan
CUST10153,Annual,2557.63,Net Banking,2023-09-21,,Premium Plan
CUST10154,Annual,1343.96,Net Banking,2025-10-25,2026-02-13,Basic Plan
CUST10155,Monthly,1316.84,Auto Pay,2025-09-07,,Premium Plan
CUST10156,Monthly,2234.16,Debit Card,2025-04-12,2026-08-12,Standard Plan
CUST10157,Quarterly,748.24,Net Banking,2025-04-24,,Premium Plan
CUST10158,Quarterly,2355.05,Net Banking,2021-04-05,,Basic Plan
CUST10159,Quarterly,4967.43,Debit Card,2025-12-29,,Premium Plan
CUST10160,Monthly,2970.1,Net Banking,2023-04-25,,Standard Plan
CUST10161,Annual,4037.32,Credit Card,2025-05-27,2026-06-09,Basic Plan
CUST10162,Monthly,1526.24,UPI,2023-03-21,,Basic Plan
CUST10163,Quarterly,4086.34,Debit Card,2025-11-23,,Basic Plan
CUST10164,Monthly,2900.93,Debit Card,2023-01-10,,Standard Plan
CUST10165,Monthly,2508.06,UPI,2022-10-10,2026-07-03,Basic Plan
CUST10166,Monthly,3688.44,UPI,2024-11-02,,Basic Plan
CUST10167,Annual,2540.56,Credit Card,2021-10-06,,Basic Plan
CUST10168,Annual,3013.74,UPI,2022-10-18,,Basic Plan
CUST10169,Quarterly,2204.99,Debit Card,2025-04-20,,Basic Plan
CUST10170,Monthly,1298.37,Credit Card,2024-07-07,,Basic Plan
CUST10171,Monthly,1203.43,Net Banking,2025-10-02,2026-08-17,Basic Plan
CUST10172,Monthly,4081.01,Debit Card,2025-12-22,2026-08-19,Standard Plan
CUST10173,Annual,1870.06,Debit Card,2023-01-04,,Standard Plan
CUST10174,Annual,430.76,Net Banking,2024-12-29,,Basic Plan
CUST10175,Quarterly,4684.65,Auto Pay,2025-06-01,,Basic Plan
CUST10176,Quarterly,3621.59,UPI,2023-09-30,,Premium Plan
CUST10177,Monthly,3588.35,Auto Pay,2022-05-22,2026-06-22,Basic Plan
CUST10178,Annual,2462.23,Auto Pay,2022-07-05,,Basic Plan
CUST10179,Annual,4988.47,Auto Pay,2024-10-23,2026-04-13,Basic Plan
CUST10180,Monthly,4994.15,UPI,2024-11-22,2026-07-01,Standard Plan
CUST10181,Annual,2338.39,Net Banking,2023-06-17,2026-03-08,Basic Plan
CUST10182,Annual,472.69,Net Banking,2024-06-27,,Standard Plan
CUST10183,Monthly,2983.78,UPI,2021-01-26,,Standard Plan
CUST10184,Monthly,1998.13,Credit Card,2021-07-06,,Basic Plan
CUST10185,Monthly,4546.33,Credit Card,2023-08-31,2026-04-20,Basic Plan
CUST10186,Annual,3763.89,Net Banking,2021-06-10,,Basic Plan
CUST10187,Monthly,3323.21,Credit Card,2023-05-07,2026-05-13,Standard Plan
CUST10188,Annual,3282.64,UPI,2025-03-22,,Standard Plan
CUST10189,Annual,4612.61,Debit Card,2022-10-22,,Basic Plan
CUST10190,Annual,1641.37,Credit Card,2021-05-04,,Basic Plan
CUST10191,Monthly,704.51,Credit Card,2022-08-01,,Basic Plan
CUST10192,Annual,2399.93,Auto Pay,2022-02-06,,Basic Plan
CUST10193,Monthly,2930.21,Debit Card,2023-08-07,2026-05-13,Basic Plan
CUST10194,Monthly,782.16,Auto Pay,2023-08-15,2026-03-29,Standard Plan
CUST10195,Annual,1434.98,Net Banking,2025-10-13,,Basic Plan
CUST10196,Annual,2646.93,Net Banking,2024-10-06,,Standard Plan
CUST10197,Annual,3046.91,Net Banking,2021-01-24,,Premium Plan
CUST10198,Annual,745.55,Debit Card,2024-01-02,,Standard Plan
CUST10199,Monthly,2603.91,Auto Pay,2021-05-30,2026-04-12,Standard Plan
CUST10200,Quarterly,1476.97,Credit Card,2024-10-24,,Basic Plan
CUST10201,Annual,4681.73,Debit Card,2022-05-16,,Standard Plan
CUST10202,Annual,1598.13,UPI,2024-12-15,,Basic Plan
CUST10203,Quarterly,2433.35,Auto Pay,2023-07-31,,Standard Plan
CUST10204,Monthly,3916.4,Credit Card,2022-07-22,,Premium Plan
CUST10205,Quarterly,2300.72,Debit Card,2024-07-04,2026-01-06,Standard Plan
CUST10206,Annual,4631.83,Credit Card,2021-12-08,2026-03-23,Basic Plan
CUST10207,Annual,823.47,Net Banking,2022-04-16,,Basic Plan
CUST10208,Quarterly,1946.29,UPI,2022-09-03,,Standard Plan
CUST10209,Monthly,3693.9,Credit Card,2021-01-31,2026-02-25,Standard Plan
CUST10210,Quarterly,1024.06,Debit Card,2021-08-15,,Basic Plan
CUST10211,Monthly,447.52,UPI,2024-04-09,,Basic Plan
CUST10212,Annual,3219.56,UPI,2024-08-29,,Standard Plan
CUST10213,Monthly,2662.89,Auto Pay,2023-10-01,,Basic Plan
CUST10214,Monthly,2271.36,Auto Pay,2024-07-14,,Standard Plan
CUST10215,Monthly,1775.92,Credit Card,2025-01-16,2026-03-30,Premium Plan
CUST10216,Monthly,3677.18,Credit Card,2021-05-22,,Basic Plan
CUST10217,Monthly,1794.35,Credit Card,2023-01-19,,Standard Plan
CUST10218,Monthly,4483.74,Auto Pay,2025-04-03,,Basic Plan
CUST10219,Monthly,2971.53,Credit Card,2021-10-28,2026-02-16,Standard Plan
CUST10220,Monthly,3717.83,Net Banking,2025-02-05,2026-06-22,Basic Plan
CUST10221,Quarterly,3177.83,UPI,2023-06-10,2026-06-17,Basic Plan
CUST10222,Quarterly,4833.44,Credit Card,2023-12-19,,Basic Plan
CUST10223,Monthly,4930.25,Net Banking,2024-07-21,,Basic Plan
CUST10224,Monthly,567.98,Auto Pay,2025-01-07,,Premium Plan
CUST10225,Annual,3770.39,Net Banking,2024-06-25,2026-02-03,Basic Plan
CUST10226,Monthly,1913.26,Net Banking,2022-07-15,2026-05-11,Basic Plan
CUST10227,Monthly,1638.24,Debit Card,2023-08-12,,Basic Plan
CUST10228,Monthly,828.11,Debit Card,2025-05-09,2026-01-20,Basic Plan
CUST10229,Monthly,3578.17,Debit Card,2024-06-06,,Basic Plan
CUST10230,Quarterly,3536.52,Credit Card,2021-06-20,2026-08-14,Basic Plan
CUST10231,Annual,1305.77,Credit Card,2025-07-02,,Standard Plan
CUST10232,Monthly,1775.27,Auto Pay,2025-06-24,2026-04-20,Standard Plan
CUST10233,Monthly,3779.17,Debit Card,2022-07-08,,Premium Plan
CUST10234,Monthly,502.64,Credit Card,2024-01-29,,Standard Plan
CUST10235,Monthly,1565.91,Auto Pay,2022-03-07,,Basic Plan
CUST10236,Monthly,4550.76,Auto Pay,2021-09-29,2026-06-12,Basic Plan
CUST10237,Quarterly,1871.4,Credit Card,2022-03-27,,Standard Plan
CUST10238,Quarterly,2558.41,Debit Card,2021-05-11,,Basic Plan
CUST10239,Annual,4047.58,Debit Card,2021-06-21,,Standard Plan
CUST10240,Annual,2219.13,Auto Pay,2023-02-19,,Standard Plan
CUST10241,Quarterly,2056.57,Auto Pay,2025-08-29,,Standard Plan
CUST10242,Annual,1614.84,UPI,2024-06-23,2026-08-15,Basic Plan
CUST10243,Annual,1059.14,UPI,2021-10-14,,Basic Plan
CUST10244,Annual,3838.27,Auto Pay,2022-06-12,,Premium Plan
CUST10245,Monthly,2967.02,Auto Pay,2023-03-14,,Standard Plan
CUST10246,Quarterly,3431.43,Net Banking,2023-01-10,,Standard Plan
CUST10247,Annual,480.93,Credit Card,2022-10-05,,Basic Plan
CUST10248,Monthly,3454.55,Auto Pay,2025-03-19,2026-05-26,Standard Plan
CUST10249,Monthly,3562.82,Net Banking,2022-03-23,2026-05-28,Basic Plan
CUST10250,Monthly,3925.1,Credit Card,2024-05-30,,Standard Plan
CUST10251,Monthly,2921.65,Debit Card,2025-05-07,,Standard Plan
CUST10252,Monthly,2731.47,Auto Pay,2021-03-08,,Basic Plan
CUST10253,Annual,1664.48,Debit Card,2025-12-21,,Basic Plan
CUST10254,Annual,4693.02,Debit Card,2024-09-14,,Basic Plan
CUST10255,Monthly,2205.77,Credit Card,2024-10-20,,Standard Plan
CUST10256,Annual,4379.45,Auto Pay,2024-11-23,,Standard Plan
CUST10257,Annual,1178.19,UPI,2022-04-20,,Premium Plan
CUST10258,Monthly,4307.68,Auto Pay,2025-07-13,2026-04-10,Basic Plan
CUST10259,Monthly,1139.16,UPI,2022-10-14,2026-05-30,Standard Plan
CUST10260,Monthly,4286.2,Auto Pay,2021-12-18,,Standard Plan
CUST10261,Monthly,2727.76,Debit Card,2021-03-16,,Standard Plan
CUST10262,Monthly,2421.32,Net Banking,2021-08-14,,Standard Plan
CUST10263,Monthly,4283.3,Auto Pay,2023-10-07,2026-07-29,Basic Plan
CUST10264,Monthly,2325.65,Credit Card,2025-07-21,,Basic Plan
CUST10265,Quarterly,1019.8,Debit Card,2021-11-07,,Premium Plan
CUST10266,Monthly,743.31,Credit Card,2021-01-14,,Basic Plan
CUST10267,Annual,2111.5,Credit Card,2024-12-07,,Basic Plan
CUST10268,Monthly,2617.53,Auto Pay,2024-04-15,,Standard Plan
CUST10269,Monthly,1201.48,Auto Pay,2023-04-29,,Standard Plan
CUST10270,Monthly,2608.66,Debit Card,2021-12-14,2026-07-22,Standard Plan
CUST10271,Monthly,476.27,Credit Card,2022-02-01,2026-06-30,Standard Plan
CUST10272,Monthly,2400.56,UPI,2022-04-26,,Standard Plan
CUST10273,Annual,737.62,Auto Pay,2021-10-28,,Premium Plan
CUST10274,Monthly,2096.09,Debit Card,2021-11-15,,Basic Plan
CUST10275,Monthly,2496.57,UPI,2022-06-01,,Premium Plan
CUST10276,Quarterly,526.21,Net Banking,2021-10-08,2026-01-19,Premium Plan
CUST10277,Quarterly,533.94,UPI,2024-03-18,,Standard Plan
CUST10278,Quarterly,4373.19,Net Banking,2022-08-06,,Standard Plan
CUST10279,Monthly,3440.49,Net Banking,2023-04-29,,Premium Plan
CUST10280,Quarterly,4553.85,Debit Card,2022-11-28,,Standard Plan
CUST10281,Annual,1427.67,Credit Card,2021-01-17,,Premium Plan
CUST10282,Annual,3935.87,Credit Card,2025-01-03,,Premium Plan
CUST10283,Quarterly,510.17,UPI,2021-09-02,,Basic Plan
CUST10284,Quarterly,4221.78,Auto Pay,2024-03-19,,Basic Plan
CUST10285,Quarterly,2726.99,Net Banking,2022-05-16,,Standard Plan
CUST10286,Annual,407.9,Debit Card,2022-02-18,,Basic Plan
CUST10287,Quarterly,3358.01,Credit Card,2022-04-12,2026-05-09,Basic Plan
CUST10288,Monthly,495.73,Auto Pay,2022-03-14,,Premium Plan
CUST10289,Monthly,3379.01,Auto Pay,2023-05-01,,Standard Plan
CUST10290,Monthly,1948.4,Debit Card,2023-01-01,,Basic Plan
CUST10291,Quarterly,2212.29,UPI,2023-02-05,,Basic Plan
CUST10292,Quarterly,4513.22,Auto Pay,2024-02-24,,Basic Plan
CUST10293,Monthly,3853.32,Net Banking,2023-05-11,,Premium Plan
CUST10294,Quarterly,3989.12,Auto Pay,2023-01-03,,Standard Plan
CUST10295,Quarterly,3654.28,Net Banking,2025-10-10,2026-08-12,Standard Plan
CUST10296,Monthly,4052.64,Net Banking,2025-03-05,,Basic Plan
CUST10297,Quarterly,1687.82,Auto Pay,2024-04-18,2026-07-09,Standard Plan
CUST10298,Monthly,4799.89,Auto Pay,2021-05-05,,Premium Plan
CUST10299,Monthly,691.61,UPI,2024-02-05,2026-08-14,Basic Plan
CUST10300,Annual,1951.33,Auto Pay,2023-03-27,,Premium Plan
CUST10301,Monthly,4251.86,Net Banking,2025-12-13,2026-04-12,Basic Plan
CUST10302,Monthly,2125.99,UPI,2024-10-11,,Basic Plan
CUST10303,Monthly,1367.58,Credit Card,2022-09-14,,Basic Plan
CUST10304,Monthly,4094.72,Net Banking,2024-07-26,2026-01-04,Basic Plan
CUST10305,Monthly,942.24,Auto Pay,2021-09-19,2026-05-05,Basic Plan
CUST10306,Monthly,3174.85,UPI,2025-09-02,2026-03-21,Basic Plan
CUST10307,Monthly,2560.85,UPI,2023-10-29,2026-01-04,Standard Plan
CUST10308,Quarterly,678.53,Auto Pay,2021-11-20,,Basic Plan
CUST10309,Monthly,2580.64,Debit Card,2025-10-05,,Standard Plan
CUST10310,Monthly,1759.42,Auto Pay,2022-08-31,2026-05-09,Basic Plan
CUST10311,Annual,4823.72,UPI,2025-08-09,,Basic Plan
CUST10312,Monthly,4053.02,UPI,2021-07-06,,Basic Plan
CUST10313,Annual,2506.26,Debit Card,2022-11-14,,Basic Plan
CUST10314,Monthly,2107.79,Debit Card,2024-11-28,,Basic Plan
CUST10315,Monthly,4467.02,UPI,2024-10-15,,Premium Plan
CUST10316,Monthly,4667.17,Debit Card,2024-09-01,,Basic Plan
CUST10317,Monthly,4919.42,Debit Card,2025-10-25,2026-03-29,Basic Plan
CUST10318,Quarterly,1690.27,Debit Card,2023-07-11,,Premium Plan
CUST10319,Quarterly,649.1,Debit Card,2022-07-04,,Premium Plan
CUST10320,Quarterly,1533.0,Debit Card,2025-04-12,,Basic Plan
CUST10321,Annual,2442.92,Net Banking,2021-07-13,,Basic Plan
CUST10322,Monthly,1864.2,Auto Pay,2021-07-24,,Standard Plan
CUST10323,Monthly,4033.6,Net Banking,2024-01-19,2026-05-11,Basic Plan
CUST10324,Annual,1189.33,Net Banking,2023-06-18,,Standard Plan
CUST10325,Monthly,955.75,Debit Card,2021-02-12,2026-04-15,Basic Plan
CUST10326,Monthly,4221.25,UPI,2022-02-14,2026-04-01,Basic Plan
CUST10327,Monthly,4367.23,UPI,2025-10-21,,Basic Plan
CUST10328,Monthly,2180.93,Credit Card,2022-02-26,,Basic Plan
CUST10329,Monthly,4103.52,Net Banking,2022-09-26,,Basic Plan
CUST10330,Quarterly,3395.86,Credit Card,2022-04-07,,Basic Plan
CUST10331,Annual,4564.31,Net Banking,2021-05-02,,Premium Plan
CUST10332,Monthly,4270.52,Debit Card,2023-12-27,,Standard Plan
CUST10333,Monthly,4672.62,Debit Card,2023-10-24,,Basic Plan
CUST10334,Monthly,4434.29,Debit Card,2023-08-23,2026-03-19,Standard Plan
CUST10335,Quarterly,1401.96,Net Banking,2024-10-14,,Standard Plan
CUST10336,Annual,927.28,Net Banking,2025-01-11,,Standard Plan
CUST10337,Monthly,2737.67,Auto Pay,2023-12-31,,Standard Plan
CUST10338,Monthly,1168.08,Auto Pay,2022-04-09,,Basic Plan
CUST10339,Monthly,3291.41,Credit Card,2021-06-11,,Basic Plan
CUST10340,Monthly,4388.71,Auto Pay,2023-09-02,,Standard Plan
CUST10341,Monthly,375.46,Debit Card,2024-11-25,2026-05-18,Standard Plan
CUST10342,Monthly,2253.24,Debit Card,2024-07-24,,Basic Plan
CUST10343,Monthly,1378.02,Debit Card,2024-12-03,2026-06-16,Standard Plan
CUST10344,Annual,1390.63,Credit Card,2024-11-11,,Standard Plan
CUST10345,Quarterly,4324.5,Net Banking,2025-07-28,,Standard Plan
CUST10346,Monthly,4773.61,Credit Card,2025-02-04,2026-08-07,Basic Plan
CUST10347,Monthly,2874.02,Auto Pay,2024-05-28,,Basic Plan
CUST10348,Monthly,3382.36,Net Banking,2025-10-06,,Basic Plan
CUST10349,Monthly,3003.05,Credit Card,2021-11-13,2026-06-17,Basic Plan
CUST10350,Monthly,2606.35,Auto Pay,2025-05-11,2026-05-22,Basic Plan
CUST10351,Monthly,1696.09,Auto Pay,2021-05-15,,Basic Plan
CUST10352,Monthly,2694.63,Credit Card,2022-12-01,,Standard Plan
CUST10353,Monthly,3891.18,UPI,2023-07-22,,Standard Plan
CUST10354,Monthly,548.46,Net Banking,2023-04-26,,Basic Plan
CUST10355,Quarterly,647.38,Debit Card,2023-01-23,,Basic Plan
CUST10356,Monthly,424.32,UPI,2023-02-23,2026-02-20,Basic Plan
CUST10357,Monthly,4921.19,Net Banking,2025-06-09,2026-01-16,Standard Plan
CUST10358,Annual,1911.81,Auto Pay,2024-07-09,,Basic Plan
CUST10359,Annual,3045.48,UPI,2025-10-20,,Basic Plan
CUST10360,Annual,4372.34,UPI,2021-03-01,2026-05-06,Basic Plan
CUST10361,Monthly,4662.43,Credit Card,2023-06-22,2026-08-18,Standard Plan
CUST10362,Annual,2585.03,Debit Card,2024-08-13,,Basic Plan
CUST10363,Monthly,3737.44,Debit Card,2024-04-29,,Basic Plan
CUST10364,Annual,2809.97,Credit Card,2022-12-06,,Standard Plan
CUST10365,Annual,390.91,Net Banking,2024-01-15,,Premium Plan
CUST10366,Monthly,4791.33,UPI,2022-12-31,2026-02-04,Basic Plan
CUST10367,Quarterly,4997.27,Net Banking,2025-10-03,2026-02-23,Standard Plan
CUST10368,Monthly,4871.83,Debit Card,2022-12-08,2026-08-17,Premium Plan
CUST10369,Monthly,2088.31,Credit Card,2021-12-01,,Premium Plan
CUST10370,Monthly,2234.66,Debit Card,2025-12-08,,Standard Plan
CUST10371,Annual,922.61,UPI,2021-03-29,,Premium Plan
CUST10372,Annual,3091.13,UPI,2022-07-14,,Standard Plan
CUST10373,Monthly,647.8,Debit Card,2021-07-11,,Basic Plan
CUST10374,Annual,2002.02,Debit Card,2024-09-18,,Basic Plan
CUST10375,Quarterly,532.98,Net Banking,2023-02-24,,Standard Plan
CUST10376,Quarterly,554.82,UPI,2025-11-12,,Standard Plan
CUST10377,Monthly,1848.14,Auto Pay,2022-07-25,,Basic Plan
CUST10378,Monthly,1326.7,Debit Card,2023-01-28,,Standard Plan
CUST10379,Monthly,3415.94,Auto Pay,2022-04-10,,Basic Plan
CUST10380,Monthly,997.31,Credit Card,2025-02-26,,Standard Plan
CUST10381,Monthly,622.66,Net Banking,2023-06-29,,Basic Plan
CUST10382,Quarterly,3472.53,Net Banking,2022-03-02,,Premium Plan
CUST10383,Monthly,4737.8,Auto Pay,2025-04-25,2026-08-02,Premium Plan
CUST10384,Monthly,1947.4,Credit Card,2022-02-16,2026-03-19,Premium Plan
CUST10385,Monthly,4085.13,Net Banking,2025-09-23,,Basic Plan
CUST10386,Annual,4156.38,Net Banking,2022-03-28,2026-08-21,Premium Plan
CUST10387,Monthly,1010.49,Auto Pay,2025-11-23,,Standard Plan
CUST10388,Monthly,1199.0,Debit Card,2025-12-24,2026-03-15,Standard Plan
CUST10389,Quarterly,1988.75,Net Banking,2022-12-02,2026-07-08,Standard Plan
CUST10390,Monthly,2756.03,Credit Card,2021-09-05,,Basic Plan
CUST10391,Monthly,2663.32,Auto Pay,2023-06-29,2026-08-24,Standard Plan
CUST10392,Monthly,4786.35,Debit Card,2024-09-30,,Standard Plan
CUST10393,Monthly,3138.75,UPI,2023-12-04,,Standard Plan
CUST10394,Annual,1235.57,Debit Card,2025-04-23,,Premium Plan
CUST10395,Annual,975.34,Debit Card,2025-06-02,2026-01-28,Basic Plan
CUST10396,Monthly,1230.49,Auto Pay,2023-11-23,,Standard Plan
CUST10397,Monthly,457.1,Auto Pay,2025-02-21,2026-04-01,Standard Plan
CUST10398,Annual,1361.89,Net Banking,2022-03-20,,Standard Plan
CUST10399,Monthly,3782.74,Net Banking,2023-11-12,,Basic Plan
CUST10400,Monthly,3667.62,UPI,2021-04-18,,Premium Plan
CUST10401,Annual,2925.39,UPI,2025-01-21,,Basic Plan
CUST10402,Monthly,1249.43,Credit Card,2022-05-06,,Premium Plan
CUST10403,Quarterly,1231.79,Credit Card,2024-02-16,,Standard Plan
CUST10404,Monthly,1571.4,Credit Card,2024-08-15,,Basic Plan
CUST10405,Annual,3034.03,Debit Card,2023-10-20,,Basic Plan
CUST10406,Monthly,3189.13,UPI,2025-02-17,,Standard Plan
CUST10407,Monthly,2668.4,Debit Card,2025-04-08,,Standard Plan
CUST10408,Quarterly,1983.48,Net Banking,2022-12-05,,Premium Plan
CUST10409,Quarterly,3963.06,Auto Pay,2021-06-10,,Premium Plan
CUST10410,Monthly,2701.06,Credit Card,2025-03-21,2026-04-20,Premium Plan
CUST10411,Monthly,3676.49,UPI,2021-04-12,,Premium Plan
CUST10412,Quarterly,498.36,Debit Card,2023-06-07,,Standard Plan
CUST10413,Monthly,1461.5,Debit Card,2021-08-06,,Standard Plan
CUST10414,Monthly,1041.16,Credit Card,2022-09-07,,Standard Plan
CUST10415,Annual,1147.19,Auto Pay,2025-03-13,,Premium Plan
CUST10416,Monthly,3632.48,Credit Card,2025-02-06,2026-02-20,Standard Plan
CUST10417,Monthly,2399.59,Net Banking,2024-12-05,,Standard Plan
CUST10418,Monthly,3470.23,Net Banking,2021-12-05,2026-05-05,Basic Plan
CUST10419,Monthly,794.5,Net Banking,2023-11-11,,Standard Plan
CUST10420,Quarterly,3515.72,UPI,2023-11-02,,Standard Plan
CUST10421,Monthly,364.6,UPI,2023-07-14,,Basic Plan
CUST10422,Quarterly,1417.67,Debit Card,2021-08-24,,Basic Plan
CUST10423,Monthly,793.21,Credit Card,2024-11-20,2026-05-12,Standard Plan
CUST10424,Monthly,2667.68,Auto Pay,2022-04-03,2026-07-15,Basic Plan
CUST10425,Monthly,2360.3,Auto Pay,2022-07-16,,Basic Plan
CUST10426,Monthly,1824.78,Debit Card,2022-09-02,2026-06-19,Basic Plan
CUST10427,Monthly,2993.28,Net Banking,2022-07-31,2026-07-09,Basic Plan
CUST10428,Monthly,359.41,UPI,2025-09-27,2026-03-04,Basic Plan
CUST10429,Annual,397.02,Debit Card,2021-08-23,,Basic Plan
CUST10430,Annual,3888.43,Debit Card,2024-12-14,,Basic Plan
CUST10431,Quarterly,300.81,Auto Pay,2022-08-26,,Basic Plan
CUST10432,Monthly,4998.23,Net Banking,2025-01-08,2026-03-01,Premium Plan
CUST10433,Quarterly,1352.95,UPI,2025-06-27,,Basic Plan
CUST10434,Monthly,632.97,Credit Card,2024-01-22,,Basic Plan
CUST10435,Quarterly,3765.42,Auto Pay,2025-02-17,,Basic Plan
CUST10436,Annual,932.04,UPI,2022-06-25,,Basic Plan
CUST10437,Quarterly,1654.77,UPI,2024-01-26,,Premium Plan
CUST10438,Quarterly,2754.33,UPI,2024-08-21,,Basic Plan
CUST10439,Annual,4680.24,Auto Pay,2023-08-30,,Standard Plan
CUST10440,Monthly,604.77,Debit Card,2024-10-02,,Standard Plan
CUST10441,Monthly,4020.98,Net Banking,2024-10-29,2026-03-17,Standard Plan
CUST10442,Quarterly,3439.82,Debit Card,2022-07-14,2026-06-02,Premium Plan
CUST10443,Monthly,2643.56,Auto Pay,2023-07-17,,Basic Plan
CUST10444,Monthly,1009.76,Net Banking,2025-06-13,,Premium Plan
CUST10445,Annual,1816.4,Net Banking,2024-02-07,,Premium Plan
CUST10446,Annual,4315.25,UPI,2021-11-09,,Standard Plan
CUST10447,Annual,1443.96,Credit Card,2023-12-28,,Basic Plan
CUST10448,Monthly,971.27,UPI,2025-11-06,,Basic Plan
CUST10449,Annual,3172.83,Debit Card,2025-02-23,,Basic Plan
CUST10450,Monthly,3520.61,Auto Pay,2022-01-14,2026-07-21,Standard Plan
CUST10451,Annual,4389.52,Net Banking,2022-02-14,,Standard Plan
CUST10452,Monthly,822.09,Debit Card,2022-11-15,2026-08-17,Standard Plan
CUST10453,Annual,4975.27,Credit Card,2021-03-09,,Premium Plan
CUST10454,Monthly,4150.52,Net Banking,2025-07-25,,Basic Plan
CUST10455,Annual,1667.5,UPI,2024-02-29,,Basic Plan
CUST10456,Monthly,388.7,Debit Card,2021-07-13,,Standard Plan
CUST10457,Quarterly,609.67,Credit Card,2022-07-04,,Basic Plan
CUST10458,Monthly,558.61,Auto Pay,2024-08-26,,Standard Plan
CUST10459,Monthly,305.14,Debit Card,2024-03-14,,Standard Plan
CUST10460,Monthly,2911.4,Net Banking,2022-04-14,,Premium Plan
CUST10461,Monthly,3201.69,UPI,2022-03-07,,Standard Plan
CUST10462,Annual,3825.85,Debit Card,2025-09-29,,Premium Plan
CUST10463,Monthly,2686.21,Credit Card,2025-01-06,2026-03-08,Standard Plan
CUST10464,Quarterly,4683.64,Net Banking,2025-06-04,2026-02-18,Basic Plan
CUST10465,Monthly,4020.35,Net Banking,2023-03-28,2026-04-17,Standard Plan
CUST10466,Monthly,4606.76,Net Banking,2023-10-21,,Standard Plan
CUST10467,Annual,1141.23,Debit Card,2023-08-26,,Basic Plan
CUST10468,Quarterly,443.39,Net Banking,2021-01-30,,Basic Plan
CUST10469,Quarterly,4512.77,UPI,2022-11-27,2026-04-27,Basic Plan
CUST10470,Monthly,4147.02,Credit Card,2023-10-18,,Basic Plan
CUST10471,Annual,4046.14,UPI,2025-05-21,,Premium Plan
CUST10472,Monthly,4622.82,Credit Card,2022-06-13,,Standard Plan
CUST10473,Monthly,2608.64,Debit Card,2023-01-04,,Basic Plan
CUST10474,Quarterly,1847.07,Debit Card,2021-02-26,,Premium Plan
CUST10475,Annual,2465.81,Auto Pay,2024-08-12,2026-06-21,Standard Plan
CUST10476,Monthly,3757.55,Debit Card,2022-11-27,2026-01-26,Standard Plan
CUST10477,Monthly,334.76,UPI,2021-01-08,,Standard Plan
CUST10478,Annual,481.57,Debit Card,2021-09-02,,Basic Plan
CUST10479,Annual,4645.2,Net Banking,2022-10-28,,Basic Plan
CUST10480,Quarterly,1459.85,Net Banking,2025-10-02,,Basic Plan
CUST10481,Monthly,2684.86,UPI,2023-02-13,2026-07-02,Standard Plan
CUST10482,Monthly,2250.77,Net Banking,2025-03-06,,Basic Plan
CUST10483,Annual,1100.12,Credit Card,2024-12-27,,Basic Plan
CUST10484,Monthly,1627.86,Auto Pay,2024-08-25,,Standard Plan
CUST10485,Monthly,1720.72,Debit Card,2025-06-21,2026-01-24,Standard Plan
CUST10486,Monthly,1985.44,Net Banking,2023-04-24,,Basic Plan
CUST10487,Quarterly,3381.8,UPI,2024-03-09,,Standard Plan
CUST10488,Monthly,1024.6,UPI,2021-01-15,2026-04-25,Premium Plan
CUST10489,Annual,2254.28,UPI,2022-04-20,,Basic Plan
CUST10490,Quarterly,1967.6,Credit Card,2025-10-11,,Standard Plan
CUST10491,Monthly,1955.34,Debit Card,2021-07-16,,Basic Plan
CUST10492,Annual,3206.77,Net Banking,2022-03-28,,Standard Plan
CUST10493,Monthly,2225.29,Auto Pay,2022-08-16,,Basic Plan
CUST10494,Monthly,4367.65,Debit Card,2022-11-25,2026-02-09,Premium Plan
CUST10495,Annual,4943.48,Credit Card,2021-08-22,,Standard Plan
CUST10496,Annual,3243.14,UPI,2022-02-26,2026-03-07,Standard Plan
CUST10497,Monthly,2454.05,Credit Card,2023-07-02,,Standard Plan
CUST10498,Annual,1272.69,Credit Card,2024-10-24,,Standard Plan
CUST10499,Monthly,744.11,Debit Card,2023-08-11,2026-08-20,Basic Plan
CUST10500,Monthly,4570.65,Auto Pay,2023-07-14,,Basic Plan
CUST10501,Monthly,4599.53,UPI,2024-12-26,,Standard Plan
CUST10502,Annual,4267.78,Net Banking,2021-12-16,,Premium Plan
CUST10503,Monthly,330.18,Credit Card,2025-10-03,2026-06-06,Basic Plan
CUST10504,Quarterly,4798.72,Net Banking,2021-11-16,2026-04-11,Basic Plan
CUST10505,Monthly,1759.51,Net Banking,2023-07-15,,Standard Plan
CUST10506,Monthly,2721.63,Auto Pay,2023-10-02,,Basic Plan
CUST10507,Monthly,3319.89,Credit Card,2024-09-08,,Basic Plan
CUST10508,Monthly,4977.27,Credit Card,2024-06-11,,Standard Plan
CUST10509,Monthly,733.46,UPI,2023-04-09,,Standard Plan
CUST10510,Monthly,3648.74,UPI,2021-05-14,,Basic Plan
CUST10511,Monthly,2795.51,Auto Pay,2023-01-07,2026-04-06,Basic Plan
CUST10512,Monthly,1651.02,Net Banking,2023-03-09,,Basic Plan
CUST10513,Annual,4893.83,Net Banking,2025-05-12,,Standard Plan
CUST10514,Annual,3362.61,Auto Pay,2024-11-30,,Basic Plan
CUST10515,Annual,2946.8,UPI,2021-08-27,,Standard Plan
CUST10516,Annual,1988.56,Auto Pay,2024-04-28,,Premium Plan
CUST10517,Quarterly,4664.75,Credit Card,2021-12-04,,Standard Plan
CUST10518,Monthly,4390.14,Auto Pay,2022-03-20,,Standard Plan
CUST10519,Annual,2213.0,Credit Card,2023-06-22,,Premium Plan
CUST10520,Monthly,4522.43,Auto Pay,2022-10-14,,Basic Plan
CUST10521,Quarterly,611.74,Auto Pay,2024-10-06,,Standard Plan
CUST10522,Monthly,959.86,Credit Card,2025-08-21,2026-04-16,Premium Plan
CUST10523,Monthly,1142.77,UPI,2023-11-03,,Standard Plan
CUST10524,Monthly,2401.15,Net Banking,2021-12-06,,Basic Plan
CUST10525,Monthly,830.49,Credit Card,2025-12-16,,Standard Plan
CUST10526,Monthly,3765.34,UPI,2022-12-07,,Basic Plan
CUST10527,Monthly,2556.63,Net Banking,2024-03-01,,Basic Plan
CUST10528,Quarterly,3546.9,Net Banking,2023-02-13,,Standard Plan
CUST10529,Monthly,888.18,Auto Pay,2022-12-08,2026-04-12,Standard Plan
CUST10530,Quarterly,2402.57,Net Banking,2022-11-04,2026-06-29,Standard Plan
CUST10531,Annual,4017.41,Auto Pay,2021-07-23,,Basic Plan
CUST10532,Quarterly,1342.09,Debit Card,2023-03-03,2026-07-07,Basic Plan
CUST10533,Quarterly,3541.63,Net Banking,2021-01-10,,Basic Plan
CUST10534,Annual,946.79,Debit Card,2024-05-12,,Premium Plan
CUST10535,Quarterly,2515.19,UPI,2024-04-01,,Basic Plan
CUST10536,Annual,4281.53,Auto Pay,2024-04-12,,Standard Plan
CUST10537,Annual,2145.81,Net Banking,2025-04-22,,Standard Plan
CUST10538,Monthly,946.09,Net Banking,2021-01-30,,Standard Plan
CUST10539,Quarterly,2618.59,Auto Pay,2024-06-21,,Premium Plan
CUST10540,Monthly,2887.02,UPI,2023-11-09,,Standard Plan
CUST10541,Quarterly,1804.73,Net Banking,2024-12-29,,Standard Plan
CUST10542,Monthly,2350.65,Debit Card,2024-11-26,,Basic Plan
CUST10543,Monthly,2750.02,Debit Card,2022-06-23,,Basic Plan
CUST10544,Monthly,4809.09,Net Banking,2022-10-30,2026-08-23,Standard Plan
CUST10545,Quarterly,944.52,Net Banking,2021-09-20,,Basic Plan
CUST10546,Quarterly,3362.07,UPI,2025-08-30,,Standard Plan
CUST10547,Quarterly,3387.05,Debit Card,2025-12-27,,Basic Plan
CUST10548,Quarterly,3039.87,Auto Pay,2025-07-17,2026-02-17,Basic Plan
CUST10549,Quarterly,550.99,Credit Card,2023-10-16,,Standard Plan
CUST10550,Annual,1606.54,Credit Card,2021-05-05,,Basic Plan
CUST10551,Quarterly,969.82,UPI,2022-03-14,2026-03-05,Standard Plan
CUST10552,Quarterly,3020.86,Auto Pay,2023-05-21,,Basic Plan
CUST10553,Annual,3458.67,Auto Pay,2022-03-04,,Basic Plan
CUST10554,Monthly,3814.99,UPI,2024-04-29,,Standard Plan
CUST10555,Monthly,861.44,UPI,2024-12-22,,Standard Plan
CUST10556,Quarterly,1152.28,Debit Card,2022-03-15,,Premium Plan
CUST10557,Monthly,1935.88,Auto Pay,2023-05-14,,Basic Plan
CUST10558,Quarterly,2958.19,Credit Card,2025-04-16,,Basic Plan
CUST10559,Monthly,1929.17,Debit Card,2022-07-16,,Premium Plan
CUST10560,Monthly,3987.11,UPI,2025-10-04,2026-01-07,Basic Plan
CUST10561,Quarterly,2135.99,Net Banking,2024-09-09,2026-01-29,Basic Plan
CUST10562,Monthly,3727.37,Auto Pay,2024-09-10,,Basic Plan
CUST10563,Monthly,4388.14,Credit Card,2022-03-04,,Basic Plan
CUST10564,Annual,4933.89,Auto Pay,2025-04-14,,Standard Plan
CUST10565,Quarterly,4598.03,Auto Pay,2024-08-26,,Basic Plan
CUST10566,Monthly,4552.25,Net Banking,2023-03-09,,Basic Plan
CUST10567,Monthly,645.21,Net Banking,2025-12-03,2026-05-23,Standard Plan
CUST10568,Quarterly,2331.27,UPI,2022-01-22,2026-06-08,Standard Plan
CUST10569,Monthly,2707.23,Debit Card,2025-02-16,,Standard Plan
CUST10570,Quarterly,4078.65,Net Banking,2022-06-05,,Basic Plan
CUST10571,Monthly,1856.29,Debit Card,2023-07-05,,Standard Plan
CUST10572,Annual,2920.0,Debit Card,2023-10-27,,Standard Plan
CUST10573,Monthly,1532.79,Auto Pay,2022-07-20,,Basic Plan
CUST10574,Monthly,2501.21,Auto Pay,2022-12-05,,Standard Plan
CUST10575,Annual,2569.09,Auto Pay,2025-11-27,2026-04-18,Basic Plan
CUST10576,Annual,1300.17,Debit Card,2025-08-16,,Standard Plan
CUST10577,Annual,530.75,Debit Card,2023-11-19,,Basic Plan
CUST10578,Monthly,3241.05,Credit Card,2021-12-22,,Premium Plan
CUST10579,Monthly,1000.85,Credit Card,2023-01-06,2026-01-17,Standard Plan
CUST10580,Annual,2849.56,UPI,2023-08-28,,Standard Plan
CUST10581,Annual,2153.41,Net Banking,2022-03-26,,Standard Plan
CUST10582,Monthly,459.08,Debit Card,2021-06-04,,Basic Plan
CUST10583,Annual,3411.02,Credit Card,2023-05-19,,Basic Plan
CUST10584,Quarterly,2247.15,Credit Card,2024-06-12,,Basic Plan
CUST10585,Annual,1056.81,Net Banking,2025-07-09,,Basic Plan
CUST10586,Monthly,3463.79,UPI,2025-09-03,2026-04-18,Basic Plan
CUST10587,Monthly,3293.04,Net Banking,2024-07-29,,Basic Plan
CUST10588,Annual,4167.31,Debit Card,2024-04-12,,Basic Plan
CUST10589,Quarterly,3092.1,UPI,2024-06-13,,Premium Plan
CUST10590,Monthly,731.78,Credit Card,2021-04-17,,Standard Plan
CUST10591,Quarterly,560.84,Credit Card,2022-11-24,,Standard Plan
CUST10592,Monthly,4390.21,UPI,2025-01-10,,Basic Plan
CUST10593,Monthly,3436.24,Debit Card,2021-03-29,,Basic Plan
CUST10594,Quarterly,4701.52,Debit Card,2023-01-12,,Standard Plan
CUST10595,Monthly,1125.52,Auto Pay,2024-07-03,,Standard Plan
CUST10596,Quarterly,602.79,Auto Pay,2022-02-09,,Basic Plan
CUST10597,Quarterly,1671.64,Debit Card,2021-04-06,,Basic Plan
CUST10598,Annual,1402.36,Credit Card,2023-11-28,,Basic Plan
CUST10599,Annual,4964.13,UPI,2022-10-05,,Premium Plan
CUST10600,Quarterly,2253.66,Auto Pay,2023-03-03,,Basic Plan
CUST10601,Quarterly,2846.9,Auto Pay,2025-06-30,,Basic Plan
CUST10602,Monthly,2287.99,Credit Card,2021-07-07,,Standard Plan
CUST10603,Monthly,2482.51,Net Banking,2021-08-17,,Basic Plan
CUST10604,Monthly,3973.4,Net Banking,2022-07-16,2026-02-16,Basic Plan
CUST10605,Monthly,516.78,UPI,2025-03-23,,Standard Plan
CUST10606,Annual,4602.33,UPI,2025-04-14,,Basic Plan
CUST10607,Monthly,4155.9,Debit Card,2024-02-24,2026-01-04,Standard Plan
CUST10608,Monthly,324.39,Debit Card,2025-02-16,,Standard Plan
CUST10609,Monthly,3796.85,Debit Card,2025-09-25,2026-03-05,Standard Plan
CUST10610,Quarterly,3271.18,Credit Card,2022-01-22,,Basic Plan
CUST10611,Monthly,3393.05,Net Banking,2022-01-26,,Basic Plan
CUST10612,Monthly,3799.1,Net Banking,2021-11-18,,Standard Plan
CUST10613,Quarterly,4140.97,UPI,2022-08-09,2026-02-02,Standard Plan
CUST10614,Monthly,3444.9,Auto Pay,2025-07-22,,Standard Plan
CUST10615,Monthly,726.29,Debit Card,2023-08-22,,Basic Plan
CUST10616,Monthly,572.16,Credit Card,2021-05-01,,Standard Plan
CUST10617,Quarterly,3263.95,UPI,2023-08-30,,Premium Plan
CUST10618,Annual,4569.48,Credit Card,2021-06-06,,Standard Plan
CUST10619,Annual,3223.01,UPI,2021-10-23,,Basic Plan
CUST10620,Annual,1231.54,UPI,2024-03-01,2026-03-25,Standard Plan
CUST10621,Monthly,2760.42,Auto Pay,2021-09-22,,Premium Plan
CUST10622,Annual,809.17,Net Banking,2022-01-28,2026-02-24,Basic Plan
CUST10623,Monthly,4484.48,Auto Pay,2023-04-25,,Standard Plan
CUST10624,Quarterly,3015.88,Credit Card,2025-02-12,2026-03-07,Basic Plan
CUST10625,Monthly,3613.55,Credit Card,2024-09-30,,Standard Plan
CUST10626,Annual,1539.03,UPI,2025-08-08,,Premium Plan
CUST10627,Monthly,2978.63,Net Banking,2022-04-26,,Standard Plan
CUST10628,Quarterly,2863.52,Net Banking,2024-10-06,2026-01-29,Standard Plan
CUST10629,Quarterly,2714.92,Auto Pay,2024-12-18,,Standard Plan
CUST10630,Monthly,3406.42,Auto Pay,2024-01-24,2026-01-16,Basic Plan
CUST10631,Annual,2329.75,Credit Card,2024-05-05,,Basic Plan
CUST10632,Annual,1949.8,UPI,2023-04-26,,Basic Plan
CUST10633,Monthly,4386.09,Credit Card,2023-03-02,,Basic Plan
CUST10634,Monthly,2680.94,Credit Card,2024-01-22,,Basic Plan
CUST10635,Monthly,1186.59,Auto Pay,2025-02-28,,Premium Plan
CUST10636,Monthly,2090.29,Debit Card,2022-09-14,,Basic Plan
CUST10637,Monthly,3201.91,Debit Card,2025-11-09,,Basic Plan
CUST10638,Quarterly,1525.68,Net Banking,2021-07-02,2026-04-13,Standard Plan
CUST10639,Annual,4944.61,Credit Card,2023-04-21,,Standard Plan
CUST10640,Annual,3451.1,UPI,2022-11-18,,Standard Plan
CUST10641,Monthly,3349.62,Credit Card,2025-04-26,,Standard Plan
CUST10642,Monthly,2681.37,Auto Pay,2024-09-25,,Basic Plan
CUST10643,Monthly,2321.62,Debit Card,2023-06-17,2026-01-09,Standard Plan
CUST10644,Monthly,732.66,Credit Card,2024-05-13,,Premium Plan
CUST10645,Annual,3135.66,Credit Card,2023-10-06,,Standard Plan
CUST10646,Quarterly,3251.13,Debit Card,2025-07-28,,Basic Plan
CUST10647,Monthly,2095.81,UPI,2022-05-26,,Standard Plan
CUST10648,Monthly,2401.39,Debit Card,2025-08-19,,Basic Plan
CUST10649,Monthly,505.72,Credit Card,2022-02-06,2026-04-24,Basic Plan
CUST10650,Quarterly,4952.75,UPI,2022-07-09,2026-06-03,Standard Plan
CUST10651,Monthly,1002.09,Credit Card,2022-04-06,2026-05-28,Basic Plan
CUST10652,Quarterly,2024.31,Net Banking,2024-07-24,,Standard Plan
CUST10653,Monthly,721.02,Auto Pay,2024-05-24,,Standard Plan
CUST10654,Annual,1347.63,UPI,2025-08-18,,Standard Plan
CUST10655,Annual,4410.44,Net Banking,2022-09-01,2026-07-10,Standard Plan
CUST10656,Quarterly,874.6,UPI,2024-05-19,,Basic Plan
CUST10657,Annual,4439.5,Auto Pay,2025-11-26,,Basic Plan
CUST10658,Monthly,4683.43,Net Banking,2021-09-16,2026-07-30,Basic Plan
CUST10659,Monthly,1543.81,Auto Pay,2021-11-02,,Premium Plan
CUST10660,Monthly,4392.33,UPI,2021-01-16,,Basic Plan
CUST10661,Monthly,2734.21,Credit Card,2022-09-14,,Standard Plan
CUST10662,Annual,437.77,Credit Card,2023-08-02,,Basic Plan
CUST10663,Quarterly,3923.44,UPI,2022-09-28,,Premium Plan
CUST10664,Monthly,4416.2,Debit Card,2022-04-20,2026-02-01,Basic Plan
CUST10665,Monthly,3753.17,Auto Pay,2022-04-12,,Premium Plan
CUST10666,Monthly,1016.86,Net Banking,2024-02-29,,Basic Plan
CUST10667,Annual,1636.54,Debit Card,2023-07-10,2026-03-04,Standard Plan
CUST10668,Monthly,1524.07,UPI,2025-10-19,2026-02-24,Basic Plan
CUST10669,Monthly,647.63,Auto Pay,2025-04-05,,Premium Plan
CUST10670,Quarterly,2483.71,Credit Card,2022-02-27,2026-05-04,Basic Plan
CUST10671,Annual,4220.26,Credit Card,2021-10-04,,Standard Plan
CUST10672,Monthly,865.15,Credit Card,2025-06-19,,Standard Plan
CUST10673,Annual,4961.85,Credit Card,2021-08-24,,Basic Plan
CUST10674,Annual,4702.34,Net Banking,2021-02-14,,Premium Plan
CUST10675,Quarterly,4670.19,Auto Pay,2021-04-24,,Premium Plan
CUST10676,Quarterly,3338.83,UPI,2023-07-07,,Basic Plan
CUST10677,Monthly,2682.19,UPI,2025-01-10,2026-05-20,Standard Plan
CUST10678,Monthly,2777.2,Debit Card,2025-04-24,,Standard Plan
CUST10679,Monthly,2002.84,UPI,2021-05-11,,Basic Plan
CUST10680,Annual,933.84,Debit Card,2025-10-23,,Standard Plan
CUST10681,Annual,1326.79,Net Banking,2021-05-19,,Standard Plan
CUST10682,Monthly,1340.56,Debit Card,2021-12-07,,Premium Plan
CUST10683,Annual,3552.48,Credit Card,2023-12-09,,Basic Plan
CUST10684,Monthly,2808.73,Net Banking,2022-07-04,,Basic Plan
CUST10685,Monthly,3298.45,UPI,2025-01-23,,Premium Plan
CUST10686,Monthly,4223.7,Credit Card,2021-11-24,2026-02-04,Standard Plan
CUST10687,Monthly,3033.85,UPI,2023-09-11,,Premium Plan
CUST10688,Annual,930.07,Net Banking,2024-05-23,,Standard Plan
CUST10689,Monthly,745.71,Credit Card,2025-01-04,2026-06-16,Standard Plan
CUST10690,Monthly,579.64,Auto Pay,2022-06-16,,Standard Plan
CUST10691,Annual,4386.26,Net Banking,2021-08-20,,Standard Plan
CUST10692,Annual,4206.07,Debit Card,2023-01-22,,Basic Plan
CUST10693,Quarterly,823.51,UPI,2025-06-23,2026-02-18,Basic Plan
CUST10694,Monthly,2062.03,UPI,2021-05-06,2026-07-21,Basic Plan
CUST10695,Annual,2104.54,Auto Pay,2023-12-21,,Basic Plan
CUST10696,Monthly,3045.69,Auto Pay,2023-05-12,,Basic Plan
CUST10697,Monthly,4406.33,UPI,2024-05-30,2026-05-15,Basic Plan
CUST10698,Monthly,777.2,Debit Card,2022-01-04,,Standard Plan
CUST10699,Annual,2226.56,Auto Pay,2024-11-05,,Standard Plan
CUST10700,Monthly,2525.75,Auto Pay,2023-10-03,2026-06-18,Basic Plan
CUST10701,Monthly,1124.57,Credit Card,2024-04-27,2026-08-16,Standard Plan
CUST10702,Monthly,3050.52,Credit Card,2022-02-24,2026-08-12,Basic Plan
CUST10703,Monthly,4500.5,Debit Card,2024-12-27,2026-04-17,Basic Plan
CUST10704,Monthly,3382.16,Debit Card,2023-04-09,2026-06-01,Standard Plan
CUST10705,Annual,4147.99,Credit Card,2025-10-26,2026-03-10,Basic Plan
CUST10706,Monthly,875.34,Auto Pay,2022-08-26,,Standard Plan
CUST10707,Monthly,2791.51,Credit Card,2025-02-14,,Basic Plan
CUST10708,Monthly,4226.17,Net Banking,2024-08-26,,Basic Plan
CUST10709,Annual,2951.36,Net Banking,2024-03-29,2026-01-14,Premium Plan
CUST10710,Annual,1591.38,UPI,2021-08-30,,Basic Plan
CUST10711,Quarterly,1217.88,Debit Card,2023-08-20,2026-01-06,Basic Plan
CUST10712,Annual,2902.54,Credit Card,2023-12-27,,Basic Plan
CUST10713,Monthly,1212.89,UPI,2021-10-31,,Premium Plan
CUST10714,Monthly,4905.11,Credit Card,2024-02-19,,Basic Plan
CUST10715,Monthly,4638.21,Auto Pay,2025-06-06,2026-06-28,Premium Plan
CUST10716,Monthly,4131.99,Debit Card,2023-08-13,,Premium Plan
CUST10717,Monthly,420.71,Auto Pay,2024-05-04,,Basic Plan
CUST10718,Monthly,2358.04,Credit Card,2025-07-29,,Standard Plan
CUST10719,Annual,853.54,UPI,2025-09-20,,Basic Plan
CUST10720,Quarterly,1833.51,Net Banking,2023-06-04,,Standard Plan
CUST10721,Monthly,970.51,Credit Card,2021-01-30,,Basic Plan
CUST10722,Monthly,1951.67,Credit Card,2021-04-28,2026-07-24,Basic Plan
CUST10723,Quarterly,591.2,Debit Card,2022-07-17,,Standard Plan
CUST10724,Monthly,3024.46,Auto Pay,2024-07-21,2026-03-09,Standard Plan
CUST10725,Annual,2625.5,Debit Card,2024-05-10,2026-01-14,Basic Plan
CUST10726,Annual,718.62,Net Banking,2024-06-30,2026-06-21,Standard Plan
CUST10727,Annual,3055.41,UPI,2023-01-26,2026-06-24,Standard Plan
CUST10728,Monthly,1211.87,UPI,2023-04-21,,Standard Plan
CUST10729,Monthly,1584.32,Debit Card,2024-09-11,,Standard Plan
CUST10730,Quarterly,2826.02,Auto Pay,2024-12-13,,Basic Plan
CUST10731,Quarterly,4759.3,Debit Card,2025-05-12,,Standard Plan
CUST10732,Monthly,4369.23,Credit Card,2023-02-06,2026-05-23,Basic Plan
CUST10733,Quarterly,2906.44,Credit Card,2021-04-16,,Standard Plan
CUST10734,Monthly,1702.38,Credit Card,2023-07-17,,Premium Plan
CUST10735,Quarterly,361.71,Auto Pay,2023-08-19,2026-01-22,Premium Plan
CUST10736,Monthly,4917.21,Credit Card,2023-09-27,,Premium Plan
CUST10737,Annual,2864.94,Auto Pay,2025-02-06,,Standard Plan
CUST10738,Annual,2863.84,Auto Pay,2023-10-14,,Basic Plan
CUST10739,Annual,4905.8,Debit Card,2023-04-25,,Standard Plan
CUST10740,Annual,2840.84,UPI,2022-06-03,,Basic Plan
CUST10741,Quarterly,449.42,Auto Pay,2022-10-10,,Standard Plan
CUST10742,Monthly,2035.84,Credit Card,2021-08-31,2026-04-13,Standard Plan
CUST10743,Annual,3192.81,UPI,2024-03-24,,Standard Plan
CUST10744,Monthly,1129.35,Credit Card,2022-07-25,,Basic Plan
CUST10745,Monthly,4721.6,UPI,2024-09-14,,Premium Plan
CUST10746,Monthly,2692.0,Auto Pay,2024-11-09,2026-03-12,Basic Plan
CUST10747,Quarterly,4056.48,UPI,2022-01-06,,Premium Plan
CUST10748,Annual,3582.19,Auto Pay,2022-01-20,,Standard Plan
CUST10749,Quarterly,714.21,Auto Pay,2025-12-28,,Premium Plan
CUST10750,Quarterly,1967.53,Debit Card,2024-07-04,,Basic Plan
CUST10751,Monthly,3848.66,Net Banking,2024-06-07,,Premium Plan
CUST10752,Monthly,4340.13,Credit Card,2021-04-02,2026-01-31,Standard Plan
CUST10753,Monthly,3581.83,Net Banking,2023-07-18,,Basic Plan
CUST10754,Monthly,4092.21,Net Banking,2023-09-19,,Basic Plan
CUST10755,Monthly,2338.04,Credit Card,2021-08-22,,Basic Plan
CUST10756,Monthly,1670.18,Auto Pay,2025-07-20,,Standard Plan
CUST10757,Monthly,2645.69,Net Banking,2022-05-19,,Standard Plan
CUST10758,Annual,2527.49,UPI,2023-08-05,,Basic Plan
CUST10759,Monthly,559.5,Debit Card,2024-06-14,2026-05-24,Basic Plan
CUST10760,Annual,2425.1,Auto Pay,2021-12-03,,Basic Plan
CUST10761,Annual,845.0,Net Banking,2023-03-05,,Basic Plan
CUST10762,Quarterly,546.75,Auto Pay,2025-02-09,,Basic Plan
CUST10763,Annual,3823.75,Credit Card,2025-03-23,,Standard Plan
CUST10764,Monthly,1713.22,Auto Pay,2022-07-08,,Basic Plan
CUST10765,Quarterly,2906.6,Debit Card,2022-12-01,,Standard Plan
CUST10766,Monthly,2836.87,UPI,2024-05-21,2026-07-21,Basic Plan
CUST10767,Monthly,4771.0,Auto Pay,2024-07-16,,Basic Plan
CUST10768,Annual,3509.45,Debit Card,2021-04-06,,Standard Plan
CUST10769,Quarterly,1479.21,Credit Card,2022-12-14,2026-01-25,Basic Plan
CUST10770,Quarterly,4919.59,Auto Pay,2021-11-09,,Premium Plan
CUST10771,Monthly,601.19,UPI,2024-02-26,,Basic Plan
CUST10772,Monthly,1325.02,Credit Card,2022-01-17,,Basic Plan
CUST10773,Quarterly,1074.71,Net Banking,2021-01-24,,Standard Plan
CUST10774,Monthly,1142.99,Debit Card,2024-08-31,,Basic Plan
CUST10775,Annual,3919.13,Credit Card,2021-02-08,,Standard Plan
CUST10776,Monthly,3541.7,Credit Card,2021-11-03,,Standard Plan
CUST10777,Annual,309.12,Auto Pay,2024-03-11,,Basic Plan
CUST10778,Monthly,1886.84,UPI,2021-07-02,2026-06-26,Basic Plan
CUST10779,Monthly,3494.56,UPI,2022-06-07,2026-03-09,Basic Plan
CUST10780,Quarterly,4705.96,Credit Card,2024-11-30,,Premium Plan
CUST10781,Annual,2445.37,Net Banking,2021-09-21,2026-05-25,Standard Plan
CUST10782,Monthly,3701.82,Debit Card,2021-11-18,2026-06-25,Standard Plan
CUST10783,Annual,2811.58,Auto Pay,2023-04-28,,Standard Plan
CUST10784,Monthly,3998.77,Debit Card,2023-04-29,,Premium Plan
CUST10785,Monthly,2881.04,Credit Card,2023-06-28,,Standard Plan
CUST10786,Annual,1562.81,Net Banking,2024-09-21,,Standard Plan
CUST10787,Quarterly,1780.96,Debit Card,2023-05-23,,Basic Plan
CUST10788,Monthly,4400.73,Auto Pay,2025-06-05,,Standard Plan
CUST10789,Quarterly,4215.32,Net Banking,2025-01-01,2026-04-10,Standard Plan
CUST10790,Annual,2945.03,Debit Card,2021-07-08,2026-03-26,Premium Plan
CUST10791,Monthly,3139.7,Debit Card,2022-04-26,,Basic Plan
CUST10792,Monthly,1536.26,UPI,2025-08-17,,Basic Plan
CUST10793,Monthly,1114.83,Auto Pay,2025-01-15,2026-04-27,Standard Plan
CUST10794,Quarterly,317.72,Auto Pay,2024-02-25,2026-05-12,Basic Plan
CUST10795,Monthly,3843.5,Credit Card,2021-09-10,,Standard Plan
CUST10796,Monthly,1304.4,Debit Card,2025-05-09,2026-04-01,Standard Plan
CUST10797,Monthly,4374.72,Credit Card,2025-08-22,,Basic Plan
CUST10798,Monthly,4899.68,Net Banking,2025-11-16,2026-08-29,Standard Plan
CUST10799,Annual,3491.07,Credit Card,2023-09-27,,Standard Plan
CUST10800,Monthly,4724.54,Auto Pay,2025-04-08,2026-02-27,Standard Plan
CUST10801,Monthly,4610.11,Net Banking,2022-09-16,2026-02-12,Basic Plan
CUST10802,Monthly,1237.95,Auto Pay,2021-12-07,,Standard Plan
CUST10803,Monthly,4393.64,Debit Card,2022-09-28,,Basic Plan
CUST10804,Monthly,3670.08,UPI,2025-08-24,,Basic Plan
CUST10805,Annual,996.02,UPI,2021-11-11,,Basic Plan
CUST10806,Monthly,3806.27,Net Banking,2023-12-27,,Standard Plan
CUST10807,Monthly,2576.67,UPI,2024-08-11,,Basic Plan
CUST10808,Monthly,551.89,Credit Card,2023-09-23,,Premium Plan
CUST10809,Monthly,3901.53,Credit Card,2025-12-18,2026-07-23,Basic Plan
CUST10810,Annual,4430.43,Auto Pay,2022-09-08,,Basic Plan
CUST10811,Monthly,4126.61,Net Banking,2025-01-10,2026-08-06,Standard Plan
CUST10812,Annual,345.87,Debit Card,2023-10-30,2026-04-09,Standard Plan
CUST10813,Monthly,3075.47,UPI,2024-10-30,,Standard Plan
CUST10814,Monthly,3498.51,Debit Card,2023-03-22,,Standard Plan
CUST10815,Quarterly,4428.21,UPI,2025-09-08,2026-06-20,Basic Plan
CUST10816,Monthly,690.36,UPI,2023-03-15,,Basic Plan
CUST10817,Annual,2974.61,Net Banking,2023-09-14,2026-06-01,Premium Plan
CUST10818,Annual,3241.16,Debit Card,2023-11-17,,Basic Plan
CUST10819,Annual,2166.57,Auto Pay,2021-12-28,,Standard Plan
CUST10820,Monthly,4689.43,Net Banking,2024-06-08,2026-01-21,Standard Plan
CUST10821,Annual,1706.79,Auto Pay,2021-07-16,,Standard Plan
CUST10822,Quarterly,4590.41,Credit Card,2024-07-04,2026-06-16,Standard Plan
CUST10823,Annual,1040.0,Auto Pay,2025-09-21,,Basic Plan
CUST10824,Annual,4786.03,UPI,2023-01-30,,Basic Plan
CUST10825,Quarterly,4136.33,Debit Card,2024-07-03,,Basic Plan
CUST10826,Annual,2287.03,Credit Card,2023-03-15,,Standard Plan
CUST10827,Monthly,2365.15,Debit Card,2025-01-30,,Standard Plan
CUST10828,Quarterly,3353.92,UPI,2024-08-28,,Standard Plan
CUST10829,Monthly,3422.44,Credit Card,2024-11-22,2026-06-02,Basic Plan
CUST10830,Monthly,671.54,Debit Card,2021-01-09,2026-01-14,Basic Plan
CUST10831,Monthly,2446.65,Debit Card,2024-12-28,,Basic Plan
CUST10832,Quarterly,913.45,Auto Pay,2024-12-02,,Premium Plan
CUST10833,Annual,1643.61,UPI,2022-04-16,,Basic Plan
CUST10834,Monthly,4759.99,Credit Card,2024-11-24,2026-03-09,Standard Plan
CUST10835,Monthly,3588.23,UPI,2024-02-01,,Standard Plan
CUST10836,Quarterly,1789.67,Net Banking,2024-03-04,2026-04-25,Basic Plan
CUST10837,Annual,635.58,Net Banking,2021-03-04,,Standard Plan
CUST10838,Monthly,3237.88,Net Banking,2022-03-08,,Standard Plan
CUST10839,Annual,2563.94,Net Banking,2024-08-19,,Premium Plan
CUST10840,Monthly,689.34,Debit Card,2021-01-21,2026-08-16,Standard Plan
CUST10841,Quarterly,4436.44,Credit Card,2024-10-02,,Premium Plan
CUST10842,Monthly,2975.72,Credit Card,2025-05-21,2026-05-06,Standard Plan
CUST10843,Monthly,2035.68,Debit Card,2024-08-08,2026-01-19,Basic Plan
CUST10844,Annual,328.45,UPI,2021-01-02,,Basic Plan
CUST10845,Monthly,455.07,Net Banking,2023-02-12,,Standard Plan
CUST10846,Monthly,4952.79,Net Banking,2021-09-26,2026-08-15,Standard Plan
CUST10847,Quarterly,949.09,Auto Pay,2023-04-27,,Basic Plan
CUST10848,Annual,3659.35,Net Banking,2025-05-29,,Basic Plan
CUST10849,Monthly,3656.0,Net Banking,2025-07-14,,Basic Plan
CUST10850,Quarterly,3266.04,Debit Card,2025-08-20,2026-02-20,Premium Plan
CUST10851,Quarterly,1317.92,Net Banking,2024-08-22,,Standard Plan
CUST10852,Quarterly,1838.64,UPI,2021-03-03,,Basic Plan
CUST10853,Monthly,4632.93,Net Banking,2021-11-14,,Standard Plan
CUST10854,Monthly,1431.65,UPI,2025-08-08,,Standard Plan
CUST10855,Monthly,1283.44,Auto Pay,2025-10-16,2026-04-25,Standard Plan
CUST10856,Monthly,2822.49,Credit Card,2022-02-01,2026-01-10,Standard Plan
CUST10857,Monthly,4750.89,Credit Card,2023-11-27,,Basic Plan
CUST10858,Annual,4959.34,Auto Pay,2025-10-09,,Basic Plan
CUST10859,Monthly,2000.91,Credit Card,2021-07-05,2026-07-17,Standard Plan
CUST10860,Monthly,4307.2,Net Banking,2024-04-12,,Standard Plan
CUST10861,Annual,4749.47,Debit Card,2022-11-22,,Basic Plan
CUST10862,Monthly,2426.27,Credit Card,2025-09-05,,Standard Plan
CUST10863,Monthly,2792.04,Auto Pay,2024-11-26,,Basic Plan
CUST10864,Monthly,4392.9,UPI,2023-11-12,2026-08-26,Standard Plan
CUST10865,Annual,1107.84,Net Banking,2022-10-26,,Standard Plan
CUST10866,Annual,4654.01,Debit Card,2024-09-05,,Basic Plan
CUST10867,Quarterly,629.85,Debit Card,2025-09-19,,Standard Plan
CUST10868,Annual,3260.19,Credit Card,2023-08-10,,Standard Plan
CUST10869,Quarterly,3008.48,Credit Card,2022-01-09,,Standard Plan
CUST10870,Monthly,2958.39,Auto Pay,2021-08-18,2026-04-30,Standard Plan
CUST10871,Monthly,406.98,Net Banking,2024-03-21,,Basic Plan
CUST10872,Quarterly,1497.4,Auto Pay,2025-10-09,,Standard Plan
CUST10873,Monthly,2716.01,Debit Card,2023-01-14,,Standard Plan
CUST10874,Monthly,4648.75,Auto Pay,2024-07-19,2026-06-22,Basic Plan
CUST10875,Monthly,4626.36,Credit Card,2022-01-04,,Basic Plan
CUST10876,Monthly,669.91,Debit Card,2021-01-04,,Basic Plan
CUST10877,Monthly,936.62,Debit Card,2024-10-03,,Basic Plan
CUST10878,Quarterly,2990.23,Net Banking,2021-02-14,,Basic Plan
CUST10879,Quarterly,4091.83,Auto Pay,2024-08-08,,Premium Plan
CUST10880,Quarterly,4059.32,Net Banking,2021-01-12,,Basic Plan
CUST10881,Quarterly,1985.1,Debit Card,2021-07-09,,Premium Plan
CUST10882,Quarterly,383.44,Auto Pay,2022-06-28,,Basic Plan
CUST10883,Monthly,1796.09,UPI,2021-07-04,2026-07-11,Basic Plan
CUST10884,Monthly,343.34,Net Banking,2023-03-22,,Basic Plan
CUST10885,Monthly,1466.77,Auto Pay,2024-04-05,,Standard Plan
CUST10886,Annual,3652.87,Debit Card,2022-02-06,,Standard Plan
CUST10887,Monthly,323.42,Net Banking,2022-08-23,,Standard Plan
CUST10888,Quarterly,1514.76,Net Banking,2023-01-23,,Standard Plan
CUST10889,Monthly,3319.77,UPI,2025-08-15,2026-01-20,Basic Plan
CUST10890,Quarterly,1445.15,Credit Card,2025-11-30,,Basic Plan
CUST10891,Annual,1544.14,UPI,2022-06-01,,Premium Plan
CUST10892,Annual,3854.81,UPI,2021-05-20,,Basic Plan
CUST10893,Monthly,1110.62,Credit Card,2022-06-10,,Basic Plan
CUST10894,Monthly,3686.19,UPI,2025-04-10,,Premium Plan
CUST10895,Annual,4663.04,Credit Card,2024-12-19,,Basic Plan
CUST10896,Monthly,2592.35,Auto Pay,2023-04-27,,Basic Plan
CUST10897,Quarterly,752.29,Debit Card,2021-08-05,,Basic Plan
CUST10898,Monthly,660.28,Net Banking,2025-12-30,2026-06-08,Standard Plan
CUST10899,Annual,810.11,UPI,2025-02-14,,Standard Plan
CUST10900,Annual,484.85,Debit Card,2021-09-12,,Premium Plan
CUST10901,Quarterly,4791.13,Debit Card,2023-07-23,,Basic Plan
CUST10902,Annual,1651.23,Net Banking,2024-05-12,2026-05-26,Basic Plan
CUST10903,Quarterly,1415.6,Debit Card,2025-08-13,2026-01-27,Standard Plan
CUST10904,Annual,1011.63,Credit Card,2024-06-17,,Standard Plan
CUST10905,Monthly,1186.82,Net Banking,2025-10-13,,Premium Plan
CUST10906,Annual,3734.9,UPI,2022-12-29,,Standard Plan
CUST10907,Monthly,1470.42,Debit Card,2024-06-03,,Basic Plan
CUST10908,Monthly,1036.38,Auto Pay,2022-08-14,,Standard Plan
CUST10909,Monthly,4471.22,Debit Card,2021-12-07,,Basic Plan
CUST10910,Annual,1835.39,Debit Card,2022-08-13,2026-08-20,Basic Plan
CUST10911,Quarterly,996.79,UPI,2023-04-01,2026-02-19,Standard Plan
CUST10912,Monthly,4878.72,Auto Pay,2021-04-05,,Basic Plan
CUST10913,Monthly,3215.72,Debit Card,2025-09-02,,Standard Plan
CUST10914,Monthly,2667.72,Credit Card,2021-10-27,,Standard Plan
CUST10915,Annual,3449.65,Net Banking,2022-11-21,,Standard Plan
CUST10916,Monthly,1996.88,UPI,2022-12-15,2026-06-10,Basic Plan
CUST10917,Annual,4037.71,Net Banking,2021-09-17,2026-01-07,Premium Plan
CUST10918,Quarterly,2581.62,Credit Card,2024-05-29,2026-08-11,Standard Plan
CUST10919,Monthly,1053.34,Credit Card,2024-12-07,,Standard Plan
CUST10920,Annual,4116.67,UPI,2021-07-28,,Basic Plan
CUST10921,Quarterly,1882.14,Debit Card,2023-02-13,,Standard Plan
CUST10922,Annual,3221.37,UPI,2022-08-25,,Basic Plan
CUST10923,Monthly,1924.23,Auto Pay,2022-12-10,2026-01-13,Basic Plan
CUST10924,Annual,1721.35,UPI,2024-12-29,,Standard Plan
CUST10925,Monthly,321.96,Debit Card,2022-11-09,,Standard Plan
CUST10926,Monthly,4568.29,UPI,2023-12-11,,Standard Plan
CUST10927,Quarterly,543.12,Debit Card,2024-04-06,,Basic Plan
CUST10928,Monthly,3672.4,UPI,2023-07-21,,Basic Plan
CUST10929,Monthly,3170.97,Auto Pay,2022-10-04,2026-08-15,Premium Plan
CUST10930,Monthly,409.55,Debit Card,2023-06-28,,Basic Plan
CUST10931,Monthly,3643.36,Credit Card,2022-11-18,,Standard Plan
CUST10932,Monthly,1241.31,Auto Pay,2021-01-09,2026-03-20,Basic Plan
CUST10933,Monthly,2530.25,UPI,2022-10-06,2026-07-12,Basic Plan
CUST10934,Quarterly,3175.11,Credit Card,2022-12-22,2026-05-23,Standard Plan
CUST10935,Quarterly,442.31,Debit Card,2024-08-24,2026-01-30,Standard Plan
CUST10936,Monthly,4217.18,Net Banking,2023-12-13,,Standard Plan
CUST10937,Monthly,2270.53,Debit Card,2022-09-25,,Basic Plan
CUST10938,Annual,922.53,Debit Card,2021-03-12,,Premium Plan
CUST10939,Quarterly,2404.04,Debit Card,2021-04-12,,Basic Plan
CUST10940,Annual,2929.09,Credit Card,2024-04-17,,Basic Plan
CUST10941,Monthly,1068.32,Debit Card,2022-11-30,,Standard Plan
CUST10942,Quarterly,3195.03,UPI,2022-02-19,,Basic Plan
CUST10943,Quarterly,3109.79,UPI,2022-01-21,,Premium Plan
CUST10944,Annual,1856.69,Net Banking,2024-06-11,,Basic Plan
CUST10945,Monthly,2232.89,Debit Card,2023-11-12,,Premium Plan
CUST10946,Annual,2832.39,Net Banking,2025-10-23,,Basic Plan
CUST10947,Quarterly,1982.42,Auto Pay,2024-10-25,,Premium Plan
CUST10948,Annual,2364.63,Auto Pay,2022-04-06,,Standard Plan
CUST10949,Annual,1719.63,Auto Pay,2022-03-08,,Standard Plan
CUST10950,Monthly,3598.75,Net Banking,2025-05-20,,Basic Plan
CUST10951,Annual,4096.08,Net Banking,2022-02-14,,Basic Plan
CUST10952,Monthly,2861.48,Auto Pay,2023-02-13,,Basic Plan
CUST10953,Annual,430.03,Auto Pay,2024-02-05,,Basic Plan
CUST10954,Quarterly,888.75,Auto Pay,2023-12-22,,Basic Plan
CUST10955,Monthly,2888.59,Debit Card,2024-05-02,,Basic Plan
CUST10956,Monthly,3655.94,Auto Pay,2021-07-20,,Basic Plan
CUST10957,Annual,4298.52,UPI,2025-03-28,,Standard Plan
CUST10958,Quarterly,1941.68,Credit Card,2021-01-10,,Basic Plan
CUST10959,Annual,1067.92,Net Banking,2023-01-27,,Premium Plan
CUST10960,Annual,1200.32,Credit Card,2023-08-11,,Standard Plan
CUST10961,Monthly,3957.07,Auto Pay,2023-02-10,,Standard Plan
CUST10962,Monthly,1639.79,Debit Card,2021-09-09,2026-06-09,Premium Plan
CUST10963,Quarterly,569.99,Credit Card,2024-07-03,,Standard Plan
CUST10964,Monthly,4364.32,Credit Card,2021-11-08,,Premium Plan
CUST10965,Annual,2790.83,Net Banking,2024-02-11,,Premium Plan
CUST10966,Monthly,4929.55,UPI,2021-10-27,2026-01-31,Standard Plan
CUST10967,Annual,2925.08,Net Banking,2023-09-22,,Standard Plan
CUST10968,Quarterly,1397.55,Credit Card,2021-02-21,,Standard Plan
CUST10969,Annual,4003.29,Debit Card,2022-04-15,2026-01-27,Standard Plan
CUST10970,Annual,3618.25,Net Banking,2023-08-27,,Standard Plan
CUST10971,Annual,2810.26,Debit Card,2024-11-03,,Basic Plan
CUST10972,Monthly,4129.34,Debit Card,2024-03-13,2026-06-17,Basic Plan
CUST10973,Quarterly,4050.7,UPI,2021-05-27,,Standard Plan
CUST10974,Annual,1376.25,UPI,2022-05-10,2026-02-08,Standard Plan
CUST10975,Monthly,3382.65,Auto Pay,2023-07-17,,Standard Plan
CUST10976,Quarterly,1606.11,Credit Card,2023-11-27,,Basic Plan
CUST10977,Monthly,4486.68,Credit Card,2023-04-07,2026-02-10,Basic Plan
CUST10978,Monthly,711.37,Net Banking,2025-09-24,2026-08-15,Basic Plan
CUST10979,Monthly,3895.32,Net Banking,2023-02-08,2026-03-14,Basic Plan
CUST10980,Annual,1188.7,Auto Pay,2021-06-17,,Basic Plan
CUST10981,Quarterly,1705.07,Auto Pay,2022-04-01,,Standard Plan
CUST10982,Monthly,1515.94,UPI,2024-09-23,,Standard Plan
CUST10983,Monthly,3230.33,Debit Card,2022-10-07,,Standard Plan
CUST10984,Monthly,702.72,Net Banking,2024-11-08,,Standard Plan
CUST10985,Monthly,1414.09,Net Banking,2023-06-16,,Standard Plan
CUST10986,Monthly,3399.68,Debit Card,2021-10-13,2026-05-19,Basic Plan
CUST10987,Quarterly,1163.41,Debit Card,2021-12-02,,Standard Plan
CUST10988,Monthly,1003.75,Net Banking,2022-10-24,,Basic Plan
CUST10989,Annual,4868.71,Auto Pay,2022-06-10,,Premium Plan
CUST10990,Monthly,4837.58,Net Banking,2021-03-09,2026-07-13,Standard Plan
CUST10991,Monthly,4353.1,Debit Card,2022-03-23,,Premium Plan
CUST10992,Annual,465.41,UPI,2025-08-22,,Premium Plan
CUST10993,Monthly,4480.32,Auto Pay,2025-01-09,2026-06-25,Standard Plan
CUST10994,Annual,3619.8,Net Banking,2024-05-24,,Standard Plan
CUST10995,Monthly,2297.47,Net Banking,2021-11-11,2026-06-15,Standard Plan
CUST10996,Annual,947.3,Credit Card,2023-08-12,,Basic Plan
CUST10997,Annual,599.58,UPI,2023-12-13,,Standard Plan
CUST10998,Monthly,3113.71,Credit Card,2023-12-06,,Premium Plan
CUST10999,Quarterly,361.67,Credit Card,2024-03-17,,Premium Plan
CUST11000,Monthly,774.33,UPI,2022-04-19,,Standard Plan
CUST11001,Annual,2941.16,Auto Pay,2022-02-19,,Basic Plan
CUST11002,Monthly,4778.36,Debit Card,2024-12-01,,Basic Plan
CUST11003,Quarterly,4811.85,Net Banking,2021-09-22,,Standard Plan
CUST11004,Quarterly,1695.65,UPI,2024-11-11,,Basic Plan
CUST11005,Quarterly,1333.97,Net Banking,2022-08-15,2026-03-27,Basic Plan
CUST11006,Annual,1573.75,Auto Pay,2023-04-06,2026-04-06,Basic Plan
CUST11007,Monthly,2674.92,Auto Pay,2021-03-01,,Premium Plan
CUST11008,Monthly,3941.72,Net Banking,2021-02-09,,Basic Plan
CUST11009,Monthly,1071.73,Debit Card,2023-01-09,,Standard Plan
CUST11010,Monthly,3439.56,Auto Pay,2025-08-28,2026-06-03,Standard Plan
CUST11011,Monthly,2943.28,Net Banking,2023-11-15,2026-04-20,Standard Plan
CUST11012,Monthly,2689.54,Debit Card,2022-11-12,,Standard Plan
CUST11013,Monthly,4132.75,Auto Pay,2022-01-19,2026-07-24,Basic Plan
CUST11014,Quarterly,2899.31,Net Banking,2024-07-16,,Standard Plan
CUST11015,Monthly,1936.54,Net Banking,2025-04-02,2026-07-20,Standard Plan
CUST11016,Quarterly,4852.74,Net Banking,2022-08-02,2026-06-27,Basic Plan
CUST11017,Monthly,2643.33,Debit Card,2023-10-04,,Basic Plan
CUST11018,Annual,4854.66,UPI,2025-04-16,,Basic Plan
CUST11019,Quarterly,3049.83,Credit Card,2025-12-18,,Basic Plan
CUST11020,Quarterly,3819.79,Debit Card,2022-04-03,,Basic Plan
CUST11021,Quarterly,3383.01,Auto Pay,2025-06-13,,Basic Plan
CUST11022,Monthly,3117.63,Debit Card,2022-09-27,,Basic Plan
CUST11023,Quarterly,2844.11,Auto Pay,2024-06-01,,Standard Plan
CUST11024,Monthly,3710.43,Debit Card,2021-09-24,,Basic Plan
CUST11025,Monthly,4052.32,Credit Card,2025-01-23,,Basic Plan
CUST11026,Quarterly,4473.25,Auto Pay,2021-10-06,,Basic Plan
CUST11027,Monthly,1254.7,Credit Card,2025-08-24,,Basic Plan
CUST11028,Monthly,2271.81,Debit Card,2022-10-30,,Standard Plan
CUST11029,Monthly,876.4,Net Banking,2025-05-06,,Standard Plan
CUST11030,Monthly,3755.17,Net Banking,2024-12-16,,Basic Plan
CUST11031,Annual,1430.41,UPI,2021-08-06,,Premium Plan
CUST11032,Monthly,3753.77,Auto Pay,2021-06-12,,Standard Plan
CUST11033,Monthly,834.56,Net Banking,2025-12-11,2026-04-23,Premium Plan
CUST11034,Monthly,3273.28,Net Banking,2023-02-25,,Standard Plan
CUST11035,Monthly,2154.73,Net Banking,2021-05-15,,Standard Plan
CUST11036,Annual,1365.23,UPI,2022-01-22,,Standard Plan
CUST11037,Quarterly,2375.53,Debit Card,2022-11-26,,Basic Plan
CUST11038,Quarterly,1108.11,Net Banking,2021-12-12,2026-03-11,Basic Plan
CUST11039,Annual,3655.4,UPI,2022-02-14,,Basic Plan
CUST11040,Monthly,2087.66,Auto Pay,2024-02-01,,Basic Plan
CUST11041,Monthly,3938.76,Debit Card,2021-04-18,2026-03-18,Premium Plan
CUST11042,Monthly,4446.16,UPI,2023-01-18,2026-03-25,Basic Plan
CUST11043,Monthly,3859.09,Debit Card,2021-05-11,,Standard Plan
CUST11044,Quarterly,2226.74,Debit Card,2024-02-22,,Basic Plan
CUST11045,Annual,873.81,Debit Card,2023-09-22,,Premium Plan
CUST11046,Monthly,3867.44,Debit Card,2022-10-26,,Premium Plan
CUST11047,Annual,939.15,UPI,2024-11-27,,Basic Plan
CUST11048,Annual,3659.58,Auto Pay,2024-08-20,,Basic Plan
CUST11049,Annual,4693.41,Credit Card,2022-09-26,,Standard Plan
CUST11050,Monthly,3292.24,Debit Card,2021-04-30,,Standard Plan
CUST11051,Monthly,3456.74,Credit Card,2021-01-15,,Premium Plan
CUST11052,Monthly,2472.67,Debit Card,2025-10-18,,Standard Plan
CUST11053,Annual,1436.02,Credit Card,2023-01-16,,Standard Plan
CUST11054,Monthly,2285.44,Credit Card,2025-06-24,,Standard Plan
CUST11055,Monthly,3788.15,UPI,2021-08-20,2026-05-29,Basic Plan
CUST11056,Quarterly,3952.62,Credit Card,2025-10-09,,Basic Plan
CUST11057,Quarterly,2665.81,Credit Card,2025-11-05,,Standard Plan
CUST11058,Quarterly,1053.4,Net Banking,2022-05-14,2026-04-02,Basic Plan
CUST11059,Annual,3387.88,Net Banking,2024-07-26,,Basic Plan
CUST11060,Quarterly,3246.7,Auto Pay,2021-03-03,,Standard Plan
CUST11061,Monthly,594.56,Auto Pay,2024-01-27,2026-02-24,Standard Plan
CUST11062,Monthly,3785.94,Credit Card,2025-05-21,,Standard Plan
CUST11063,Monthly,772.41,UPI,2024-03-13,2026-03-23,Basic Plan
CUST11064,Monthly,4184.06,UPI,2025-11-16,,Basic Plan
CUST11065,Annual,3284.77,Debit Card,2022-10-23,,Basic Plan
CUST11066,Monthly,4759.99,Auto Pay,2021-12-16,,Basic Plan
CUST11067,Monthly,4379.63,Net Banking,2022-06-02,2026-01-04,Premium Plan
CUST11068,Monthly,3186.86,Net Banking,2024-05-30,2026-03-28,Basic Plan
CUST11069,Annual,1190.56,Credit Card,2022-07-30,,Standard Plan
CUST11070,Annual,3626.21,Net Banking,2023-04-12,,Basic Plan
CUST11071,Quarterly,699.46,UPI,2023-01-28,,Basic Plan
CUST11072,Monthly,459.79,Credit Card,2025-03-15,,Standard Plan
CUST11073,Monthly,2580.74,Net Banking,2023-08-12,,Standard Plan
CUST11074,Monthly,2900.66,Credit Card,2021-07-11,2026-04-17,Premium Plan
CUST11075,Monthly,4872.04,Debit Card,2022-07-13,2026-06-05,Standard Plan
CUST11076,Monthly,983.5,Credit Card,2021-07-25,2026-03-22,Premium Plan
CUST11077,Annual,4072.67,Debit Card,2025-01-31,,Standard Plan
CUST11078,Monthly,2303.12,Auto Pay,2024-11-10,,Standard Plan
CUST11079,Monthly,1079.53,Auto Pay,2025-09-16,,Basic Plan
CUST11080,Annual,2980.93,Debit Card,2022-03-15,,Basic Plan
CUST11081,Monthly,2457.13,Auto Pay,2024-08-19,2026-05-09,Premium Plan
CUST11082,Monthly,2979.04,Debit Card,2023-10-23,2026-08-05,Basic Plan
CUST11083,Quarterly,921.68,Debit Card,2024-09-04,,Standard Plan
CUST11084,Annual,621.97,Credit Card,2024-05-29,,Premium Plan
CUST11085,Monthly,400.83,Credit Card,2022-04-18,2026-03-11,Basic Plan
CUST11086,Annual,2396.71,Auto Pay,2021-05-04,,Basic Plan
CUST11087,Annual,1549.06,UPI,2024-10-08,,Basic Plan
CUST11088,Monthly,1002.23,Credit Card,2021-06-07,,Standard Plan
CUST11089,Annual,1518.72,Credit Card,2022-06-08,,Standard Plan
CUST11090,Monthly,4619.11,Debit Card,2022-06-27,,Basic Plan
CUST11091,Monthly,4742.0,UPI,2023-01-14,,Standard Plan
CUST11092,Quarterly,3374.78,Debit Card,2023-02-09,,Basic Plan
CUST11093,Annual,3738.64,Auto Pay,2024-07-13,,Standard Plan
CUST11094,Monthly,3944.0,UPI,2022-12-09,,Basic Plan
CUST11095,Monthly,4140.32,Credit Card,2025-02-04,,Basic Plan
CUST11096,Monthly,2987.28,Debit Card,2021-10-28,,Basic Plan
CUST11097,Annual,3919.61,Net Banking,2023-12-13,,Premium Plan
CUST11098,Monthly,3660.19,Debit Card,2021-08-29,,Basic Plan
CUST11099,Quarterly,1924.38,Debit Card,2024-10-05,,Basic Plan
CUST11100,Annual,4684.3,Net Banking,2023-06-14,,Standard Plan
CUST11101,Monthly,2040.95,Credit Card,2025-02-17,,Standard Plan
CUST11102,Monthly,4340.38,Net Banking,2024-05-20,,Basic Plan
CUST11103,Monthly,3093.58,Net Banking,2021-06-27,2026-06-22,Basic Plan
CUST11104,Annual,1202.7,Auto Pay,2023-02-06,2026-08-30,Premium Plan
CUST11105,Monthly,4009.23,Net Banking,2022-09-12,,Standard Plan
CUST11106,Monthly,1346.22,UPI,2022-10-09,2026-08-21,Basic Plan
CUST11107,Monthly,713.13,Net Banking,2022-01-10,2026-03-21,Basic Plan
CUST11108,Quarterly,2764.62,Net Banking,2023-04-28,2026-03-11,Basic Plan
CUST11109,Monthly,2749.77,Debit Card,2024-06-13,2026-01-20,Standard Plan
CUST11110,Monthly,4458.79,Net Banking,2025-12-29,,Basic Plan
CUST11111,Monthly,1232.24,Credit Card,2023-09-04,,Basic Plan
CUST11112,Monthly,3926.63,Net Banking,2021-07-10,2026-04-18,Basic Plan
CUST11113,Monthly,4068.56,UPI,2021-04-21,,Standard Plan
CUST11114,Annual,1303.82,Net Banking,2022-11-15,,Basic Plan
CUST11115,Quarterly,2596.61,Credit Card,2025-05-01,,Standard Plan
CUST11116,Annual,1689.76,Net Banking,2023-12-19,,Standard Plan
CUST11117,Quarterly,4891.21,UPI,2023-05-22,,Standard Plan
CUST11118,Annual,1504.89,Debit Card,2021-09-21,,Standard Plan
CUST11119,Monthly,1236.66,Credit Card,2023-05-05,2026-05-28,Premium Plan
CUST11120,Monthly,2300.96,Net Banking,2025-12-08,,Premium Plan
CUST11121,Annual,2344.15,Debit Card,2021-05-14,2026-05-17,Basic Plan
CUST11122,Monthly,500.27,UPI,2021-03-21,2026-07-07,Standard Plan
CUST11123,Annual,2343.14,UPI,2021-08-21,,Basic Plan
CUST11124,Quarterly,2948.49,Credit Card,2022-11-07,,Standard Plan
CUST11125,Monthly,3349.92,UPI,2022-11-16,,Standard Plan
CUST11126,Annual,744.2,Auto Pay,2025-09-06,,Basic Plan
CUST11127,Monthly,4491.11,Net Banking,2025-04-26,,Standard Plan
CUST11128,Monthly,1668.11,Auto Pay,2025-11-21,2026-08-06,Basic Plan
CUST11129,Annual,559.09,UPI,2022-12-30,2026-03-23,Premium Plan
CUST11130,Quarterly,4393.76,Credit Card,2022-12-18,,Basic Plan
CUST11131,Monthly,4160.13,Debit Card,2021-11-01,,Standard Plan
CUST11132,Monthly,4252.78,Auto Pay,2022-09-16,2026-07-09,Standard Plan
CUST11133,Quarterly,324.47,Debit Card,2024-02-23,,Standard Plan
CUST11134,Monthly,1545.01,UPI,2025-10-08,,Basic Plan
CUST11135,Monthly,2161.85,Credit Card,2025-09-19,2026-05-25,Basic Plan
CUST11136,Annual,1326.14,UPI,2021-10-10,,Basic Plan
CUST11137,Monthly,3973.82,Debit Card,2022-08-16,2026-03-08,Basic Plan
CUST11138,Quarterly,1099.24,Credit Card,2025-04-25,,Standard Plan
CUST11139,Monthly,3385.44,UPI,2025-08-18,,Basic Plan
CUST11140,Monthly,1340.96,Auto Pay,2022-04-04,,Basic Plan
CUST11141,Quarterly,2186.13,Auto Pay,2024-04-24,2026-05-13,Standard Plan
CUST11142,Monthly,3933.93,Debit Card,2025-05-28,2026-08-29,Standard Plan
CUST11143,Monthly,1055.11,Credit Card,2021-03-02,2026-01-24,Standard Plan
CUST11144,Annual,4545.88,Debit Card,2025-11-14,,Standard Plan
CUST11145,Quarterly,3460.1,Credit Card,2021-10-06,,Standard Plan
CUST11146,Annual,4776.02,Auto Pay,2022-06-19,,Basic Plan
CUST11147,Monthly,3429.59,UPI,2023-07-28,,Basic Plan
CUST11148,Monthly,2440.07,UPI,2021-10-22,,Standard Plan
CUST11149,Annual,2994.18,Auto Pay,2025-06-17,,Basic Plan
CUST11150,Monthly,1018.05,UPI,2022-10-25,,Standard Plan
CUST11151,Monthly,2946.26,Credit Card,2023-10-17,,Basic Plan
CUST11152,Annual,4123.53,Debit Card,2025-05-24,,Basic Plan
CUST11153,Monthly,4123.0,Credit Card,2025-03-14,,Standard Plan
CUST11154,Quarterly,3671.59,Debit Card,2023-10-09,,Basic Plan
CUST11155,Quarterly,1718.49,Debit Card,2023-05-19,,Basic Plan
CUST11156,Monthly,3456.34,Debit Card,2025-05-10,,Basic Plan
CUST11157,Annual,3871.6,Net Banking,2025-01-17,,Basic Plan
CUST11158,Monthly,2917.6,UPI,2023-08-07,,Basic Plan
CUST11159,Monthly,2013.54,Debit Card,2023-10-04,2026-08-10,Premium Plan
CUST11160,Monthly,728.86,Net Banking,2024-10-20,2026-07-17,Standard Plan
CUST11161,Monthly,1504.17,Net Banking,2022-08-15,,Standard Plan
CUST11162,Quarterly,2562.09,UPI,2024-09-24,,Basic Plan
CUST11163,Quarterly,4705.02,Debit Card,2025-02-22,,Standard Plan
CUST11164,Monthly,1886.48,UPI,2024-09-23,,Basic Plan
CUST11165,Monthly,2632.91,UPI,2023-10-19,,Standard Plan
CUST11166,Monthly,4892.34,Debit Card,2023-10-22,,Basic Plan
CUST11167,Annual,2864.21,Net Banking,2025-10-20,,Basic Plan
CUST11168,Monthly,2709.77,UPI,2024-08-03,2026-07-18,Basic Plan
CUST11169,Quarterly,1773.83,UPI,2021-02-13,2026-02-13,Premium Plan
CUST11170,Quarterly,1496.88,Credit Card,2021-11-29,,Basic Plan
CUST11171,Quarterly,455.14,Auto Pay,2024-08-05,,Basic Plan
CUST11172,Annual,2131.33,Auto Pay,2021-10-15,,Standard Plan
CUST11173,Monthly,3394.77,Debit Card,2024-12-03,,Basic Plan
CUST11174,Annual,3376.08,Debit Card,2025-06-24,2026-02-10,Standard Plan
CUST11175,Monthly,3648.29,Auto Pay,2021-03-29,2026-07-03,Standard Plan
CUST11176,Annual,2151.04,UPI,2022-02-08,2026-05-17,Standard Plan
CUST11177,Annual,4032.6,UPI,2022-10-21,,Basic Plan
CUST11178,Annual,4341.61,UPI,2023-04-30,,Standard Plan
CUST11179,Annual,2256.7,Auto Pay,2024-05-29,,Basic Plan
CUST11180,Monthly,4349.01,Credit Card,2024-12-17,2026-08-05,Basic Plan
CUST11181,Monthly,3106.7,Net Banking,2024-09-27,,Basic Plan
CUST11182,Annual,2148.21,Credit Card,2022-02-20,2026-03-16,Basic Plan
CUST11183,Annual,4187.77,Auto Pay,2023-03-15,,Standard Plan
CUST11184,Monthly,1339.42,Debit Card,2022-02-16,,Basic Plan
CUST11185,Monthly,4822.22,Net Banking,2021-05-16,,Basic Plan
CUST11186,Monthly,2661.78,UPI,2023-08-21,2026-05-10,Premium Plan
CUST11187,Monthly,2807.34,Debit Card,2021-01-21,2026-04-28,Basic Plan
CUST11188,Annual,3255.53,UPI,2021-07-29,2026-05-13,Standard Plan
CUST11189,Monthly,634.95,UPI,2024-06-01,,Standard Plan
CUST11190,Monthly,857.61,Credit Card,2025-12-18,2026-01-23,Standard Plan
CUST11191,Annual,2615.9,Net Banking,2024-04-19,,Premium Plan
CUST11192,Quarterly,590.51,UPI,2024-06-02,2026-08-19,Basic Plan
CUST11193,Monthly,1967.29,UPI,2024-05-29,,Basic Plan
CUST11194,Monthly,433.87,Net Banking,2022-09-30,,Standard Plan
CUST11195,Monthly,3030.03,Auto Pay,2021-04-13,,Premium Plan
CUST11196,Monthly,2029.5,Debit Card,2021-11-10,2026-04-15,Standard Plan
CUST11197,Annual,2944.57,Net Banking,2022-10-20,,Standard Plan
CUST11198,Quarterly,1764.69,Debit Card,2023-10-10,,Standard Plan
CUST11199,Monthly,3795.01,UPI,2022-08-01,,Basic Plan
CUST11200,Monthly,2702.64,Credit Card,2024-11-26,,Standard Plan
CUST11201,Quarterly,1714.83,Credit Card,2024-02-01,,Standard Plan
CUST11202,Monthly,3277.89,Credit Card,2022-03-22,,Standard Plan
CUST11203,Annual,3311.23,UPI,2023-06-12,,Standard Plan
CUST11204,Monthly,2568.11,Auto Pay,2022-06-29,,Basic Plan
CUST11205,Annual,3040.72,UPI,2023-10-22,,Basic Plan
CUST11206,Monthly,1655.92,Auto Pay,2022-10-06,,Basic Plan
CUST11207,Quarterly,3962.67,Credit Card,2024-01-11,2026-08-18,Basic Plan
CUST11208,Monthly,1639.48,Net Banking,2024-02-03,,Standard Plan
CUST11209,Monthly,676.95,UPI,2023-06-20,,Standard Plan
CUST11210,Monthly,674.19,UPI,2025-05-21,,Standard Plan
CUST11211,Annual,1704.3,Auto Pay,2021-09-07,,Basic Plan
CUST11212,Annual,4244.42,Auto Pay,2024-11-24,,Basic Plan
CUST11213,Annual,4026.61,Credit Card,2023-03-27,,Basic Plan
CUST11214,Monthly,3861.05,Credit Card,2025-07-26,2026-08-15,Basic Plan
CUST11215,Monthly,3761.02,UPI,2025-04-30,2026-07-05,Basic Plan
CUST11216,Monthly,4697.71,Auto Pay,2022-06-24,2026-06-20,Standard Plan
CUST11217,Monthly,3993.52,Net Banking,2023-11-04,2026-02-12,Basic Plan
CUST11218,Monthly,4627.8,Net Banking,2025-07-28,,Basic Plan
CUST11219,Monthly,2171.77,Credit Card,2023-07-15,,Standard Plan
CUST11220,Monthly,4782.76,Auto Pay,2025-04-28,2026-01-18,Standard Plan
CUST11221,Annual,1359.38,Auto Pay,2024-08-29,,Standard Plan
CUST11222,Monthly,2444.47,Credit Card,2023-08-09,,Basic Plan
CUST11223,Quarterly,3290.56,Credit Card,2024-03-03,,Basic Plan
CUST11224,Monthly,3998.94,Net Banking,2023-06-01,2026-05-27,Basic Plan
CUST11225,Monthly,3558.24,Debit Card,2023-02-01,,Standard Plan
CUST11226,Quarterly,1710.84,Debit Card,2021-11-07,,Standard Plan
CUST11227,Quarterly,3872.06,Auto Pay,2023-03-20,,Basic Plan
CUST11228,Monthly,1324.14,Credit Card,2023-07-21,,Basic Plan
CUST11229,Annual,3911.59,Auto Pay,2021-10-26,,Basic Plan
CUST11230,Monthly,3609.06,Credit Card,2022-07-03,,Basic Plan
CUST11231,Annual,3165.09,Auto Pay,2025-07-28,,Premium Plan
CUST11232,Monthly,1630.5,Credit Card,2022-02-10,2026-05-15,Standard Plan
CUST11233,Monthly,1467.65,Net Banking,2025-05-21,,Basic Plan
CUST11234,Quarterly,3626.07,Debit Card,2025-04-10,2026-07-11,Standard Plan
CUST11235,Quarterly,3723.91,Credit Card,2024-01-05,2026-07-20,Basic Plan
CUST11236,Annual,910.18,UPI,2023-07-15,,Basic Plan
CUST11237,Annual,3344.77,Credit Card,2025-01-22,2026-05-25,Standard Plan
CUST11238,Monthly,4487.5,Debit Card,2025-04-26,2026-03-01,Basic Plan
CUST11239,Monthly,3397.57,Credit Card,2023-01-13,,Basic Plan
CUST11240,Monthly,893.49,Auto Pay,2022-09-15,2026-07-10,Standard Plan
CUST11241,Monthly,3516.39,Net Banking,2021-04-24,2026-07-14,Standard Plan
CUST11242,Monthly,1511.32,Auto Pay,2025-09-28,2026-01-24,Basic Plan
CUST11243,Monthly,3860.74,UPI,2025-01-08,2026-02-24,Basic Plan
CUST11244,Annual,1082.96,Net Banking,2021-01-17,,Standard Plan
CUST11245,Annual,3541.17,Credit Card,2022-08-13,,Basic Plan
CUST11246,Monthly,1420.18,Net Banking,2023-05-25,,Basic Plan
CUST11247,Monthly,1482.65,Debit Card,2022-06-08,,Standard Plan
CUST11248,Monthly,2408.29,Debit Card,2021-03-31,2026-06-30,Basic Plan
CUST11249,Monthly,2520.8,Debit Card,2022-09-05,,Premium Plan
CUST11250,Monthly,4787.06,Debit Card,2025-01-05,,Basic Plan
CUST11251,Monthly,1656.73,UPI,2024-04-15,,Standard Plan
CUST11252,Monthly,3568.4,Credit Card,2021-09-12,,Premium Plan
CUST11253,Monthly,3793.31,UPI,2021-05-24,2026-07-12,Premium Plan
CUST11254,Monthly,406.28,Credit Card,2021-11-17,,Basic Plan
CUST11255,Monthly,2319.98,Net Banking,2022-12-16,,Standard Plan
CUST11256,Quarterly,4578.96,Debit Card,2024-08-17,,Standard Plan
CUST11257,Monthly,1368.48,Auto Pay,2023-10-14,2026-02-01,Basic Plan
CUST11258,Monthly,2997.92,Auto Pay,2025-11-08,,Standard Plan
CUST11259,Monthly,3553.5,Net Banking,2025-01-21,,Basic Plan
CUST11260,Monthly,524.2,Debit Card,2024-10-13,2026-06-26,Basic Plan
CUST11261,Quarterly,4106.2,UPI,2024-01-12,,Standard Plan
CUST11262,Annual,2167.86,Net Banking,2022-11-11,,Basic Plan
CUST11263,Quarterly,3630.58,Credit Card,2024-09-19,2026-05-22,Premium Plan
CUST11264,Monthly,4341.65,Auto Pay,2025-04-26,,Premium Plan
CUST11265,Monthly,4064.3,UPI,2023-02-07,,Standard Plan
CUST11266,Annual,2457.0,UPI,2023-05-02,,Premium Plan
CUST11267,Monthly,1459.44,Credit Card,2023-11-09,,Basic Plan
CUST11268,Annual,2791.34,Credit Card,2022-03-28,,Basic Plan
CUST11269,Monthly,2250.51,Auto Pay,2022-01-14,2026-04-18,Premium Plan
CUST11270,Annual,4780.16,Credit Card,2025-09-13,,Standard Plan
CUST11271,Monthly,3546.37,Debit Card,2025-06-15,,Basic Plan
CUST11272,Monthly,866.58,Net Banking,2021-10-29,,Standard Plan
CUST11273,Monthly,805.88,Credit Card,2024-12-08,,Standard Plan
CUST11274,Annual,523.7,Debit Card,2025-09-25,2026-06-25,Basic Plan
CUST11275,Annual,2234.96,Debit Card,2021-05-05,,Standard Plan
CUST11276,Quarterly,4474.35,Credit Card,2021-01-12,,Basic Plan
CUST11277,Monthly,2915.41,Net Banking,2025-12-19,2026-06-26,Premium Plan
CUST11278,Monthly,322.11,Auto Pay,2023-12-23,,Basic Plan
CUST11279,Monthly,4038.68,Credit Card,2023-10-23,,Standard Plan
CUST11280,Annual,2061.53,Auto Pay,2021-12-18,,Standard Plan
CUST11281,Monthly,3047.61,Credit Card,2022-02-08,,Premium Plan
CUST11282,Quarterly,4787.78,Net Banking,2023-09-01,,Basic Plan
CUST11283,Quarterly,2593.74,Auto Pay,2023-02-03,,Basic Plan
CUST11284,Monthly,2420.54,UPI,2023-01-02,,Standard Plan
CUST11285,Quarterly,4691.08,Debit Card,2024-05-10,,Basic Plan
CUST11286,Monthly,1545.29,UPI,2024-01-10,,Basic Plan
CUST11287,Annual,2846.96,Auto Pay,2025-12-02,,Standard Plan
CUST11288,Annual,1663.89,Debit Card,2025-03-25,,Standard Plan
CUST11289,Monthly,1691.79,Net Banking,2024-02-02,2026-05-17,Standard Plan
CUST11290,Annual,1417.73,Credit Card,2025-09-03,,Premium Plan
CUST11291,Quarterly,2330.67,UPI,2022-09-04,2026-08-16,Standard Plan
CUST11292,Annual,1607.49,Auto Pay,2024-03-09,,Premium Plan
CUST11293,Annual,419.35,Auto Pay,2021-12-24,,Standard Plan
CUST11294,Annual,4823.99,Debit Card,2023-04-25,,Standard Plan
CUST11295,Annual,4718.95,UPI,2022-08-16,2026-05-01,Standard Plan
CUST11296,Monthly,4055.89,Credit Card,2022-09-16,,Standard Plan
CUST11297,Monthly,4371.53,Debit Card,2021-12-25,,Standard Plan
CUST11298,Quarterly,3516.79,Credit Card,2024-09-30,2026-01-26,Premium Plan
CUST11299,Annual,1827.61,Net Banking,2021-09-20,,Basic Plan
CUST11300,Quarterly,1174.07,Debit Card,2021-08-21,,Standard Plan
CUST11301,Quarterly,4346.11,Auto Pay,2021-04-08,,Basic Plan
CUST11302,Monthly,3604.21,Net Banking,2021-06-24,2026-08-08,Basic Plan
CUST11303,Monthly,3288.92,Auto Pay,2021-06-20,,Standard Plan
CUST11304,Monthly,3130.11,UPI,2022-04-07,,Premium Plan
CUST11305,Monthly,3119.25,Net Banking,2024-03-07,,Premium Plan
CUST11306,Monthly,2470.93,Credit Card,2021-05-05,2026-03-07,Basic Plan
CUST11307,Monthly,1675.97,Auto Pay,2023-11-13,,Standard Plan
CUST11308,Annual,2402.52,UPI,2021-09-03,2026-02-09,Basic Plan
CUST11309,Quarterly,2177.6,Auto Pay,2024-12-08,,Basic Plan
CUST11310,Monthly,3453.58,Net Banking,2021-08-10,2026-01-10,Basic Plan
CUST11311,Monthly,2811.1,Debit Card,2024-03-13,,Basic Plan
CUST11312,Annual,3979.71,Debit Card,2025-06-21,,Basic Plan
CUST11313,Quarterly,4952.93,Net Banking,2023-08-18,2026-06-16,Basic Plan
CUST11314,Annual,916.0,Credit Card,2025-12-31,,Standard Plan
CUST11315,Annual,4357.92,Net Banking,2024-02-12,2026-05-08,Basic Plan
CUST11316,Annual,3827.34,Credit Card,2021-08-07,,Basic Plan
CUST11317,Quarterly,3166.55,UPI,2025-04-08,,Premium Plan
CUST11318,Annual,3441.32,Net Banking,2025-06-22,,Basic Plan
CUST11319,Monthly,1265.58,Debit Card,2023-02-03,,Standard Plan
CUST11320,Monthly,3779.84,Credit Card,2023-03-27,2026-07-05,Basic Plan
CUST11321,Monthly,4564.51,Net Banking,2024-04-12,,Basic Plan
CUST11322,Annual,3873.2,UPI,2025-09-18,,Standard Plan
CUST11323,Quarterly,606.01,Debit Card,2023-08-02,,Premium Plan
CUST11324,Annual,1998.97,Credit Card,2022-01-30,2026-06-01,Standard Plan
CUST11325,Quarterly,1516.61,Credit Card,2025-08-18,,Standard Plan
CUST11326,Quarterly,1936.98,Debit Card,2024-04-19,,Basic Plan
CUST11327,Quarterly,2107.0,Auto Pay,2021-09-26,,Premium Plan
CUST11328,Monthly,2684.89,Auto Pay,2023-06-24,2026-06-18,Standard Plan
CUST11329,Monthly,1757.16,UPI,2024-02-29,2026-03-20,Premium Plan
CUST11330,Monthly,1316.43,Auto Pay,2025-05-26,,Basic Plan
CUST11331,Monthly,2499.16,Credit Card,2023-10-02,,Standard Plan
CUST11332,Monthly,3573.99,Debit Card,2023-05-02,2026-05-18,Standard Plan
CUST11333,Monthly,3097.29,Net Banking,2023-11-25,,Standard Plan
CUST11334,Annual,1849.72,Credit Card,2024-08-16,,Standard Plan
CUST11335,Quarterly,4603.13,Credit Card,2022-10-29,2026-06-17,Standard Plan
CUST11336,Annual,2073.01,Net Banking,2025-06-28,2026-03-22,Premium Plan
CUST11337,Monthly,812.15,Net Banking,2025-06-03,2026-01-31,Basic Plan
CUST11338,Quarterly,662.08,Credit Card,2024-01-08,,Premium Plan
CUST11339,Monthly,3830.74,Debit Card,2024-03-06,,Standard Plan
CUST11340,Quarterly,2843.17,Auto Pay,2022-08-18,,Standard Plan
CUST11341,Annual,2773.74,UPI,2021-10-09,,Basic Plan
CUST11342,Monthly,3920.34,UPI,2025-02-25,2026-05-05,Standard Plan
CUST11343,Monthly,1608.68,UPI,2024-12-15,2026-03-17,Standard Plan
CUST11344,Quarterly,605.22,UPI,2024-09-19,,Premium Plan
CUST11345,Annual,3619.86,UPI,2024-08-17,,Premium Plan
CUST11346,Quarterly,854.73,UPI,2021-04-06,,Basic Plan
CUST11347,Annual,2372.89,Credit Card,2025-09-04,,Premium Plan
CUST11348,Monthly,1261.33,Debit Card,2025-12-23,,Basic Plan
CUST11349,Monthly,3678.9,Net Banking,2022-12-04,,Standard Plan
CUST11350,Monthly,2577.29,Debit Card,2024-07-02,,Standard Plan
CUST11351,Annual,4728.59,Auto Pay,2022-07-11,2026-03-01,Basic Plan
CUST11352,Monthly,2581.46,Credit Card,2022-12-10,2026-02-07,Basic Plan
CUST11353,Quarterly,2486.51,Auto Pay,2024-07-01,2026-08-13,Standard Plan
CUST11354,Annual,2230.97,UPI,2025-12-16,,Basic Plan
CUST11355,Monthly,1055.23,Credit Card,2024-03-15,2026-02-13,Basic Plan
CUST11356,Monthly,3563.92,Credit Card,2023-09-26,,Basic Plan
CUST11357,Quarterly,1692.98,Net Banking,2024-10-23,,Basic Plan
CUST11358,Quarterly,905.08,Auto Pay,2023-06-06,,Basic Plan
CUST11359,Monthly,1375.11,Credit Card,2025-02-15,,Basic Plan
CUST11360,Monthly,1047.05,Debit Card,2023-09-28,,Basic Plan
CUST11361,Annual,3673.88,Net Banking,2023-12-27,,Basic Plan
CUST11362,Monthly,4897.7,Credit Card,2025-09-03,2026-04-27,Standard Plan
CUST11363,Monthly,3482.31,Net Banking,2023-04-04,,Basic Plan
CUST11364,Quarterly,591.35,Net Banking,2022-05-22,,Premium Plan
CUST11365,Annual,525.49,UPI,2025-01-16,2026-05-08,Basic Plan
CUST11366,Annual,776.1,UPI,2024-06-11,,Premium Plan
CUST11367,Monthly,1258.51,UPI,2021-10-29,,Basic Plan
CUST11368,Quarterly,752.24,Auto Pay,2022-07-06,2026-07-03,Basic Plan
CUST11369,Monthly,4299.56,Credit Card,2024-06-28,2026-07-07,Standard Plan
CUST11370,Quarterly,4771.73,UPI,2025-05-23,,Basic Plan
CUST11371,Monthly,2380.76,Debit Card,2025-12-25,2026-06-18,Standard Plan
CUST11372,Monthly,799.66,Auto Pay,2021-11-13,,Premium Plan
CUST11373,Annual,2774.38,Credit Card,2022-02-02,,Premium Plan
CUST11374,Quarterly,3684.1,Credit Card,2025-08-31,,Basic Plan
CUST11375,Quarterly,2222.43,Auto Pay,2022-04-30,,Standard Plan
CUST11376,Monthly,2465.33,Net Banking,2022-03-21,2026-06-15,Basic Plan
CUST11377,Monthly,2322.51,Auto Pay,2023-03-19,,Basic Plan
CUST11378,Annual,2947.54,Net Banking,2022-12-12,,Basic Plan
CUST11379,Monthly,2887.78,Credit Card,2022-07-09,2026-01-31,Standard Plan
CUST11380,Annual,4031.37,Credit Card,2021-04-16,2026-04-17,Standard Plan
CUST11381,Monthly,3467.46,Auto Pay,2024-08-02,2026-02-27,Basic Plan
CUST11382,Monthly,4036.93,Credit Card,2021-12-28,2026-01-06,Premium Plan
CUST11383,Annual,4051.42,Credit Card,2025-01-07,2026-07-24,Premium Plan
CUST11384,Annual,1514.18,UPI,2024-11-29,,Standard Plan
CUST11385,Monthly,2111.77,Debit Card,2021-01-02,,Basic Plan
CUST11386,Monthly,3727.53,Credit Card,2022-01-20,,Basic Plan
CUST11387,Annual,876.79,Credit Card,2021-09-08,,Standard Plan
CUST11388,Monthly,1946.33,Debit Card,2023-01-31,,Basic Plan
CUST11389,Monthly,3005.87,Debit Card,2022-11-24,2026-07-20,Premium Plan
CUST11390,Annual,2172.81,UPI,2024-12-31,,Basic Plan
CUST11391,Annual,4096.21,Auto Pay,2023-01-10,2026-07-18,Premium Plan
CUST11392,Monthly,4850.28,Credit Card,2023-09-02,2026-08-05,Basic Plan
CUST11393,Monthly,3016.13,Debit Card,2022-03-01,,Basic Plan
CUST11394,Monthly,3936.46,Debit Card,2025-02-27,2026-06-07,Standard Plan
CUST11395,Monthly,1072.42,UPI,2024-06-15,2026-07-30,Basic Plan
CUST11396,Quarterly,4175.87,Credit Card,2021-08-21,,Basic Plan
CUST11397,Monthly,352.2,Auto Pay,2022-03-27,2026-04-19,Standard Plan
CUST11398,Quarterly,4873.68,Auto Pay,2024-11-03,2026-01-16,Basic Plan
CUST11399,Monthly,376.68,Credit Card,2024-12-12,2026-01-04,Standard Plan
CUST11400,Monthly,4002.34,Credit Card,2022-08-10,2026-02-27,Basic Plan
CUST11401,Monthly,893.22,Net Banking,2023-04-02,,Basic Plan
CUST11402,Monthly,2566.71,Auto Pay,2023-06-04,,Basic Plan
CUST11403,Monthly,2016.36,UPI,2024-03-04,,Premium Plan
CUST11404,Monthly,4917.19,Debit Card,2021-03-25,,Basic Plan
CUST11405,Monthly,2307.06,UPI,2025-01-05,,Basic Plan
CUST11406,Monthly,797.99,Debit Card,2023-07-14,,Basic Plan
CUST11407,Quarterly,3098.74,Credit Card,2025-12-22,,Basic Plan
CUST11408,Monthly,3835.26,Auto Pay,2024-07-07,,Premium Plan
CUST11409,Monthly,1348.75,Auto Pay,2023-01-27,2026-06-09,Basic Plan
CUST11410,Quarterly,418.17,UPI,2022-06-10,,Basic Plan
CUST11411,Annual,2744.27,Credit Card,2022-05-13,,Standard Plan
CUST11412,Annual,2518.65,Auto Pay,2023-07-18,,Premium Plan
CUST11413,Annual,328.55,Credit Card,2021-01-17,,Basic Plan
CUST11414,Annual,1006.79,Credit Card,2024-07-20,,Basic Plan
CUST11415,Quarterly,3050.76,Debit Card,2022-10-19,2026-06-29,Standard Plan
CUST11416,Annual,2217.69,Auto Pay,2022-11-24,,Basic Plan
CUST11417,Quarterly,1011.9,Auto Pay,2022-05-06,2026-04-14,Standard Plan
CUST11418,Quarterly,2994.13,Credit Card,2023-04-21,,Premium Plan
CUST11419,Annual,4897.87,Debit Card,2023-08-09,,Basic Plan
CUST11420,Monthly,1281.27,Credit Card,2024-09-11,2026-06-13,Basic Plan
CUST11421,Annual,4083.12,Debit Card,2021-11-18,,Premium Plan
CUST11422,Monthly,2915.93,UPI,2022-09-30,,Standard Plan
CUST11423,Annual,3807.85,Debit Card,2025-02-01,2026-04-19,Basic Plan
CUST11424,Monthly,461.05,Auto Pay,2023-11-05,,Standard Plan
CUST11425,Monthly,4398.15,Auto Pay,2022-01-22,,Basic Plan
CUST11426,Quarterly,4798.6,Debit Card,2025-04-10,2026-07-20,Basic Plan
CUST11427,Annual,4447.95,Credit Card,2025-06-19,,Standard Plan
CUST11428,Monthly,2293.74,Credit Card,2025-12-08,2026-05-05,Standard Plan
CUST11429,Monthly,3052.59,UPI,2025-05-06,2026-04-09,Basic Plan
CUST11430,Annual,1925.52,UPI,2023-08-20,,Premium Plan
CUST11431,Monthly,1415.84,Debit Card,2024-02-07,2026-01-05,Standard Plan
CUST11432,Annual,1515.24,Net Banking,2021-04-03,2026-04-14,Basic Plan
CUST11433,Annual,796.46,Auto Pay,2025-09-07,,Basic Plan
CUST11434,Annual,1002.15,Debit Card,2023-06-09,,Basic Plan
CUST11435,Monthly,4273.82,Net Banking,2022-10-12,,Standard Plan
CUST11436,Quarterly,610.24,Auto Pay,2025-02-08,,Basic Plan
CUST11437,Monthly,2261.29,Credit Card,2025-06-11,,Standard Plan
CUST11438,Monthly,732.95,Auto Pay,2025-01-20,,Basic Plan
CUST11439,Annual,3265.0,Net Banking,2021-02-12,2026-03-11,Basic Plan
CUST11440,Monthly,2011.38,UPI,2024-04-27,,Premium Plan
CUST11441,Annual,4375.11,Debit Card,2024-10-14,,Basic Plan
CUST11442,Monthly,916.24,Debit Card,2025-06-08,,Basic Plan
CUST11443,Quarterly,722.68,Net Banking,2021-09-10,,Standard Plan
CUST11444,Monthly,1844.51,Net Banking,2023-04-27,2026-02-15,Premium Plan
CUST11445,Annual,755.19,Auto Pay,2025-02-05,,Basic Plan
CUST11446,Monthly,2127.4,Net Banking,2023-12-30,,Premium Plan
CUST11447,Annual,3715.37,Credit Card,2025-09-22,,Standard Plan
CUST11448,Monthly,2097.38,Debit Card,2025-12-17,,Basic Plan
CUST11449,Monthly,1948.31,UPI,2022-02-28,,Standard Plan
CUST11450,Annual,2784.8,Auto Pay,2022-08-17,,Basic Plan
CUST11451,Monthly,4192.21,Net Banking,2021-02-23,,Basic Plan
CUST11452,Monthly,4871.38,Debit Card,2024-10-25,2026-06-26,Standard Plan
CUST11453,Annual,441.22,Net Banking,2022-08-05,,Standard Plan
CUST11454,Quarterly,1927.61,Net Banking,2023-06-23,,Basic Plan
CUST11455,Quarterly,1085.62,Credit Card,2022-10-21,,Basic Plan
CUST11456,Quarterly,1711.87,Debit Card,2025-02-18,,Standard Plan
CUST11457,Monthly,3857.8,Auto Pay,2023-08-31,,Basic Plan
CUST11458,Quarterly,4893.77,Debit Card,2022-02-13,,Premium Plan
CUST11459,Annual,2178.35,Net Banking,2023-03-26,,Basic Plan
CUST11460,Quarterly,517.39,Credit Card,2022-09-16,,Premium Plan
CUST11461,Monthly,3831.24,Auto Pay,2025-05-27,,Basic Plan
CUST11462,Annual,3904.95,Debit Card,2023-08-30,,Basic Plan
CUST11463,Annual,4589.8,Debit Card,2025-01-26,,Premium Plan
CUST11464,Monthly,366.88,Net Banking,2024-07-06,,Basic Plan
CUST11465,Monthly,4488.32,UPI,2025-05-26,,Standard Plan
CUST11466,Monthly,2593.94,Credit Card,2021-08-30,,Basic Plan
CUST11467,Annual,2882.99,Net Banking,2025-03-05,,Basic Plan
CUST11468,Annual,597.78,Credit Card,2021-04-05,2026-07-31,Basic Plan
CUST11469,Monthly,1619.73,Debit Card,2025-07-13,,Standard Plan
CUST11470,Monthly,2562.8,Debit Card,2024-07-06,2026-05-17,Standard Plan
CUST11471,Annual,4886.81,Credit Card,2023-02-06,,Standard Plan
CUST11472,Monthly,2957.2,Credit Card,2025-05-13,,Basic Plan
CUST11473,Annual,4937.73,Credit Card,2022-12-31,2026-04-07,Basic Plan
CUST11474,Monthly,4492.24,UPI,2022-04-29,2026-03-31,Standard Plan
CUST11475,Annual,4685.93,Auto Pay,2025-03-17,,Standard Plan
CUST11476,Monthly,3035.04,Credit Card,2025-06-18,,Basic Plan
CUST11477,Monthly,2545.22,UPI,2023-11-01,2026-03-01,Basic Plan
CUST11478,Quarterly,4616.25,Credit Card,2023-03-14,,Standard Plan
CUST11479,Monthly,2678.4,Auto Pay,2023-04-30,,Basic Plan
CUST11480,Annual,422.58,UPI,2023-10-23,,Standard Plan
CUST11481,Annual,4643.11,Net Banking,2025-05-26,,Standard Plan
CUST11482,Annual,865.48,Net Banking,2023-09-12,,Basic Plan
CUST11483,Annual,4788.83,UPI,2024-11-08,,Premium Plan
CUST11484,Monthly,803.66,Credit Card,2022-11-20,2026-01-17,Premium Plan
CUST11485,Monthly,1699.56,UPI,2024-09-07,2026-08-27,Standard Plan
CUST11486,Quarterly,2174.3,UPI,2024-01-04,,Standard Plan
CUST11487,Annual,315.01,Auto Pay,2024-08-24,,Standard Plan
CUST11488,Monthly,2207.75,Net Banking,2023-12-01,,Basic Plan
CUST11489,Monthly,3991.62,Net Banking,2022-01-27,,Standard Plan
CUST11490,Monthly,3633.03,Credit Card,2025-02-04,,Premium Plan
CUST11491,Monthly,3157.31,Net Banking,2024-05-25,2026-01-26,Standard Plan
CUST11492,Monthly,395.63,Credit Card,2025-09-04,2026-03-10,Basic Plan
CUST11493,Monthly,4048.2,UPI,2024-10-01,,Standard Plan
CUST11494,Monthly,1411.74,Net Banking,2024-07-25,,Basic Plan
CUST11495,Quarterly,2197.08,Auto Pay,2024-02-09,,Basic Plan
CUST11496,Monthly,1089.43,Credit Card,2022-08-29,2026-02-17,Basic Plan
CUST11497,Monthly,3715.19,Credit Card,2021-06-04,,Standard Plan
CUST11498,Monthly,2494.67,Credit Card,2021-02-27,2026-05-22,Standard Plan
CUST11499,Quarterly,3559.98,Debit Card,2024-11-01,,Standard Plan
CUST11500,Monthly,3801.59,Auto Pay,2024-02-29,,Standard Plan
CUST11501,Annual,4917.76,Net Banking,2023-01-18,,Basic Plan
CUST11502,Monthly,1342.82,Auto Pay,2025-12-04,,Basic Plan
CUST11503,Monthly,387.12,Debit Card,2022-09-11,2026-07-05,Basic Plan
CUST11504,Monthly,2946.47,Net Banking,2021-09-11,,Basic Plan
CUST11505,Monthly,1673.26,Auto Pay,2022-07-19,,Standard Plan
CUST11506,Annual,3636.01,Auto Pay,2021-07-27,,Standard Plan
CUST11507,Monthly,4489.92,Credit Card,2021-12-13,2026-03-03,Standard Plan
CUST11508,Monthly,3527.58,Net Banking,2024-02-09,2026-02-02,Standard Plan
CUST11509,Annual,4856.37,Credit Card,2021-10-14,2026-08-07,Basic Plan
CUST11510,Monthly,3441.95,Debit Card,2025-05-19,,Premium Plan
CUST11511,Annual,1697.76,Debit Card,2024-06-15,,Standard Plan
CUST11512,Monthly,1685.94,Credit Card,2022-08-29,2026-05-16,Premium Plan
CUST11513,Monthly,965.85,Net Banking,2022-11-07,,Premium Plan
CUST11514,Monthly,2936.06,Debit Card,2023-06-06,,Standard Plan
CUST11515,Monthly,4125.55,Net Banking,2023-10-05,,Basic Plan
CUST11516,Monthly,4730.24,UPI,2021-06-22,2026-01-29,Basic Plan
CUST11517,Quarterly,1795.55,Net Banking,2025-08-14,,Basic Plan
CUST11518,Monthly,4321.71,Credit Card,2022-03-28,,Basic Plan
CUST11519,Monthly,4270.17,Credit Card,2024-12-23,,Basic Plan
CUST11520,Monthly,1603.24,Auto Pay,2022-09-30,2026-04-20,Basic Plan
CUST11521,Monthly,1169.85,Auto Pay,2023-02-11,,Premium Plan
CUST11522,Monthly,2171.53,UPI,2021-01-01,2026-08-23,Basic Plan
CUST11523,Monthly,1065.85,Credit Card,2023-08-24,,Basic Plan
CUST11524,Monthly,1167.49,Debit Card,2022-05-13,2026-04-12,Basic Plan
CUST11525,Monthly,1016.42,Auto Pay,2021-05-03,,Basic Plan
CUST11526,Monthly,692.87,Credit Card,2022-01-04,,Standard Plan
CUST11527,Monthly,4995.82,Auto Pay,2022-02-20,,Basic Plan
CUST11528,Annual,2856.33,UPI,2023-09-26,,Basic Plan
CUST11529,Monthly,1164.38,UPI,2024-02-09,,Standard Plan
CUST11530,Monthly,881.08,Debit Card,2021-11-04,,Basic Plan
CUST11531,Annual,1355.44,UPI,2023-09-26,,Standard Plan
CUST11532,Annual,2146.09,Debit Card,2023-12-31,,Standard Plan
CUST11533,Monthly,759.48,Auto Pay,2021-09-12,2026-04-11,Basic Plan
CUST11534,Quarterly,3197.23,UPI,2024-08-29,,Premium Plan
CUST11535,Annual,4881.4,Auto Pay,2024-07-16,2026-08-07,Basic Plan
CUST11536,Monthly,2599.31,UPI,2022-01-27,2026-02-13,Basic Plan
CUST11537,Monthly,2544.81,UPI,2022-05-10,2026-02-03,Standard Plan
CUST11538,Annual,694.91,Net Banking,2022-04-24,2026-06-07,Basic Plan
CUST11539,Monthly,4991.33,UPI,2025-01-13,,Basic Plan
CUST11540,Quarterly,505.09,Auto Pay,2025-09-23,,Basic Plan
CUST11541,Monthly,1896.96,Net Banking,2024-07-10,,Basic Plan
CUST11542,Monthly,2233.67,Credit Card,2022-07-26,,Standard Plan
CUST11543,Quarterly,2746.24,Credit Card,2023-05-31,,Standard Plan
CUST11544,Quarterly,1656.93,Net Banking,2022-08-21,,Premium Plan
CUST11545,Monthly,1867.61,Auto Pay,2023-02-04,2026-04-01,Premium Plan
CUST11546,Quarterly,4011.88,Auto Pay,2022-01-22,2026-05-09,Standard Plan
CUST11547,Monthly,2614.08,Net Banking,2022-03-31,2026-04-11,Basic Plan
CUST11548,Monthly,3943.91,UPI,2024-07-09,,Basic Plan
CUST11549,Monthly,3670.21,Debit Card,2021-08-25,2026-02-08,Standard Plan
CUST11550,Annual,2682.65,Debit Card,2022-10-29,,Premium Plan
CUST11551,Monthly,3741.45,Credit Card,2025-05-23,,Basic Plan
CUST11552,Monthly,4375.66,Debit Card,2021-04-17,2026-02-04,Basic Plan
CUST11553,Monthly,983.35,UPI,2021-08-28,,Standard Plan
CUST11554,Monthly,2022.18,Debit Card,2023-12-30,,Basic Plan
CUST11555,Monthly,329.97,Net Banking,2025-09-06,,Standard Plan
CUST11556,Monthly,4039.12,Net Banking,2024-10-06,2026-02-22,Standard Plan
CUST11557,Annual,1430.05,Credit Card,2023-04-26,,Basic Plan
CUST11558,Monthly,3183.72,Debit Card,2023-01-13,,Premium Plan
CUST11559,Quarterly,2237.74,Net Banking,2025-08-01,,Standard Plan
CUST11560,Monthly,3555.55,Auto Pay,2025-09-11,2026-04-13,Premium Plan
CUST11561,Annual,2040.22,Debit Card,2022-10-31,,Premium Plan
CUST11562,Monthly,1478.19,Credit Card,2022-03-19,,Basic Plan
CUST11563,Monthly,609.23,Net Banking,2024-07-12,2026-02-02,Basic Plan
CUST11564,Quarterly,2739.77,Auto Pay,2023-07-18,2026-08-29,Standard Plan
CUST11565,Monthly,2643.6,Debit Card,2025-08-04,,Premium Plan
CUST11566,Annual,2104.64,Credit Card,2024-09-03,,Basic Plan
CUST11567,Quarterly,1368.21,Auto Pay,2024-02-09,,Basic Plan
CUST11568,Annual,1549.64,Debit Card,2022-08-22,,Standard Plan
CUST11569,Annual,3454.63,UPI,2023-06-14,,Standard Plan
CUST11570,Quarterly,1923.91,Auto Pay,2025-07-03,,Standard Plan
CUST11571,Annual,438.21,Auto Pay,2025-04-13,,Standard Plan
CUST11572,Monthly,334.57,Net Banking,2022-09-23,2026-08-02,Basic Plan
CUST11573,Monthly,3088.08,Credit Card,2024-10-12,,Standard Plan
CUST11574,Quarterly,2744.33,Debit Card,2021-08-14,,Standard Plan
CUST11575,Annual,2794.48,Credit Card,2023-06-23,,Basic Plan
CUST11576,Monthly,3104.89,Credit Card,2022-08-16,,Premium Plan
CUST11577,Annual,4891.81,Credit Card,2024-05-10,,Basic Plan
CUST11578,Monthly,1682.31,Credit Card,2023-10-08,,Standard Plan
CUST11579,Monthly,4128.32,Credit Card,2022-07-29,2026-08-19,Standard Plan
CUST11580,Quarterly,602.51,Net Banking,2024-11-09,2026-06-25,Standard Plan
CUST11581,Quarterly,4661.34,Auto Pay,2022-09-03,,Standard Plan
CUST11582,Annual,3211.41,Auto Pay,2024-11-14,,Basic Plan
CUST11583,Monthly,1770.31,Auto Pay,2021-11-06,,Basic Plan
CUST11584,Monthly,1521.97,Credit Card,2025-10-31,,Standard Plan
CUST11585,Monthly,351.79,UPI,2021-04-13,,Basic Plan
CUST11586,Annual,1184.98,Credit Card,2023-10-02,,Standard Plan
CUST11587,Quarterly,1418.6,Credit Card,2024-10-22,,Basic Plan
CUST11588,Monthly,1825.06,Net Banking,2024-11-01,,Standard Plan
CUST11589,Annual,1588.44,UPI,2023-05-01,,Standard Plan
CUST11590,Quarterly,3087.27,Auto Pay,2024-01-12,,Standard Plan
CUST11591,Annual,449.8,Auto Pay,2023-10-16,,Standard Plan
CUST11592,Monthly,4564.69,Debit Card,2021-11-04,,Premium Plan
CUST11593,Quarterly,1098.68,Auto Pay,2024-11-30,,Basic Plan
CUST11594,Monthly,1598.88,Auto Pay,2022-02-16,,Basic Plan
CUST11595,Annual,4306.85,Credit Card,2021-12-27,,Standard Plan
CUST11596,Annual,813.48,Credit Card,2023-01-23,,Premium Plan
CUST11597,Annual,3666.75,Auto Pay,2023-09-23,,Basic Plan
CUST11598,Monthly,2002.45,Debit Card,2025-03-19,,Premium Plan
CUST11599,Monthly,2543.88,Debit Card,2022-05-07,,Standard Plan
CUST11600,Monthly,1086.0,Debit Card,2024-09-30,2026-02-27,Basic Plan
CUST11601,Monthly,362.76,Debit Card,2025-11-15,,Standard Plan
CUST11602,Monthly,4736.96,Debit Card,2022-08-18,2026-07-07,Basic Plan
CUST11603,Monthly,4103.44,Net Banking,2022-11-14,2026-05-18,Basic Plan
CUST11604,Monthly,659.96,UPI,2023-09-03,2026-02-21,Basic Plan
CUST11605,Monthly,2032.9,UPI,2024-08-13,,Basic Plan
CUST11606,Quarterly,1970.36,Auto Pay,2024-09-17,,Basic Plan
CUST11607,Monthly,2248.16,Auto Pay,2023-11-05,,Premium Plan
CUST11608,Monthly,3108.72,UPI,2022-05-11,,Basic Plan
CUST11609,Monthly,4609.16,Credit Card,2024-04-27,,Basic Plan
CUST11610,Monthly,3468.09,Net Banking,2024-09-19,2026-05-22,Premium Plan
CUST11611,Quarterly,336.18,UPI,2021-07-09,,Standard Plan
CUST11612,Annual,1767.17,Credit Card,2023-06-25,,Standard Plan
CUST11613,Quarterly,4791.77,Debit Card,2023-05-02,,Basic Plan
CUST11614,Quarterly,2937.11,Auto Pay,2025-11-29,,Basic Plan
CUST11615,Quarterly,1120.12,UPI,2023-04-12,,Standard Plan
CUST11616,Monthly,1022.5,Credit Card,2024-12-18,,Standard Plan
CUST11617,Quarterly,1511.61,Auto Pay,2025-07-26,,Basic Plan
CUST11618,Monthly,2136.5,Net Banking,2023-05-16,,Basic Plan
CUST11619,Monthly,4903.24,UPI,2022-11-09,2026-06-08,Standard Plan
CUST11620,Monthly,1970.21,Auto Pay,2025-09-03,,Basic Plan
CUST11621,Monthly,2270.17,UPI,2022-09-07,,Standard Plan
CUST11622,Quarterly,3059.24,Net Banking,2025-11-10,2026-04-23,Standard Plan
CUST11623,Monthly,3516.0,UPI,2021-01-30,,Standard Plan
CUST11624,Monthly,2454.95,Debit Card,2022-01-17,2026-03-10,Standard Plan
CUST11625,Quarterly,1432.26,Credit Card,2023-05-25,,Standard Plan
CUST11626,Monthly,1964.07,Net Banking,2025-04-15,2026-07-02,Basic Plan
CUST11627,Annual,1714.08,Debit Card,2021-02-24,,Basic Plan
CUST11628,Annual,428.34,Auto Pay,2022-05-25,,Standard Plan
CUST11629,Monthly,2076.57,UPI,2022-07-09,,Basic Plan
CUST11630,Annual,3730.0,Credit Card,2022-01-25,2026-08-02,Basic Plan
CUST11631,Monthly,2934.44,UPI,2021-04-22,,Basic Plan
CUST11632,Quarterly,1789.31,Net Banking,2021-12-30,,Standard Plan
CUST11633,Monthly,851.9,Debit Card,2022-07-04,,Standard Plan
CUST11634,Monthly,398.57,Debit Card,2023-12-22,2026-03-06,Standard Plan
CUST11635,Annual,492.86,Net Banking,2021-11-15,,Premium Plan
CUST11636,Monthly,3710.33,Credit Card,2022-05-23,2026-07-27,Standard Plan
CUST11637,Quarterly,1362.23,Auto Pay,2021-07-14,,Standard Plan
CUST11638,Quarterly,3892.01,Credit Card,2023-08-13,,Standard Plan
CUST11639,Monthly,4975.83,Credit Card,2024-07-12,2026-01-28,Basic Plan
CUST11640,Monthly,2753.09,Debit Card,2022-04-14,2026-07-11,Premium Plan
CUST11641,Monthly,2710.21,Credit Card,2021-08-11,,Basic Plan
CUST11642,Quarterly,4374.66,UPI,2025-05-28,,Basic Plan
CUST11643,Annual,2038.29,Auto Pay,2023-04-26,,Standard Plan
CUST11644,Monthly,655.43,Credit Card,2025-03-16,,Standard Plan
CUST11645,Monthly,4025.19,UPI,2021-08-21,,Standard Plan
CUST11646,Monthly,1582.2,Debit Card,2024-11-10,,Standard Plan
CUST11647,Monthly,3348.23,Credit Card,2025-10-26,2026-04-24,Standard Plan
CUST11648,Annual,4073.17,Debit Card,2023-01-08,,Basic Plan
CUST11649,Monthly,3347.3,Credit Card,2021-12-28,,Standard Plan
CUST11650,Monthly,4188.75,Debit Card,2022-09-02,2026-06-01,Standard Plan
CUST11651,Quarterly,4739.6,UPI,2022-06-09,2026-05-13,Standard Plan
CUST11652,Quarterly,351.53,UPI,2024-05-18,2026-05-01,Standard Plan
CUST11653,Annual,3440.22,UPI,2023-11-09,,Basic Plan
CUST11654,Monthly,3888.62,Debit Card,2025-03-18,2026-06-02,Basic Plan
CUST11655,Annual,2142.41,UPI,2024-10-24,,Basic Plan
CUST11656,Monthly,1423.92,Credit Card,2023-12-19,,Standard Plan
CUST11657,Monthly,1671.9,UPI,2025-08-13,,Basic Plan
CUST11658,Annual,1595.43,Net Banking,2021-02-02,2026-05-28,Standard Plan
CUST11659,Monthly,2278.76,Debit Card,2023-04-16,,Standard Plan
CUST11660,Annual,3829.75,Auto Pay,2024-10-07,,Basic Plan
CUST11661,Monthly,1662.51,Credit Card,2021-09-23,,Standard Plan
CUST11662,Monthly,4425.57,UPI,2024-07-25,,Basic Plan
CUST11663,Quarterly,536.6,Net Banking,2023-04-20,,Basic Plan
CUST11664,Quarterly,2115.97,Debit Card,2024-09-02,,Basic Plan
CUST11665,Quarterly,4168.19,Auto Pay,2023-06-09,,Basic Plan
CUST11666,Quarterly,3248.74,Credit Card,2021-04-14,2026-07-22,Standard Plan
CUST11667,Monthly,382.17,Debit Card,2021-10-11,,Standard Plan
CUST11668,Monthly,2330.27,Net Banking,2023-07-15,2026-01-22,Standard Plan
CUST11669,Monthly,3328.07,Debit Card,2023-04-04,2026-02-01,Basic Plan
CUST11670,Annual,4423.88,Auto Pay,2025-05-08,,Premium Plan
CUST11671,Quarterly,1995.6,UPI,2021-08-24,,Standard Plan
CUST11672,Monthly,3917.25,UPI,2022-08-07,,Standard Plan
CUST11673,Monthly,356.61,Auto Pay,2025-11-24,2026-05-29,Basic Plan
CUST11674,Annual,4809.9,UPI,2022-04-24,,Basic Plan
CUST11675,Monthly,2880.55,Debit Card,2022-02-12,,Standard Plan
CUST11676,Annual,4830.77,Credit Card,2025-04-18,,Basic Plan
CUST11677,Monthly,3195.51,Credit Card,2022-07-17,,Premium Plan
CUST11678,Monthly,2213.77,Net Banking,2023-10-01,,Standard Plan
CUST11679,Monthly,4245.42,Net Banking,2024-11-25,,Standard Plan
CUST11680,Monthly,1401.26,Auto Pay,2024-12-14,2026-01-28,Premium Plan
CUST11681,Annual,2375.8,Credit Card,2024-12-21,,Standard Plan
CUST11682,Monthly,3500.88,Net Banking,2022-08-03,,Basic Plan
CUST11683,Annual,2691.56,Auto Pay,2023-09-22,,Standard Plan
CUST11684,Monthly,2673.3,UPI,2022-07-17,2026-06-10,Standard Plan
CUST11685,Annual,419.0,Debit Card,2025-03-17,,Standard Plan
CUST11686,Annual,2877.33,Debit Card,2024-04-12,,Standard Plan
CUST11687,Annual,2483.58,Auto Pay,2021-08-26,,Standard Plan
CUST11688,Annual,1146.05,Auto Pay,2021-06-28,,Basic Plan
CUST11689,Quarterly,1276.39,Credit Card,2021-08-24,,Standard Plan
CUST11690,Monthly,3643.35,Debit Card,2023-02-05,2026-04-22,Basic Plan
CUST11691,Annual,1658.58,Net Banking,2021-05-25,,Basic Plan
CUST11692,Monthly,4550.89,Debit Card,2024-10-17,2026-05-19,Standard Plan
CUST11693,Monthly,1862.88,Auto Pay,2025-11-05,,Standard Plan
CUST11694,Monthly,916.73,Credit Card,2025-03-27,,Standard Plan
CUST11695,Monthly,987.49,Auto Pay,2025-03-11,,Standard Plan
CUST11696,Annual,3229.14,Debit Card,2021-09-12,,Standard Plan
CUST11697,Monthly,588.42,UPI,2022-02-05,,Premium Plan
CUST11698,Monthly,3185.64,Debit Card,2021-11-27,2026-07-19,Premium Plan
CUST11699,Monthly,2448.71,Debit Card,2022-07-23,,Basic Plan
CUST11700,Monthly,2983.72,Auto Pay,2024-05-02,,Standard Plan
CUST11701,Annual,3702.43,Debit Card,2024-01-26,,Basic Plan
CUST11702,Monthly,4518.42,Credit Card,2022-11-14,,Basic Plan
CUST11703,Quarterly,862.81,Debit Card,2022-03-01,,Basic Plan
CUST11704,Monthly,2932.03,Credit Card,2024-01-30,,Basic Plan
CUST11705,Quarterly,1285.52,UPI,2022-12-15,,Basic Plan
CUST11706,Monthly,801.26,UPI,2023-01-23,2026-07-10,Basic Plan
CUST11707,Monthly,839.27,UPI,2024-06-05,,Premium Plan
CUST11708,Annual,2794.52,Debit Card,2021-01-30,,Standard Plan
CUST11709,Quarterly,2710.59,Auto Pay,2025-06-04,,Basic Plan
CUST11710,Quarterly,4392.19,Auto Pay,2024-11-22,2026-03-30,Standard Plan
CUST11711,Monthly,4684.87,Net Banking,2023-11-09,,Basic Plan
CUST11712,Monthly,4773.32,Net Banking,2022-12-06,,Premium Plan
CUST11713,Annual,455.3,Credit Card,2024-01-11,,Premium Plan
CUST11714,Quarterly,4091.38,Credit Card,2023-11-23,,Standard Plan
CUST11715,Annual,1261.67,Debit Card,2023-11-22,,Standard Plan
CUST11716,Monthly,2846.18,Auto Pay,2025-06-26,,Standard Plan
CUST11717,Monthly,3789.93,Auto Pay,2023-04-22,,Basic Plan
CUST11718,Annual,3896.58,Net Banking,2025-12-24,2026-07-20,Basic Plan
CUST11719,Monthly,1529.16,Credit Card,2022-08-09,2026-01-28,Standard Plan
CUST11720,Monthly,4923.09,Net Banking,2024-09-14,2026-02-12,Basic Plan
CUST11721,Monthly,4949.16,Debit Card,2021-07-28,,Basic Plan
CUST11722,Monthly,1999.15,Auto Pay,2021-06-26,,Basic Plan
CUST11723,Monthly,2643.59,UPI,2025-01-20,2026-01-13,Basic Plan
CUST11724,Monthly,3998.06,Debit Card,2024-11-24,,Standard Plan
CUST11725,Quarterly,3256.68,UPI,2023-09-01,,Basic Plan
CUST11726,Monthly,1667.31,UPI,2024-10-27,,Basic Plan
CUST11727,Quarterly,3812.36,UPI,2025-08-16,2026-01-31,Standard Plan
CUST11728,Monthly,2369.1,Net Banking,2023-12-30,2026-01-25,Premium Plan
CUST11729,Monthly,489.84,Debit Card,2024-12-13,,Standard Plan
CUST11730,Monthly,1973.71,Auto Pay,2023-10-15,2026-01-17,Standard Plan
CUST11731,Monthly,451.06,Debit Card,2025-12-27,2026-04-09,Basic Plan
CUST11732,Monthly,1152.24,Auto Pay,2021-06-14,,Premium Plan
CUST11733,Annual,2647.55,Auto Pay,2021-04-28,,Standard Plan
CUST11734,Quarterly,1503.1,Credit Card,2025-04-11,2026-06-13,Basic Plan
CUST11735,Quarterly,1464.45,Net Banking,2024-07-18,,Standard Plan
CUST11736,Monthly,3363.77,UPI,2022-11-21,,Premium Plan
CUST11737,Monthly,2331.01,Credit Card,2024-07-14,,Standard Plan
CUST11738,Monthly,1430.42,UPI,2025-07-17,,Standard Plan
CUST11739,Monthly,1680.67,Auto Pay,2024-10-10,2026-03-03,Standard Plan
CUST11740,Annual,1721.39,Debit Card,2024-06-11,,Basic Plan
CUST11741,Annual,1405.18,Net Banking,2025-04-19,,Standard Plan
CUST11742,Monthly,3637.04,Net Banking,2022-02-03,2026-02-24,Basic Plan
CUST11743,Monthly,4964.22,Credit Card,2023-05-13,2026-05-18,Basic Plan
CUST11744,Annual,3383.56,Credit Card,2024-05-23,,Basic Plan
CUST11745,Quarterly,1638.36,Credit Card,2022-10-25,,Standard Plan
CUST11746,Annual,4598.81,Auto Pay,2021-03-13,2026-01-28,Basic Plan
CUST11747,Quarterly,2223.85,Net Banking,2022-02-23,2026-07-17,Basic Plan
CUST11748,Monthly,3033.11,Net Banking,2024-08-06,,Basic Plan
CUST11749,Quarterly,1942.8,Auto Pay,2021-11-04,,Basic Plan
CUST11750,Monthly,3490.91,Auto Pay,2021-12-03,,Basic Plan
CUST11751,Annual,4454.34,Auto Pay,2025-09-19,,Basic Plan
CUST11752,Monthly,563.82,Credit Card,2022-01-12,2026-02-11,Standard Plan
CUST11753,Monthly,2134.12,Net Banking,2025-10-17,,Premium Plan
CUST11754,Annual,2697.49,Auto Pay,2021-09-09,2026-04-13,Standard Plan
CUST11755,Annual,3851.03,Auto Pay,2024-06-02,,Basic Plan
CUST11756,Annual,4324.62,Debit Card,2021-09-27,,Standard Plan
CUST11757,Monthly,4553.84,Debit Card,2022-08-16,,Standard Plan
CUST11758,Quarterly,4011.57,Debit Card,2021-01-06,,Basic Plan
CUST11759,Quarterly,4153.19,Net Banking,2025-12-28,,Basic Plan
CUST11760,Monthly,3419.81,Credit Card,2023-01-17,,Standard Plan
CUST11761,Quarterly,4750.18,Auto Pay,2022-09-12,,Premium Plan
CUST11762,Annual,1613.34,UPI,2023-09-10,2026-05-26,Standard Plan
CUST11763,Monthly,4321.18,Credit Card,2025-12-05,,Basic Plan
CUST11764,Monthly,3674.7,Debit Card,2023-09-03,,Basic Plan
CUST11765,Annual,670.28,UPI,2025-02-18,,Standard Plan
CUST11766,Monthly,2005.22,UPI,2025-09-15,2026-06-17,Standard Plan
CUST11767,Annual,2401.08,UPI,2021-12-23,,Basic Plan
CUST11768,Annual,3266.24,UPI,2021-01-18,,Premium Plan
CUST11769,Monthly,3652.6,Net Banking,2021-04-04,,Standard Plan
CUST11770,Monthly,4317.62,Credit Card,2022-02-13,,Standard Plan
CUST11771,Monthly,1759.22,Credit Card,2022-07-12,,Standard Plan
CUST11772,Quarterly,453.54,Debit Card,2023-05-31,,Basic Plan
CUST11773,Monthly,1297.27,Credit Card,2021-06-15,,Standard Plan
CUST11774,Monthly,3055.53,Auto Pay,2021-03-06,2026-05-15,Basic Plan
CUST11775,Monthly,1125.07,Credit Card,2024-09-03,,Basic Plan
CUST11776,Quarterly,831.44,Auto Pay,2021-09-17,,Standard Plan
CUST11777,Monthly,914.61,Credit Card,2025-03-09,,Standard Plan
CUST11778,Quarterly,4630.52,Credit Card,2024-04-13,,Standard Plan
CUST11779,Annual,375.75,Credit Card,2021-07-22,2026-08-11,Premium Plan
CUST11780,Annual,389.13,UPI,2022-06-01,,Standard Plan
CUST11781,Monthly,4363.26,Auto Pay,2023-02-23,,Premium Plan
CUST11782,Quarterly,3085.09,Net Banking,2023-01-30,,Premium Plan
CUST11783,Monthly,1705.78,Debit Card,2023-08-22,2026-06-14,Basic Plan
CUST11784,Monthly,1266.3,UPI,2022-08-26,2026-03-07,Premium Plan
CUST11785,Monthly,634.07,Net Banking,2025-07-23,2026-05-03,Basic Plan
CUST11786,Monthly,790.53,Credit Card,2024-10-08,2026-06-11,Basic Plan
CUST11787,Monthly,1392.56,Auto Pay,2021-09-13,2026-05-25,Premium Plan
CUST11788,Annual,2443.91,Credit Card,2022-09-12,,Basic Plan
CUST11789,Annual,1591.49,Net Banking,2023-07-28,,Basic Plan
CUST11790,Monthly,1596.24,Auto Pay,2021-03-01,,Standard Plan
CUST11791,Quarterly,2027.29,Credit Card,2021-05-23,,Standard Plan
CUST11792,Annual,2274.37,UPI,2025-08-08,,Standard Plan
CUST11793,Quarterly,520.36,Debit Card,2021-03-18,,Standard Plan
CUST11794,Quarterly,893.39,Net Banking,2025-08-16,2026-06-12,Standard Plan
CUST11795,Annual,990.51,Auto Pay,2021-11-15,,Standard Plan
CUST11796,Annual,2255.66,Net Banking,2022-06-11,,Basic Plan
CUST11797,Monthly,2935.19,Auto Pay,2021-05-19,,Basic Plan
CUST11798,Monthly,2676.59,Net Banking,2024-06-14,2026-06-26,Standard Plan
CUST11799,Monthly,1212.03,Debit Card,2021-10-07,,Premium Plan
CUST11800,Annual,1137.99,Credit Card,2022-03-22,2026-01-18,Premium Plan
CUST11801,Annual,4859.79,Auto Pay,2022-11-09,,Standard Plan
CUST11802,Monthly,2427.78,UPI,2021-07-26,2026-07-13,Basic Plan
CUST11803,Monthly,3239.6,Auto Pay,2023-10-26,2026-03-26,Basic Plan
CUST11804,Annual,4803.4,Debit Card,2022-02-17,2026-01-31,Basic Plan
CUST11805,Monthly,2458.18,Auto Pay,2023-10-19,,Basic Plan
CUST11806,Monthly,456.02,Auto Pay,2025-12-06,,Standard Plan
CUST11807,Annual,4356.85,Credit Card,2023-03-25,,Standard Plan
CUST11808,Monthly,3890.24,Net Banking,2023-05-26,,Standard Plan
CUST11809,Annual,2273.24,Credit Card,2023-08-25,,Basic Plan
CUST11810,Annual,4501.59,UPI,2022-02-17,2026-07-29,Premium Plan
CUST11811,Monthly,1484.23,Auto Pay,2021-01-25,2026-03-18,Basic Plan
CUST11812,Quarterly,4302.62,Auto Pay,2022-06-13,,Basic Plan
CUST11813,Monthly,4251.18,Credit Card,2023-01-22,2026-04-25,Basic Plan
CUST11814,Monthly,4611.29,Debit Card,2022-03-16,2026-06-06,Standard Plan
CUST11815,Annual,2638.66,Credit Card,2021-07-01,,Standard Plan
CUST11816,Annual,2583.14,Credit Card,2021-12-03,,Standard Plan
CUST11817,Monthly,3700.54,Credit Card,2021-03-15,2026-06-07,Standard Plan
CUST11818,Annual,2144.76,UPI,2023-07-01,,Basic Plan
CUST11819,Monthly,3571.73,Auto Pay,2022-09-09,,Basic Plan
CUST11820,Annual,2608.51,UPI,2021-05-19,,Standard Plan
CUST11821,Monthly,590.13,Credit Card,2021-07-06,2026-08-17,Standard Plan
CUST11822,Monthly,1586.66,Net Banking,2021-10-09,2026-04-10,Basic Plan
CUST11823,Monthly,2694.6,Auto Pay,2022-12-06,,Premium Plan
CUST11824,Quarterly,1117.55,UPI,2023-08-16,,Basic Plan
CUST11825,Quarterly,3816.02,Debit Card,2021-09-26,,Standard Plan
CUST11826,Monthly,3081.45,Credit Card,2024-09-04,2026-02-15,Standard Plan
CUST11827,Annual,3826.11,Debit Card,2021-02-27,,Standard Plan
CUST11828,Monthly,1132.26,Net Banking,2025-07-24,2026-07-25,Basic Plan
CUST11829,Monthly,480.79,Debit Card,2025-10-15,2026-03-21,Standard Plan
CUST11830,Monthly,3238.82,Auto Pay,2022-12-12,,Basic Plan
CUST11831,Annual,3178.93,Net Banking,2024-12-26,,Standard Plan
CUST11832,Quarterly,4869.77,Credit Card,2023-02-09,,Standard Plan
CUST11833,Monthly,1176.02,Credit Card,2023-01-06,2026-01-25,Basic Plan
CUST11834,Annual,3714.86,Net Banking,2021-04-19,2026-05-12,Basic Plan
CUST11835,Annual,3129.4,Net Banking,2023-11-09,,Basic Plan
CUST11836,Annual,4718.04,Net Banking,2025-12-07,,Basic Plan
CUST11837,Monthly,2527.37,UPI,2023-12-16,2026-08-20,Standard Plan
CUST11838,Monthly,4387.06,UPI,2025-11-22,,Premium Plan
CUST11839,Quarterly,3057.35,UPI,2025-03-03,2026-05-02,Standard Plan
CUST11840,Monthly,1578.6,Credit Card,2025-08-11,,Basic Plan
CUST11841,Quarterly,4863.65,Debit Card,2025-03-23,,Standard Plan
CUST11842,Monthly,1563.16,Credit Card,2025-09-05,,Basic Plan
CUST11843,Monthly,3609.52,UPI,2024-02-04,,Standard Plan
CUST11844,Monthly,4794.55,Debit Card,2025-01-06,2026-04-22,Basic Plan
CUST11845,Annual,3975.35,Net Banking,2023-05-04,,Basic Plan
CUST11846,Quarterly,3932.26,Net Banking,2021-10-22,,Standard Plan
CUST11847,Monthly,540.08,Credit Card,2023-11-24,2026-04-27,Basic Plan
CUST11848,Monthly,2587.4,UPI,2023-01-29,,Standard Plan
CUST11849,Monthly,4949.45,UPI,2025-01-24,,Standard Plan
CUST11850,Quarterly,3535.31,Auto Pay,2025-11-15,2026-08-07,Basic Plan
CUST11851,Annual,4263.96,Debit Card,2023-06-17,,Basic Plan
CUST11852,Monthly,753.17,UPI,2024-10-05,2026-03-15,Standard Plan
CUST11853,Annual,353.06,Debit Card,2025-02-21,,Basic Plan
CUST11854,Annual,486.14,Net Banking,2025-05-04,,Basic Plan
CUST11855,Quarterly,4057.44,Credit Card,2024-08-28,,Basic Plan
CUST11856,Monthly,2839.16,Auto Pay,2022-03-13,,Standard Plan
CUST11857,Monthly,2670.24,Debit Card,2023-05-02,,Standard Plan
CUST11858,Quarterly,2402.22,Auto Pay,2025-08-18,,Basic Plan
CUST11859,Monthly,781.89,Credit Card,2024-04-13,,Standard Plan
CUST11860,Annual,3616.66,Auto Pay,2023-01-13,,Premium Plan
CUST11861,Quarterly,4575.53,Debit Card,2024-04-24,2026-01-05,Basic Plan
CUST11862,Monthly,4289.49,UPI,2022-04-17,2026-03-27,Premium Plan
CUST11863,Monthly,4758.48,Net Banking,2024-05-27,,Standard Plan
CUST11864,Annual,1450.88,Auto Pay,2024-03-23,,Basic Plan
CUST11865,Annual,1176.01,Net Banking,2025-08-21,,Standard Plan
CUST11866,Monthly,3461.29,Auto Pay,2021-01-28,,Premium Plan
CUST11867,Monthly,2858.16,Debit Card,2023-07-24,,Basic Plan
CUST11868,Monthly,3403.58,Net Banking,2025-11-09,,Basic Plan
CUST11869,Quarterly,644.75,Credit Card,2024-10-04,,Standard Plan
CUST11870,Monthly,1098.9,Credit Card,2023-08-15,,Premium Plan
CUST11871,Monthly,3536.64,Net Banking,2023-07-22,,Basic Plan
CUST11872,Monthly,4269.9,Net Banking,2024-01-21,2026-06-29,Basic Plan
CUST11873,Monthly,1118.76,Credit Card,2025-02-06,2026-01-24,Standard Plan
CUST11874,Quarterly,4981.54,Debit Card,2024-08-24,,Standard Plan
CUST11875,Monthly,1904.91,Auto Pay,2024-11-07,,Standard Plan
CUST11876,Monthly,383.29,Debit Card,2025-04-08,,Basic Plan
CUST11877,Monthly,1523.54,Net Banking,2022-11-28,2026-07-27,Standard Plan
CUST11878,Annual,3634.35,Debit Card,2021-10-04,,Basic Plan
CUST11879,Quarterly,1825.66,Net Banking,2025-11-18,,Basic Plan
CUST11880,Quarterly,3286.13,Debit Card,2024-12-04,,Standard Plan
CUST11881,Annual,4045.56,Auto Pay,2022-12-29,,Standard Plan
CUST11882,Monthly,775.17,Debit Card,2024-01-11,2026-07-18,Standard Plan
CUST11883,Annual,4322.1,UPI,2023-04-28,,Basic Plan
CUST11884,Monthly,1334.84,Auto Pay,2024-09-13,2026-06-18,Premium Plan
CUST11885,Monthly,1477.24,Auto Pay,2025-09-11,,Basic Plan
CUST11886,Annual,1852.38,Debit Card,2023-08-08,,Basic Plan
CUST11887,Annual,1944.94,Net Banking,2021-01-07,,Standard Plan
CUST11888,Monthly,1292.32,UPI,2022-09-16,2026-07-11,Basic Plan
CUST11889,Monthly,4299.88,UPI,2023-11-09,2026-03-18,Standard Plan
CUST11890,Annual,583.69,UPI,2024-01-09,,Premium Plan
CUST11891,Monthly,820.93,UPI,2022-06-19,,Basic Plan
CUST11892,Monthly,402.64,UPI,2022-03-07,,Basic Plan
CUST11893,Annual,2747.3,Credit Card,2023-02-05,,Premium Plan
CUST11894,Monthly,4529.73,Debit Card,2023-03-15,,Basic Plan
CUST11895,Monthly,982.09,Credit Card,2021-03-13,2026-03-10,Basic Plan
CUST11896,Monthly,3773.73,Net Banking,2023-09-08,2026-07-03,Standard Plan
CUST11897,Annual,1547.63,Debit Card,2024-04-06,2026-07-25,Standard Plan
CUST11898,Monthly,1076.63,Credit Card,2023-03-08,2026-08-02,Premium Plan
CUST11899,Monthly,983.33,Credit Card,2021-02-05,,Standard Plan
CUST11900,Monthly,1469.25,Debit Card,2022-02-19,2026-02-22,Standard Plan
CUST11901,Monthly,327.74,UPI,2023-10-15,2026-08-09,Basic Plan
CUST11902,Monthly,3886.05,Auto Pay,2021-09-12,2026-01-29,Standard Plan
CUST11903,Monthly,2544.73,UPI,2022-07-15,,Basic Plan
CUST11904,Monthly,880.26,Debit Card,2022-06-12,,Standard Plan
CUST11905,Annual,2729.39,Auto Pay,2024-08-06,,Standard Plan
CUST11906,Monthly,3412.51,Credit Card,2021-11-19,2026-05-14,Standard Plan
CUST11907,Monthly,4182.08,Net Banking,2025-01-13,2026-03-31,Standard Plan
CUST11908,Annual,3075.89,Net Banking,2021-01-03,,Basic Plan
CUST11909,Quarterly,4058.4,UPI,2022-01-29,,Basic Plan
CUST11910,Monthly,2946.96,UPI,2024-07-25,,Premium Plan
CUST11911,Quarterly,471.46,UPI,2021-10-15,,Standard Plan
CUST11912,Monthly,327.51,UPI,2023-07-16,2026-05-31,Standard Plan
CUST11913,Quarterly,320.2,UPI,2025-04-17,,Standard Plan
CUST11914,Annual,2850.08,Auto Pay,2021-04-16,,Premium Plan
CUST11915,Monthly,853.2,Net Banking,2025-04-17,,Standard Plan
CUST11916,Monthly,2268.51,Net Banking,2023-04-12,,Basic Plan
CUST11917,Monthly,2685.28,Credit Card,2021-02-02,,Basic Plan
CUST11918,Annual,1379.83,Auto Pay,2021-12-06,,Premium Plan
CUST11919,Monthly,4651.17,UPI,2021-10-15,2026-04-08,Basic Plan
CUST11920,Quarterly,338.45,Auto Pay,2022-11-30,2026-01-08,Premium Plan
CUST11921,Monthly,4031.42,UPI,2022-07-16,2026-05-02,Basic Plan
CUST11922,Quarterly,365.58,UPI,2025-08-20,,Basic Plan
CUST11923,Monthly,3689.51,Debit Card,2024-07-31,,Standard Plan
CUST11924,Annual,538.52,Credit Card,2023-05-21,,Basic Plan
CUST11925,Annual,2945.03,Credit Card,2025-09-08,,Basic Plan
CUST11926,Monthly,4084.77,Net Banking,2023-01-30,2026-07-22,Basic Plan
CUST11927,Annual,2678.33,Net Banking,2021-04-25,,Standard Plan
CUST11928,Monthly,3507.41,Debit Card,2024-04-26,2026-07-24,Standard Plan
CUST11929,Monthly,1841.84,Debit Card,2022-07-18,2026-08-18,Basic Plan
CUST11930,Annual,1616.52,Credit Card,2025-10-05,,Standard Plan
CUST11931,Monthly,1802.56,Auto Pay,2024-07-25,,Standard Plan
CUST11932,Annual,1582.36,UPI,2021-12-18,,Basic Plan
CUST11933,Monthly,3819.76,UPI,2023-12-11,2026-06-29,Basic Plan
CUST11934,Monthly,2521.25,Debit Card,2022-05-26,,Standard Plan
CUST11935,Monthly,1374.87,Credit Card,2023-05-14,,Standard Plan
CUST11936,Quarterly,3331.41,Net Banking,2023-12-20,,Basic Plan
CUST11937,Annual,2818.99,Net Banking,2024-01-05,,Standard Plan
CUST11938,Annual,2728.89,UPI,2021-07-10,,Standard Plan
CUST11939,Annual,3118.06,Debit Card,2022-09-05,,Basic Plan
CUST11940,Monthly,3674.65,Auto Pay,2023-02-15,,Standard Plan
CUST11941,Monthly,3564.05,Net Banking,2022-12-06,,Standard Plan
CUST11942,Monthly,1834.19,Debit Card,2022-10-27,2026-06-29,Basic Plan
CUST11943,Monthly,4394.07,UPI,2022-05-12,2026-04-04,Premium Plan
CUST11944,Annual,3884.05,Debit Card,2021-02-23,,Premium Plan
CUST11945,Monthly,3115.84,Debit Card,2022-11-30,,Basic Plan
CUST11946,Quarterly,1227.26,Net Banking,2023-10-15,2026-04-17,Basic Plan
CUST11947,Monthly,400.0,Debit Card,2022-05-27,,Basic Plan
CUST11948,Monthly,3929.5,Debit Card,2022-05-04,2026-04-28,Standard Plan
CUST11949,Quarterly,1616.88,Credit Card,2022-07-28,,Standard Plan
CUST11950,Monthly,2610.16,Credit Card,2025-05-31,,Premium Plan
CUST11951,Quarterly,1885.77,Debit Card,2023-12-10,,Standard Plan
CUST11952,Annual,1178.25,UPI,2023-02-25,,Premium Plan
CUST11953,Monthly,2325.28,UPI,2023-07-04,,Standard Plan
CUST11954,Quarterly,4431.36,Net Banking,2023-11-20,,Premium Plan
CUST11955,Monthly,1178.74,Credit Card,2023-01-19,,Standard Plan
CUST11956,Annual,970.48,Credit Card,2025-07-31,,Basic Plan
CUST11957,Quarterly,4753.82,UPI,2025-08-28,,Standard Plan
CUST11958,Monthly,3079.08,Net Banking,2024-03-03,,Standard Plan
CUST11959,Monthly,4490.73,Debit Card,2021-09-19,,Standard Plan
CUST11960,Monthly,1564.69,Auto Pay,2024-09-08,,Basic Plan
CUST11961,Monthly,4924.13,UPI,2024-09-11,,Basic Plan
CUST11962,Monthly,1176.9,Credit Card,2025-12-13,,Basic Plan
CUST11963,Annual,682.55,Auto Pay,2021-09-15,,Standard Plan
CUST11964,Monthly,3197.71,Debit Card,2021-04-17,,Standard Plan
CUST11965,Monthly,4218.49,Auto Pay,2021-04-25,2026-01-17,Premium Plan
CUST11966,Monthly,649.2,Debit Card,2021-05-30,,Basic Plan
CUST11967,Monthly,3148.9,UPI,2024-08-30,,Standard Plan
CUST11968,Monthly,3645.04,Auto Pay,2022-05-20,2026-07-04,Basic Plan
CUST11969,Monthly,2039.47,Debit Card,2022-02-18,,Basic Plan
CUST11970,Annual,1337.24,Auto Pay,2023-08-22,,Basic Plan
CUST11971,Monthly,3941.18,Net Banking,2022-07-20,2026-02-23,Standard Plan
CUST11972,Annual,1345.64,Auto Pay,2023-10-14,,Basic Plan
CUST11973,Quarterly,2871.61,Net Banking,2021-02-05,,Premium Plan
CUST11974,Monthly,1202.95,Net Banking,2023-11-01,,Standard Plan
CUST11975,Monthly,1685.47,Credit Card,2021-09-11,,Premium Plan
CUST11976,Monthly,2165.65,Auto Pay,2023-03-16,,Basic Plan
CUST11977,Annual,4725.65,UPI,2022-08-02,,Standard Plan
CUST11978,Annual,2329.82,Debit Card,2022-03-02,,Basic Plan
CUST11979,Quarterly,965.03,Auto Pay,2021-12-15,,Standard Plan
CUST11980,Annual,936.71,Credit Card,2023-11-07,,Standard Plan
CUST11981,Quarterly,2505.5,Debit Card,2021-11-21,,Basic Plan
CUST11982,Monthly,4176.27,Net Banking,2022-06-22,2026-01-19,Premium Plan
CUST11983,Annual,1204.3,Debit Card,2021-07-31,,Standard Plan
CUST11984,Annual,3615.0,UPI,2023-09-24,,Basic Plan
CUST11985,Monthly,3422.78,UPI,2025-09-22,,Standard Plan
CUST11986,Annual,2534.77,UPI,2021-05-03,2026-07-20,Premium Plan
CUST11987,Quarterly,4615.31,Credit Card,2024-03-01,,Premium Plan
CUST11988,Monthly,2189.16,Debit Card,2024-07-13,,Standard Plan
CUST11989,Monthly,1052.13,UPI,2022-05-06,,Standard Plan
CUST11990,Annual,3190.61,Auto Pay,2022-09-20,2026-07-23,Standard Plan
CUST11991,Monthly,1712.79,UPI,2023-06-29,,Premium Plan
CUST11992,Monthly,3835.29,Auto Pay,2021-01-29,,Premium Plan
CUST11993,Monthly,2764.59,Debit Card,2024-08-29,,Premium Plan
CUST11994,Annual,4120.81,Debit Card,2023-08-09,,Standard Plan
CUST11995,Monthly,4969.43,Auto Pay,2023-03-22,,Standard Plan
CUST11996,Annual,2693.3,Auto Pay,2021-03-29,,Standard Plan
CUST11997,Annual,442.22,UPI,2021-11-30,,Premium Plan
CUST11998,Annual,3066.98,Net Banking,2025-11-16,,Premium Plan
CUST11999,Annual,4437.88,Credit Card,2025-08-30,,Basic Plan
CUST12000,Monthly,2950.66,Credit Card,2022-10-04,2026-06-08,Premium Plan
